COOPERATIVA,MES#,AÑO,SOLVENCIA,RANGO SOLVENCIA,MOROSIDAD,RANGO MOROSIDAD,COBERTURA MORA,RANGO COBERTURA MORA,LIQUIDEZ,RANGO LIQUIDEZ,ROA,RANGO ROA,ROE,RANGO ROE,AUTOSUFICIENCIA,RANGO AUTOSUFICIENCIA
15 DE SEPTIEMBRE,1,2019,0.0,E,29.93,E,0.0,E,,,0.38,D,,,144.38,A
15 DE SEPTIEMBRE,2,2019,0.0,E,34.32,E,0.0,E,,,0.66,A,,,135.82,B
15 DE SEPTIEMBRE,3,2019,0.0,E,34.36,E,0.0,E,,,0.88,A,,,131.13,B
15 DE SEPTIEMBRE,4,2019,0.0,E,35.68,E,0.0,E,,,1.19,A,,,131.24,B
15 DE SEPTIEMBRE,5,2019,0.0,E,6.5,C,0.0,E,,,1.26,A,,,127.76,B
15 DE SEPTIEMBRE,7,2019,0.0,E,8.85,D,0.0,E,,,2.04,A,,,131.23,B
15 DE SEPTIEMBRE,8,2019,0.0,E,9.29,D,0.0,E,,,2.42,A,,,132.44,B
15 DE SEPTIEMBRE,9,2019,0.0,E,9.46,D,0.0,E,,,2.73,A,,,132.78,B
15 DE SEPTIEMBRE,10,2019,0.0,E,9.81,D,0.0,E,,,3.03,A,,,132.56,B
15 DE SEPTIEMBRE,11,2019,0.0,E,9.14,D,0.0,E,,,3.11,A,,,130.86,B
15 DE SEPTIEMBRE,12,2019,0.0,E,8.05,D,0.0,E,,,3.09,A,,,126.89,B
15 DE SEPTIEMBRE,1,2020,0.0,E,12.22,E,0.0,E,,,0.12,E,,,116.8,B
15 DE SEPTIEMBRE,2,2020,0.0,E,9.14,D,0.0,E,,,0.31,D,,,114.99,B
15 DE SEPTIEMBRE,3,2020,0.0,E,9.14,D,0.0,E,,,0.75,A,,,126.39,B
15 DE SEPTIEMBRE,5,2020,0.0,E,6.5,C,0.0,E,,,1.26,A,,,127.76,B
15 DE SEPTIEMBRE,6,2020,0.0,E,6.5,C,0.0,E,,,1.26,A,,,127.76,B
15 DE SEPTIEMBRE,7,2020,0.0,E,8.75,D,0.0,E,,,1.62,A,,,126.14,B
15 DE SEPTIEMBRE,8,2020,0.0,E,12.3,E,0.0,E,,,1.97,A,,,128.04,B
15 DE SEPTIEMBRE,9,2020,0.0,E,15.47,E,0.0,E,,,2.24,A,,,128.6,B
15 DE SEPTIEMBRE,10,2020,0.0,E,15.69,E,0.0,E,,,2.44,A,,,128.24,B
15 DE SEPTIEMBRE,12,2020,0.0,E,10.6,E,0.0,E,,,2.58,A,,,124.5,B
15 DE SEPTIEMBRE,1,2021,0.0,E,11.55,E,0.0,E,,,0.38,D,,,148.34,A
15 DE SEPTIEMBRE,2,2021,0.0,E,10.9,E,0.0,E,,,0.76,A,,,146.33,A
15 DE SEPTIEMBRE,3,2021,0.0,E,8.2,D,0.0,E,,,1.09,A,,,143.29,A
15 DE SEPTIEMBRE,4,2021,0.0,E,8.53,D,0.0,E,,,1.33,A,,,139.59,B
15 DE SEPTIEMBRE,5,2021,0.0,E,8.0,D,0.0,E,,,1.74,A,,,142.7,B
15 DE SEPTIEMBRE,6,2021,0.0,E,7.94,D,0.0,E,,,2.03,A,,,141.91,B
15 DE SEPTIEMBRE,7,2021,0.0,E,8.8,D,0.0,E,,,2.18,A,,,137.59,B
15 DE SEPTIEMBRE,8,2021,0.0,E,10.23,E,0.0,E,,,2.22,A,,,133.18,B
15 DE SEPTIEMBRE,9,2021,0.0,E,9.65,D,0.0,E,,,2.38,A,,,131.63,B
15 DE SEPTIEMBRE,10,2021,0.0,E,8.83,D,0.0,E,,,2.63,A,,,131.74,B
15 DE SEPTIEMBRE,11,2021,0.0,E,8.71,D,0.0,E,,,3.13,A,,,134.97,B
15 DE SEPTIEMBRE,12,2021,0.0,E,8.42,D,0.0,E,,,3.22,A,,,132.02,B
15 DE SEPTIEMBRE,1,2022,0.0,E,8.16,D,0.0,E,,,0.27,E,,,131.64,B
15 DE SEPTIEMBRE,2,2022,0.0,E,8.04,D,0.0,E,,,0.41,D,,,121.91,B
15 DE SEPTIEMBRE,3,2022,0.0,E,6.3,C,0.0,E,,,0.51,B,,,117.49,B
15 DE SEPTIEMBRE,4,2022,0.0,E,6.53,C,0.0,E,,,0.71,A,,,118.83,B
15 DE SEPTIEMBRE,5,2022,0.0,E,5.73,C,0.0,E,,,0.84,A,,,118.42,B
15 DE SEPTIEMBRE,6,2022,0.0,E,5.99,C,0.0,E,,,1.07,A,,,119.91,B
15 DE SEPTIEMBRE,7,2022,0.0,E,5.25,C,0.0,E,,,1.25,A,,,120.03,B
15 DE SEPTIEMBRE,8,2022,0.0,E,5.17,C,0.0,E,,,1.64,A,,,123.67,B
15 DE SEPTIEMBRE,9,2022,0.0,E,6.52,C,0.0,E,,,2.11,A,,,127.52,B
15 DE SEPTIEMBRE,10,2022,0.0,E,7.57,D,0.0,E,,,2.44,A,,,128.78,B
15 DE SEPTIEMBRE,11,2022,0.0,E,7.9,D,0.0,E,,,2.81,A,,,130.8,B
15 DE SEPTIEMBRE,12,2022,0.0,E,6.03,C,0.0,E,,,3.07,A,,,129.93,B
15 DE SEPTIEMBRE,1,2023,0.0,E,6.86,C,0.0,E,,,0.36,D,,,147.96,A
15 DE SEPTIEMBRE,2,2023,0.0,E,6.99,C,0.0,E,,,0.62,B,,,140.05,B
15 DE SEPTIEMBRE,3,2023,0.0,E,7.59,D,0.0,E,,,0.89,A,,,137.53,B
15 DE SEPTIEMBRE,4,2023,0.0,E,8.86,D,0.0,E,,,1.12,A,,,135.04,B
15 DE SEPTIEMBRE,5,2023,0.0,E,7.95,D,0.0,E,,,1.36,A,,,133.56,B
15 DE SEPTIEMBRE,6,2023,0.0,E,8.31,D,0.0,E,,,1.62,A,,,133.19,B
15 DE SEPTIEMBRE,7,2023,0.0,E,7.77,D,0.0,E,,,1.86,A,,,132.8,B
15 DE SEPTIEMBRE,8,2023,0.0,E,7.69,D,0.0,E,,,2.09,A,,,132.48,B
15 DE SEPTIEMBRE,9,2023,0.0,E,7.91,D,0.0,E,,,2.35,A,,,132.07,B
15 DE SEPTIEMBRE,10,2023,0.0,E,6.88,C,0.0,E,,,2.78,A,,,133.87,B
15 DE SEPTIEMBRE,11,2023,0.0,E,8.55,D,0.0,E,,,3.08,A,,,133.98,B
15 DE SEPTIEMBRE,12,2023,0.0,E,5.59,C,0.0,E,,,3.34,A,,,133.94,B
15 DE SEPTIEMBRE,1,2024,0.0,E,7.1,D,0.0,E,,,0.37,D,,,149.23,A
15 DE SEPTIEMBRE,2,2024,0.0,E,8.53,D,0.0,E,,,0.66,A,,,141.87,B
15 DE SEPTIEMBRE,3,2024,45.19,A,8.72,D,63.63,D,5.66,D,1.01,A,2.14,E,143.13,A
15 DE SEPTIEMBRE,4,2024,43.17,A,8.03,D,69.51,D,5.64,D,1.18,A,2.62,E,138.87,B
15 DE SEPTIEMBRE,5,2024,43.51,A,8.02,D,70.04,D,3.63,E,1.4,A,3.07,E,135.96,B
15 DE SEPTIEMBRE,6,2024,42.71,A,8.42,D,66.51,D,11.59,B,1.47,A,3.28,E,131.41,B
15 DE SEPTIEMBRE,7,2024,42.51,A,7.83,D,71.98,D,12.03,A,1.65,A,3.71,E,130.36,B
15 DE SEPTIEMBRE,8,2024,42.56,A,8.17,D,70.79,D,8.5,C,1.78,A,4.0,E,128.25,B
15 DE SEPTIEMBRE,9,2024,42.26,A,7.5,D,78.39,D,6.85,D,1.88,A,4.25,E,126.38,B
15 DE SEPTIEMBRE,10,2024,42.53,A,6.57,C,92.45,C,6.71,D,2.26,A,5.07,E,128.55,B
15 DE SEPTIEMBRE,11,2024,42.94,A,6.29,C,94.98,C,6.08,D,2.4,A,5.32,E,126.89,B
15 DE SEPTIEMBRE,12,2024,42.41,A,6.16,C,101.25,B,15.72,A,2.58,A,5.78,E,126.6,B
15 DE SEPTIEMBRE,1,2025,42.61,A,7.19,D,89.55,C,14.46,A,0.17,E,0.38,E,119.44,B
15 DE SEPTIEMBRE,2,2025,42.67,A,7.66,D,84.06,D,14.4,A,0.36,D,0.8,E,120.63,B
15 DE SEPTIEMBRE,3,2025,41.42,A,7.21,D,90.7,C,13.69,A,0.52,B,1.19,E,119.89,B
15 DE SEPTIEMBRE,4,2025,41.89,A,7.75,D,91.78,C,16.5,A,0.78,A,1.75,E,122.57,B
15 DE SEPTIEMBRE,5,2025,42.34,A,7.5,D,94.46,C,16.17,A,1.05,A,2.34,E,124.77,B
15 DE SEPTIEMBRE,6,2025,42.49,A,8.39,D,84.0,D,13.61,A,1.24,A,2.76,E,124.51,B
15 DE SEPTIEMBRE,7,2025,42.63,A,8.38,D,84.22,D,16.49,A,1.5,A,3.33,E,125.9,B
15 DE SEPTIEMBRE,8,2025,42.45,A,7.76,D,90.49,C,11.54,B,1.76,A,3.92,E,127.11,B
15 DE SEPTIEMBRE,9,2025,42.23,A,8.43,D,87.93,C,10.66,B,1.91,A,4.27,E,126.36,B
15 DE SEPTIEMBRE,11,2025,42.35,A,6.76,C,111.06,B,9.46,B,2.3,A,5.14,E,126.15,B
15 DE SEPTIEMBRE,12,2025,42.83,A,7.39,D,100.4,B,7.81,C,2.35,A,5.2,E,123.3,B
15 DE SEPTIEMBRE,1,2026,42.92,A,10.24,E,73.28,D,7.9,C,0.25,E,0.56,E,133.27,B
15 DE SEPTIEMBRE,2,2026,42.29,A,10.76,E,70.21,D,11.86,A,0.43,C,0.96,E,128.38,B
15 DE SEPTIEMBRE,3,2026,41.18,A,,,,,10.15,B,0.53,B,1.23,E,122.34,B
4 DE JUNIO,4,2021,0.0,E,2.07,A,0.0,E,,,0.24,E,,,105.88,C
4 DE JUNIO,6,2021,0.0,E,1.88,A,0.0,E,,,0.34,D,,,105.4,C
4 DE JUNIO,7,2021,0.0,E,2.95,B,0.0,E,,,0.32,D,,,103.7,C
4 DE JUNIO,8,2021,0.0,E,2.97,B,0.0,E,,,0.31,D,,,103.16,C
4 DE JUNIO,9,2021,0.0,E,2.87,B,0.0,E,,,0.18,E,,,101.57,C
4 DE JUNIO,10,2021,0.0,E,2.88,B,0.0,E,,,0.18,E,,,101.44,C
4 DE JUNIO,11,2021,0.0,E,2.86,B,0.0,E,,,0.18,E,,,101.26,C
4 DE JUNIO,12,2021,0.0,E,3.15,B,0.0,E,,,0.26,E,,,101.71,C
4 DE JUNIO,1,2022,0.0,E,3.48,B,0.0,E,,,0.13,E,,,111.02,B
4 DE JUNIO,2,2022,0.0,E,3.3,B,0.0,E,,,0.2,E,,,108.26,C
4 DE JUNIO,3,2022,0.0,E,3.48,B,0.0,E,,,0.23,E,,,106.03,C
4 DE JUNIO,4,2022,0.0,E,3.7,B,0.0,E,,,0.34,D,,,106.78,C
4 DE JUNIO,5,2022,0.0,E,3.77,B,0.0,E,,,0.39,D,,,106.12,C
4 DE JUNIO,6,2022,0.0,E,4.15,B,0.0,E,,,0.41,D,,,105.12,C
4 DE JUNIO,7,2022,0.0,E,4.81,B,0.0,E,,,0.42,D,,,104.63,C
4 DE JUNIO,8,2022,0.0,E,5.5,C,0.0,E,,,0.42,D,,,104.08,C
4 DE JUNIO,9,2022,0.0,E,5.62,C,0.0,E,,,0.42,D,,,103.7,C
4 DE JUNIO,10,2022,0.0,E,5.3,C,0.0,E,,,0.43,C,,,103.35,C
4 DE JUNIO,11,2022,0.0,E,5.47,C,0.0,E,,,0.42,D,,,103.06,C
4 DE JUNIO,12,2022,0.0,E,4.86,B,0.0,E,,,0.18,E,,,101.16,C
4 DE JUNIO,1,2023,0.0,E,4.92,B,0.0,E,,,0.15,E,,,113.09,B
4 DE JUNIO,2,2023,0.0,E,4.95,B,0.0,E,,,0.29,E,,,111.93,B
4 DE JUNIO,3,2023,0.0,E,4.36,B,0.0,E,,,0.36,D,,,109.33,C
4 DE JUNIO,4,2023,0.0,E,4.46,B,0.0,E,,,0.52,B,,,110.28,B
4 DE JUNIO,5,2023,0.0,E,4.02,B,0.0,E,,,0.6,B,,,109.3,C
4 DE JUNIO,6,2023,0.0,E,5.74,C,0.0,E,,,0.65,B,,,108.24,C
4 DE JUNIO,7,2023,0.0,E,5.77,C,0.0,E,,,0.78,A,,,108.16,C
4 DE JUNIO,8,2023,0.0,E,5.41,C,0.0,E,,,0.89,A,,,107.98,C
4 DE JUNIO,9,2023,0.0,E,6.08,C,0.0,E,,,1.04,A,,,108.6,C
4 DE JUNIO,10,2023,0.0,E,5.25,C,0.0,E,,,1.13,A,,,108.4,C
4 DE JUNIO,11,2023,0.0,E,5.07,C,0.0,E,,,1.25,A,,,108.61,C
4 DE JUNIO,12,2023,0.0,E,5.24,C,0.0,E,,,0.98,A,,,105.97,C
4 DE JUNIO,1,2024,0.0,E,5.52,C,0.0,E,,,0.14,E,,,111.04,B
4 DE JUNIO,2,2024,0.0,E,6.24,C,0.0,E,,,0.23,E,,,109.0,C
4 DE JUNIO,3,2024,42.44,A,6.03,C,71.84,D,25.68,A,0.33,D,0.75,E,109.2,C
4 DE JUNIO,4,2024,43.71,A,5.56,C,75.2,D,14.08,A,0.44,C,0.96,E,108.84,C
4 DE JUNIO,5,2024,43.93,A,5.26,C,76.09,D,6.86,D,0.52,B,1.15,E,108.34,C
4 DE JUNIO,6,2024,44.07,A,5.27,C,77.3,D,8.0,C,0.59,B,1.3,E,107.76,C
4 DE JUNIO,7,2024,43.86,A,5.11,C,82.84,D,9.71,B,0.68,A,1.51,E,107.72,C
4 DE JUNIO,8,2024,43.72,A,5.92,C,72.43,D,8.11,C,0.79,A,1.74,E,107.88,C
4 DE JUNIO,9,2024,43.1,A,6.33,C,66.77,D,8.29,C,0.92,A,2.06,E,108.42,C
4 DE JUNIO,10,2024,43.27,A,6.61,C,65.77,D,6.7,D,0.99,A,2.2,E,108.19,C
4 DE JUNIO,11,2024,42.27,A,6.46,C,68.88,D,6.35,D,1.06,A,2.41,E,108.05,C
4 DE JUNIO,12,2024,43.56,A,6.13,C,67.63,D,5.0,E,0.73,A,1.62,E,104.82,C
4 DE JUNIO,1,2025,43.11,A,6.29,C,68.73,D,9.31,B,0.09,E,0.21,E,107.96,C
4 DE JUNIO,2,2025,43.8,A,6.3,C,73.31,D,13.91,A,0.25,E,0.54,E,110.53,B
4 DE JUNIO,3,2025,44.39,A,6.13,C,74.69,D,7.4,D,0.34,D,0.73,E,109.28,C
4 DE JUNIO,4,2025,44.6,A,6.04,C,76.15,D,4.67,E,0.46,C,0.99,E,109.47,C
4 DE JUNIO,5,2025,44.59,A,6.01,C,77.53,D,4.68,E,0.52,B,1.11,E,108.4,C
4 DE JUNIO,6,2025,44.6,A,5.82,C,81.58,D,6.1,D,0.59,B,1.28,E,107.95,C
4 DE JUNIO,7,2025,44.6,A,5.67,C,86.02,C,6.74,D,0.72,A,1.55,E,108.37,C
4 DE JUNIO,8,2025,44.67,A,5.21,C,95.9,C,5.46,D,0.97,A,2.08,E,109.93,C
4 DE JUNIO,9,2025,44.79,A,5.13,C,99.41,C,5.82,D,1.07,A,2.28,E,109.71,C
4 DE JUNIO,11,2025,44.67,A,5.26,C,104.06,B,11.12,B,1.33,A,2.85,E,109.86,C
4 DE JUNIO,12,2025,45.01,A,5.59,C,98.39,C,10.78,B,1.05,A,2.23,E,106.9,C
4 DE JUNIO,1,2026,44.29,A,5.77,C,98.76,C,14.03,A,0.14,E,0.3,E,112.29,B
4 DE JUNIO,2,2026,44.34,A,6.13,C,96.71,C,18.62,A,0.23,E,0.49,E,109.9,C
4 DE JUNIO,3,2026,45.21,A,,,,,18.16,A,0.35,D,0.74,E,109.88,C
APAGUIZ,1,2019,0.0,E,13.84,E,0.0,E,,,0.1,E,,,111.64,B
APAGUIZ,2,2019,0.0,E,15.32,E,0.0,E,,,0.16,E,,,109.24,C
APAGUIZ,3,2019,0.0,E,17.14,E,0.0,E,,,0.2,E,,,107.01,C
APAGUIZ,4,2019,0.0,E,15.69,E,0.0,E,,,0.19,E,,,105.14,C
APAGUIZ,5,2019,0.0,E,16.78,E,0.0,E,,,0.74,A,,,119.99,B
APAGUIZ,7,2019,0.0,E,15.18,E,0.0,E,,,0.31,D,,,104.8,C
APAGUIZ,8,2019,0.0,E,14.1,E,0.0,E,,,0.57,B,,,107.82,C
APAGUIZ,9,2019,0.0,E,14.38,E,0.0,E,,,0.68,A,,,108.36,C
APAGUIZ,10,2019,0.0,E,13.99,E,0.0,E,,,0.77,A,,,108.66,C
APAGUIZ,11,2019,0.0,E,14.6,E,0.0,E,,,0.33,D,,,103.23,C
APAGUIZ,12,2019,0.0,E,13.87,E,0.0,E,,,0.09,E,,,100.74,C
APAGUIZ,1,2020,0.0,E,13.35,E,0.0,E,,,0.22,E,,,127.41,B
APAGUIZ,2,2020,0.0,E,13.45,E,0.0,E,,,0.42,D,,,127.34,B
APAGUIZ,3,2020,0.0,E,16.67,E,0.0,E,,,0.58,B,,,125.31,B
APAGUIZ,4,2020,0.0,E,25.0,E,0.0,E,,,0.77,A,,,126.38,B
APAGUIZ,5,2020,0.0,E,16.78,E,0.0,E,,,0.74,A,,,119.99,B
APAGUIZ,6,2020,0.0,E,19.28,E,0.0,E,,,0.89,A,,,119.48,B
APAGUIZ,7,2020,0.0,E,20.43,E,0.0,E,,,1.03,A,,,119.26,B
APAGUIZ,8,2020,0.0,E,19.54,E,0.0,E,,,1.12,A,,,118.38,B
APAGUIZ,9,2020,0.0,E,16.62,E,0.0,E,,,1.26,A,,,118.62,B
APAGUIZ,10,2020,0.0,E,15.47,E,0.0,E,,,1.26,A,,,116.83,B
APAGUIZ,11,2020,0.0,E,15.3,E,0.0,E,,,1.2,A,,,114.31,B
APAGUIZ,12,2020,0.0,E,14.87,E,0.0,E,,,0.43,C,,,104.31,C
APAGUIZ,1,2021,0.0,E,14.58,E,0.0,E,,,0.27,E,,,143.12,A
APAGUIZ,2,2021,0.0,E,13.16,E,0.0,E,,,0.47,C,,,134.79,B
APAGUIZ,3,2021,0.0,E,13.58,E,0.0,E,,,0.51,B,,,124.52,B
APAGUIZ,4,2021,0.0,E,13.45,E,0.0,E,,,0.59,B,,,120.33,B
APAGUIZ,5,2021,0.0,E,12.9,E,0.0,E,,,0.62,B,,,117.65,B
APAGUIZ,6,2021,0.0,E,12.27,E,0.0,E,,,0.71,A,,,116.22,B
APAGUIZ,7,2021,0.0,E,11.2,E,0.0,E,,,0.78,A,,,115.08,B
APAGUIZ,8,2021,0.0,E,11.06,E,0.0,E,,,0.91,A,,,115.48,B
APAGUIZ,9,2021,0.0,E,11.62,E,0.0,E,,,1.03,A,,,115.68,B
APAGUIZ,10,2021,0.0,E,12.57,E,0.0,E,,,1.08,A,,,114.8,B
APAGUIZ,11,2021,0.0,E,11.9,E,0.0,E,,,1.03,A,,,112.82,B
APAGUIZ,12,2021,0.0,E,10.63,E,0.0,E,,,0.36,D,,,103.88,C
APAGUIZ,1,2022,0.0,E,11.35,E,0.0,E,,,0.19,E,,,131.31,B
APAGUIZ,2,2022,0.0,E,10.32,E,0.0,E,,,0.41,D,,,132.66,B
APAGUIZ,3,2022,0.0,E,10.23,E,0.0,E,,,0.48,C,,,124.72,B
APAGUIZ,4,2022,0.0,E,10.89,E,0.0,E,,,0.45,C,,,117.02,B
APAGUIZ,5,2022,0.0,E,10.38,E,0.0,E,,,0.4,D,,,111.93,B
APAGUIZ,6,2022,0.0,E,10.38,E,0.0,E,,,0.36,D,,,108.65,C
APAGUIZ,7,2022,0.0,E,10.72,E,0.0,E,,,0.44,C,,,109.21,C
APAGUIZ,8,2022,0.0,E,10.45,E,0.0,E,,,0.43,C,,,107.85,C
APAGUIZ,9,2022,0.0,E,10.27,E,0.0,E,,,0.44,C,,,107.14,C
APAGUIZ,10,2022,0.0,E,10.28,E,0.0,E,,,0.49,C,,,107.24,C
APAGUIZ,11,2022,0.0,E,10.02,E,0.0,E,,,0.51,B,,,106.86,C
APAGUIZ,12,2022,0.0,E,9.66,D,0.0,E,,,0.14,E,,,101.72,C
APAGUIZ,1,2023,0.0,E,10.13,E,0.0,E,,,0.11,E,,,117.82,B
APAGUIZ,2,2023,0.0,E,10.01,E,0.0,E,,,0.11,E,,,108.48,C
APAGUIZ,3,2023,0.0,E,10.09,E,0.0,E,,,0.13,E,,,106.66,C
APAGUIZ,4,2023,0.0,E,11.84,E,0.0,E,,,0.18,E,,,106.7,C
APAGUIZ,5,2023,0.0,E,11.87,E,0.0,E,,,0.18,E,,,105.49,C
APAGUIZ,6,2023,0.0,E,11.05,E,0.0,E,,,0.19,E,,,104.66,C
APAGUIZ,7,2023,0.0,E,10.58,E,0.0,E,,,0.31,D,,,106.64,C
APAGUIZ,8,2023,0.0,E,10.42,E,0.0,E,,,0.43,C,,,107.5,C
APAGUIZ,9,2023,0.0,E,9.55,D,0.0,E,,,0.57,B,,,109.12,C
APAGUIZ,10,2023,0.0,E,9.23,D,0.0,E,,,0.64,B,,,109.24,C
APAGUIZ,11,2023,0.0,E,10.29,E,0.0,E,,,0.79,A,,,110.6,B
APAGUIZ,12,2023,0.0,E,9.76,D,0.0,E,,,0.41,D,,,104.85,C
APAGUIZ,1,2024,0.0,E,9.88,D,0.0,E,,,0.16,E,,,125.37,B
APAGUIZ,2,2024,0.0,E,10.16,E,0.0,E,,,0.21,E,,,116.26,B
APAGUIZ,3,2024,32.22,A,10.57,E,95.84,C,28.36,A,0.36,D,1.06,E,119.28,B
APAGUIZ,4,2024,32.42,A,10.76,E,94.43,C,29.25,A,0.39,D,1.16,E,115.24,B
APAGUIZ,5,2024,32.43,A,10.63,E,91.41,C,26.1,A,0.45,C,1.32,E,113.35,B
APAGUIZ,6,2024,32.67,A,10.01,E,93.38,C,25.07,A,0.54,B,1.6,E,113.6,B
APAGUIZ,7,2024,32.93,A,9.12,D,97.99,C,24.08,A,0.58,B,1.68,E,112.27,B
APAGUIZ,8,2024,33.29,A,8.8,D,101.66,B,20.07,A,0.67,A,1.92,E,112.12,B
APAGUIZ,9,2024,33.77,A,8.37,D,106.06,B,17.67,A,0.87,A,2.47,E,114.32,B
APAGUIZ,10,2024,33.67,A,8.35,D,106.43,B,17.72,A,0.9,A,2.55,E,113.12,B
APAGUIZ,11,2024,34.23,A,8.38,D,103.2,B,16.62,A,1.13,A,3.16,E,115.05,B
APAGUIZ,12,2024,33.78,A,8.35,D,103.22,B,19.14,A,0.75,A,2.13,E,108.71,C
APAGUIZ,1,2025,32.54,A,8.21,D,107.0,B,26.0,A,0.32,D,0.93,E,150.25,A
APAGUIZ,2,2025,31.71,A,8.51,D,104.25,B,32.14,A,0.55,B,1.67,E,141.82,B
APAGUIZ,3,2025,31.99,A,8.3,D,106.24,B,32.78,A,0.88,A,2.66,E,146.55,A
APAGUIZ,4,2025,32.84,A,8.26,D,101.73,B,30.22,A,1.16,A,3.41,E,145.74,A
APAGUIZ,5,2025,33.1,A,8.4,D,99.97,C,29.65,A,1.44,A,4.18,E,145.17,A
APAGUIZ,6,2025,33.09,A,8.77,D,93.11,C,28.19,A,1.56,A,4.53,E,140.01,B
APAGUIZ,7,2025,33.42,A,9.47,D,86.18,C,25.5,A,1.83,A,5.28,E,140.41,B
APAGUIZ,8,2025,33.59,A,8.93,D,90.84,C,25.77,A,2.22,A,6.36,D,143.49,A
APAGUIZ,9,2025,33.7,A,8.85,D,91.76,C,26.8,A,2.49,A,7.12,D,144.11,A
APAGUIZ,10,2025,33.72,A,8.98,D,91.57,C,28.17,A,2.7,A,7.7,D,142.8,B
APAGUIZ,11,2025,33.93,A,8.43,D,97.53,C,27.23,A,2.94,A,8.33,D,142.76,B
APAGUIZ,12,2025,33.37,A,8.29,D,99.64,C,30.46,A,1.94,A,5.59,E,122.57,B
APAGUIZ,1,2026,31.09,A,8.32,D,101.02,B,35.98,A,0.28,E,0.86,E,150.05,A
APAGUIZ,2,2026,30.88,A,8.86,D,95.58,C,36.49,A,0.48,C,1.51,E,143.09,A
APAGUIZ,3,2026,31.18,A,,,,,37.12,A,0.57,B,1.77,E,131.92,B
ARSENAULT,3,2026,23.93,A,,,,,21.51,A,0.01,E,0.02,E,100.19,C
ARSENAULT,1,2019,0.0,E,12.26,E,0.0,E,,,0.02,E,,,101.91,C
ARSENAULT,2,2019,0.0,E,14.32,E,0.0,E,,,0.03,E,,,101.36,C
ARSENAULT,3,2019,0.0,E,14.69,E,0.0,E,,,0.01,E,,,100.31,C
ARSENAULT,4,2019,0.0,E,15.19,E,0.0,E,,,0.08,E,,,101.78,C
ARSENAULT,5,2019,0.0,E,28.52,E,0.0,E,,,0.32,D,,,106.58,C
ARSENAULT,7,2019,0.0,E,12.87,E,0.0,E,,,0.24,E,,,103.24,C
ARSENAULT,8,2019,0.0,E,12.05,E,0.0,E,,,0.35,D,,,104.22,C
ARSENAULT,9,2019,0.0,E,11.61,E,0.0,E,,,0.38,D,,,104.05,C
ARSENAULT,10,2019,0.0,E,12.16,E,0.0,E,,,0.51,B,,,104.94,C
ARSENAULT,11,2019,0.0,E,12.02,E,0.0,E,,,0.64,B,,,105.69,C
ARSENAULT,12,2019,0.0,E,8.88,D,0.0,E,,,0.54,B,,,104.39,C
ARSENAULT,1,2020,0.0,E,9.23,D,0.0,E,,,0.09,E,,,108.44,C
ARSENAULT,2,2020,0.0,E,12.31,E,0.0,E,,,0.19,E,,,109.37,C
ARSENAULT,3,2020,0.0,E,13.63,E,0.0,E,,,0.27,E,,,109.47,C
ARSENAULT,4,2020,0.0,E,24.0,E,0.0,E,,,0.42,D,,,110.7,B
ARSENAULT,5,2020,0.0,E,28.52,E,0.0,E,,,0.32,D,,,106.58,C
ARSENAULT,6,2020,0.0,E,27.39,E,0.0,E,,,0.32,D,,,105.56,C
ARSENAULT,7,2020,0.0,E,30.89,E,0.0,E,,,0.35,D,,,105.32,C
ARSENAULT,8,2020,0.0,E,29.06,E,0.0,E,,,0.38,D,,,104.99,C
ARSENAULT,9,2020,0.0,E,22.92,E,0.0,E,,,0.46,C,,,105.42,C
ARSENAULT,10,2020,0.0,E,21.82,E,0.0,E,,,0.5,C,,,105.41,C
ARSENAULT,11,2020,0.0,E,21.07,E,0.0,E,,,0.58,B,,,105.74,C
ARSENAULT,12,2020,0.0,E,15.0,E,0.0,E,,,0.48,C,,,104.25,C
ARSENAULT,1,2021,0.0,E,14.2,E,0.0,E,,,0.22,E,,,124.3,B
ARSENAULT,2,2021,0.0,E,13.1,E,0.0,E,,,0.38,D,,,119.69,B
ARSENAULT,3,2021,0.0,E,11.29,E,0.0,E,,,0.52,B,,,117.23,B
ARSENAULT,4,2021,0.0,E,10.9,E,0.0,E,,,0.68,A,,,117.72,B
ARSENAULT,5,2021,0.0,E,9.42,D,0.0,E,,,0.8,A,,,116.62,B
ARSENAULT,6,2021,0.0,E,9.56,D,0.0,E,,,0.9,A,,,115.79,B
ARSENAULT,7,2021,0.0,E,10.0,E,0.0,E,,,0.99,A,,,115.02,B
ARSENAULT,8,2021,0.0,E,9.32,D,0.0,E,,,1.15,A,,,115.27,B
ARSENAULT,9,2021,0.0,E,9.65,D,0.0,E,,,1.24,A,,,114.56,B
ARSENAULT,10,2021,0.0,E,9.7,D,0.0,E,,,1.31,A,,,113.72,B
ARSENAULT,11,2021,0.0,E,9.04,D,0.0,E,,,1.34,A,,,112.75,B
ARSENAULT,12,2021,0.0,E,9.13,D,0.0,E,,,1.11,A,,,109.34,C
ARSENAULT,1,2022,0.0,E,8.9,D,0.0,E,,,0.03,E,,,102.77,C
ARSENAULT,2,2022,0.0,E,8.37,D,0.0,E,,,0.04,E,,,101.82,C
ARSENAULT,3,2022,0.0,E,8.3,D,0.0,E,,,0.08,E,,,102.57,C
ARSENAULT,4,2022,0.0,E,8.95,D,0.0,E,,,0.12,E,,,102.81,C
ARSENAULT,5,2022,0.0,E,8.76,D,0.0,E,,,0.16,E,,,103.06,C
ARSENAULT,6,2022,0.0,E,8.64,D,0.0,E,,,0.21,E,,,103.41,C
ARSENAULT,7,2022,0.0,E,8.24,D,0.0,E,,,0.24,E,,,103.5,C
ARSENAULT,8,2022,0.0,E,8.35,D,0.0,E,,,0.32,D,,,104.06,C
ARSENAULT,9,2022,0.0,E,8.83,D,0.0,E,,,0.35,D,,,103.9,C
ARSENAULT,10,2022,0.0,E,9.23,D,0.0,E,,,0.39,D,,,104.04,C
ARSENAULT,11,2022,0.0,E,9.41,D,0.0,E,,,0.42,D,,,104.04,C
ARSENAULT,12,2022,0.0,E,8.9,D,0.0,E,,,0.27,E,,,102.3,C
ARSENAULT,1,2023,0.0,E,8.86,D,0.0,E,,,0.02,E,,,101.97,C
ARSENAULT,2,2023,0.0,E,9.91,D,0.0,E,,,0.06,E,,,103.22,C
ARSENAULT,3,2023,0.0,E,9.22,D,0.0,E,,,0.05,E,,,101.76,C
ARSENAULT,4,2023,0.0,E,10.21,E,0.0,E,,,0.08,E,,,101.99,C
ARSENAULT,5,2023,0.0,E,10.49,E,0.0,E,,,0.22,E,,,104.05,C
ARSENAULT,6,2023,0.0,E,10.66,E,0.0,E,,,0.28,E,,,104.41,C
ARSENAULT,7,2023,0.0,E,10.7,E,0.0,E,,,0.27,E,,,103.79,C
ARSENAULT,8,2023,0.0,E,10.24,E,0.0,E,,,0.27,E,,,103.39,C
ARSENAULT,9,2023,0.0,E,10.37,E,0.0,E,,,0.29,E,,,103.23,C
ARSENAULT,10,2023,0.0,E,10.22,E,0.0,E,,,0.32,D,,,103.26,C
ARSENAULT,11,2023,0.0,E,10.0,D,0.0,E,,,0.37,D,,,103.56,C
ARSENAULT,12,2023,0.0,E,10.02,E,0.0,E,,,0.27,E,,,102.35,C
ARSENAULT,1,2024,0.0,E,9.47,D,0.0,E,,,0.06,E,,,106.67,C
ARSENAULT,2,2024,0.0,E,9.34,D,0.0,E,,,0.06,E,,,103.39,C
ARSENAULT,3,2024,26.75,A,8.95,D,71.87,D,10.5,B,0.07,E,0.26,E,102.64,C
ARSENAULT,4,2024,26.18,A,9.23,D,70.71,D,15.87,A,0.1,E,0.38,E,102.96,C
ARSENAULT,5,2024,26.25,A,9.57,D,68.08,D,14.4,A,0.11,E,0.4,E,102.5,C
ARSENAULT,6,2024,26.46,A,10.16,E,65.0,D,13.4,A,0.2,E,0.72,E,103.76,C
ARSENAULT,7,2024,26.92,A,11.28,E,58.89,E,12.34,A,0.26,E,0.92,E,104.18,C
ARSENAULT,8,2024,26.76,A,10.92,E,60.81,D,11.59,B,0.3,D,1.07,E,104.27,C
ARSENAULT,9,2024,27.13,A,10.3,E,65.19,D,6.26,D,0.29,E,1.0,E,103.52,C
ARSENAULT,10,2024,26.98,A,10.52,E,65.95,D,7.17,D,0.38,D,1.34,E,104.15,C
ARSENAULT,11,2024,26.88,A,11.09,E,63.19,D,7.22,D,0.4,D,1.41,E,103.99,C
ARSENAULT,12,2024,26.17,A,11.07,E,62.62,D,11.61,B,0.32,D,1.15,E,102.93,C
ARSENAULT,1,2025,26.15,A,11.0,E,64.33,D,11.36,B,0.18,E,0.63,E,117.14,B
ARSENAULT,2,2025,25.73,A,10.7,E,64.98,D,10.05,B,0.15,E,0.56,E,107.5,C
ARSENAULT,3,2025,25.83,A,10.65,E,64.86,D,7.65,D,0.15,E,0.54,E,105.04,C
ARSENAULT,4,2025,25.36,A,11.04,E,62.47,D,12.08,A,0.17,E,0.62,E,104.37,C
ARSENAULT,5,2025,25.21,A,10.71,E,64.49,D,12.67,A,0.16,E,0.6,E,103.41,C
ARSENAULT,6,2025,24.96,A,10.79,E,64.64,D,16.51,A,0.21,E,0.79,E,103.77,C
ARSENAULT,7,2025,24.72,A,11.78,E,60.2,D,22.6,A,0.28,E,1.08,E,104.42,C
ARSENAULT,8,2025,24.39,A,11.64,E,60.55,D,22.81,A,0.3,E,1.15,E,104.15,C
ARSENAULT,9,2025,24.05,A,11.78,E,59.57,E,24.81,A,0.31,D,1.21,E,103.94,C
ARSENAULT,10,2025,24.05,A,11.97,E,58.59,E,22.64,A,0.33,D,1.29,E,103.77,C
ARSENAULT,11,2025,24.05,A,12.28,E,57.27,E,22.09,A,0.33,D,1.3,E,103.47,C
ARSENAULT,12,2025,24.01,A,12.3,E,57.98,E,25.38,A,0.29,E,1.13,E,102.73,C
ARSENAULT,1,2026,24.0,A,12.1,E,59.79,E,26.85,A,0.03,E,0.11,E,103.22,C
ARSENAULT,2,2026,23.9,A,12.2,E,59.54,E,27.74,A,0.05,E,0.21,E,103.14,C
BECERRA,1,2019,0.0,E,38.85,E,0.0,E,,,0.09,E,,,107.58,C
BECERRA,2,2019,0.0,E,37.71,E,0.0,E,,,0.51,B,,,122.3,B
BECERRA,3,2019,0.0,E,37.16,E,0.0,E,,,0.86,A,,,124.8,B
BECERRA,4,2019,0.0,E,39.43,E,0.0,E,,,1.3,A,,,128.3,B
BECERRA,5,2019,0.0,E,61.53,E,0.0,E,,,0.0,E,,,100.08,C
BECERRA,7,2019,0.0,E,38.73,E,0.0,E,,,1.77,A,,,120.22,B
BECERRA,8,2019,0.0,E,38.87,E,0.0,E,,,1.63,A,,,115.99,B
BECERRA,9,2019,0.0,E,38.31,E,0.0,E,,,2.13,A,,,119.08,B
BECERRA,10,2019,0.0,E,40.18,E,0.0,E,,,2.26,A,,,118.74,B
BECERRA,11,2019,0.0,E,45.95,E,0.0,E,,,2.5,A,,,118.84,B
BECERRA,12,2019,0.0,E,46.44,E,0.0,E,,,0.33,D,,,101.95,C
BECERRA,1,2020,0.0,E,48.64,E,0.0,E,,,0.25,E,,,121.53,B
BECERRA,2,2020,0.0,E,55.92,E,0.0,E,,,0.18,E,,,106.97,C
BECERRA,3,2020,0.0,E,57.54,E,0.0,E,,,0.05,E,,,101.33,C
BECERRA,4,2020,0.0,E,61.7,E,0.0,E,,,0.02,E,,,100.42,C
BECERRA,5,2020,0.0,E,61.53,E,0.0,E,,,0.0,E,,,100.08,C
BECERRA,6,2020,0.0,E,60.49,E,0.0,E,,,-0.22,E,,,96.87,C
BECERRA,7,2020,0.0,E,60.55,E,0.0,E,,,-0.16,E,,,97.92,C
BECERRA,8,2020,0.0,E,59.26,E,0.0,E,,,-0.13,E,,,98.52,C
BECERRA,9,2020,0.0,E,55.67,E,0.0,E,,,-0.44,E,,,95.52,C
BECERRA,10,2020,0.0,E,56.06,E,0.0,E,,,-0.42,E,,,96.16,C
BECERRA,11,2020,0.0,E,51.51,E,0.0,E,,,-0.66,E,,,94.87,C
BECERRA,12,2020,0.0,E,36.06,E,0.0,E,,,0.25,E,,,101.59,C
BECERRA,1,2021,0.0,E,34.96,E,0.0,E,,,-0.08,E,,,93.48,D
BECERRA,2,2021,0.0,E,35.77,E,0.0,E,,,0.05,E,,,102.03,C
BECERRA,3,2021,0.0,E,36.36,E,0.0,E,,,0.08,E,,,102.41,C
BECERRA,4,2021,0.0,E,36.21,E,0.0,E,,,-0.11,E,,,97.53,C
BECERRA,5,2021,0.0,E,39.62,E,0.0,E,,,-0.06,E,,,98.92,C
BECERRA,7,2021,0.0,E,32.71,E,0.0,E,,,-0.14,E,,,98.19,C
BECERRA,9,2021,0.0,E,31.96,E,0.0,E,,,-0.44,E,,,95.76,C
BECERRA,10,2021,0.0,E,29.42,E,0.0,E,,,-0.42,E,,,96.43,C
BECERRA,11,2021,0.0,E,28.53,E,0.0,E,,,-0.49,E,,,96.24,C
BECERRA,12,2021,0.0,E,27.71,E,0.0,E,,,-0.74,E,,,94.99,C
BECERRA,1,2022,0.0,E,28.14,E,0.0,E,,,0.32,D,,,124.99,B
BECERRA,2,2022,0.0,E,27.64,E,0.0,E,,,0.25,E,,,110.17,B
BECERRA,3,2022,0.0,E,26.21,E,0.0,E,,,0.16,E,,,104.18,C
BECERRA,4,2022,0.0,E,25.25,E,0.0,E,,,0.22,E,,,104.64,C
BECERRA,5,2022,0.0,E,26.79,E,0.0,E,,,0.46,C,,,107.99,C
BECERRA,6,2022,0.0,E,26.39,E,0.0,E,,,0.09,E,,,101.14,C
BECERRA,7,2022,0.0,E,28.13,E,0.0,E,,,-0.19,E,,,97.85,C
BECERRA,8,2022,0.0,E,25.6,E,0.0,E,,,0.04,E,,,100.42,C
BECERRA,9,2022,0.0,E,23.25,E,0.0,E,,,0.41,D,,,103.86,C
BECERRA,10,2022,0.0,E,24.72,E,0.0,E,,,0.36,D,,,103.14,C
BECERRA,11,2022,0.0,E,22.27,E,0.0,E,,,0.67,A,,,104.84,C
BECERRA,12,2022,0.0,E,16.32,E,0.0,E,,,0.27,E,,,101.81,C
BECERRA,1,2023,0.0,E,15.69,E,0.0,E,,,0.06,E,,,105.5,C
BECERRA,2,2023,0.0,E,17.54,E,0.0,E,,,0.27,E,,,113.33,B
BECERRA,3,2023,0.0,E,18.73,E,0.0,E,,,0.22,E,,,107.29,C
BECERRA,4,2023,0.0,E,17.01,E,0.0,E,,,0.26,E,,,106.54,C
BECERRA,5,2023,0.0,E,19.22,E,0.0,E,,,0.18,E,,,103.35,C
BECERRA,6,2023,0.0,E,20.14,E,0.0,E,,,0.19,E,,,103.07,C
BECERRA,7,2023,0.0,E,20.73,E,0.0,E,,,0.3,E,,,104.12,C
BECERRA,8,2023,0.0,E,19.94,E,0.0,E,,,0.28,E,,,103.28,C
BECERRA,9,2023,0.0,E,19.71,E,0.0,E,,,0.41,D,,,104.35,C
BECERRA,10,2023,0.0,E,18.05,E,0.0,E,,,0.6,B,,,105.79,C
BECERRA,11,2023,0.0,E,18.16,E,0.0,E,,,0.79,A,,,107.07,C
BECERRA,12,2023,0.0,E,12.39,E,0.0,E,,,0.61,B,,,104.64,C
BECERRA,1,2024,0.0,E,12.79,E,0.0,E,,,0.32,D,,,135.67,B
BECERRA,2,2024,0.0,E,15.88,E,0.0,E,,,0.2,E,,,108.89,C
BECERRA,3,2024,21.94,A,15.57,E,101.17,B,42.03,A,0.39,D,1.64,E,113.07,B
BECERRA,4,2024,21.59,A,22.87,E,69.45,D,43.51,A,0.16,E,0.7,E,103.84,C
BECERRA,5,2024,21.86,A,25.17,E,61.11,D,42.97,A,0.39,D,1.65,E,107.75,C
BECERRA,6,2024,21.8,A,25.12,E,59.46,E,41.57,A,0.36,D,1.54,E,105.91,C
BECERRA,7,2024,22.71,A,21.64,E,71.48,D,41.71,A,0.16,E,0.65,E,102.02,C
BECERRA,8,2024,22.56,A,21.75,E,70.4,D,42.07,A,0.2,E,0.82,E,102.27,C
BECERRA,9,2024,22.93,A,19.63,E,75.03,D,39.48,A,0.42,D,1.67,E,104.3,C
BECERRA,10,2024,22.88,A,19.44,E,73.82,D,37.53,A,0.36,D,1.45,E,103.4,C
BECERRA,11,2024,23.0,A,24.96,E,56.59,E,38.08,A,0.67,A,2.69,E,105.98,C
BECERRA,12,2024,23.56,A,25.23,E,55.63,E,31.46,A,0.33,D,1.28,E,102.49,C
BECERRA,1,2025,23.57,A,26.95,E,51.49,E,31.55,A,0.45,C,1.76,E,150.52,A
BECERRA,2,2025,24.07,A,25.94,E,52.59,E,30.33,A,0.82,A,3.12,E,144.03,A
BECERRA,3,2025,22.47,A,22.74,E,59.79,E,41.05,A,0.94,A,3.89,E,134.02,B
BECERRA,4,2025,22.49,A,21.23,E,63.45,D,40.74,A,0.74,A,3.04,E,117.56,B
BECERRA,5,2025,21.9,A,21.01,E,63.17,D,43.03,A,0.88,A,3.71,E,117.62,B
BECERRA,6,2025,21.53,A,22.03,E,59.53,E,45.32,A,1.01,A,4.38,E,117.62,B
BECERRA,7,2025,22.4,A,21.44,E,57.6,E,35.42,A,1.23,A,5.09,E,117.82,B
BECERRA,8,2025,22.13,A,20.04,E,60.91,D,37.9,A,1.54,A,6.49,D,120.09,B
BECERRA,9,2025,22.35,A,17.79,E,66.69,D,38.41,A,2.13,A,8.87,C,125.72,B
BECERRA,10,2025,21.62,A,16.29,E,67.58,D,41.47,A,2.44,A,10.63,B,128.89,B
BECERRA,11,2025,21.76,A,14.26,E,74.58,D,41.09,A,3.04,A,13.15,A,133.08,B
BECERRA,12,2025,20.58,A,10.1,E,109.55,B,40.73,A,0.89,A,4.04,E,106.7,C
BECERRA,1,2026,19.92,A,9.86,D,112.52,B,41.7,A,0.52,B,2.46,E,170.21,A
BECERRA,2,2026,20.36,A,10.85,E,102.77,B,42.43,A,0.91,A,4.21,E,158.74,A
BECERRA,3,2026,20.33,A,,,,,41.51,A,1.3,A,6.03,D,154.56,A
CACEENP,1,2019,0.0,E,3.33,B,0.0,E,,,0.15,E,,,114.69,B
CACEENP,2,2019,0.0,E,3.96,B,0.0,E,,,0.24,E,,,112.27,B
CACEENP,3,2019,0.0,E,5.42,C,0.0,E,,,0.51,B,,,116.72,B
CACEENP,4,2019,0.0,E,0.0,A,,,,,0.58,B,,,113.29,B
CACEENP,5,2019,0.0,E,47.47,E,0.0,E,,,0.77,A,,,115.74,B
CACEENP,7,2019,0.0,E,14.59,E,0.0,E,,,1.34,A,,,118.17,B
CACEENP,8,2019,0.0,E,18.63,E,0.0,E,,,1.5,A,,,117.93,B
CACEENP,9,2019,0.0,E,15.99,E,0.0,E,,,1.69,A,,,118.08,B
CACEENP,10,2019,0.0,E,18.4,E,0.0,E,,,1.95,A,,,118.71,B
CACEENP,11,2019,0.0,E,4.93,B,0.0,E,,,1.94,A,,,117.3,B
CACEENP,12,2019,0.0,E,3.71,B,0.0,E,,,0.91,A,,,106.63,C
CACEENP,1,2020,0.0,E,3.9,B,0.0,E,,,0.1,E,,,108.4,C
CACEENP,2,2020,0.0,E,4.41,B,0.0,E,,,0.08,E,,,103.58,C
CACEENP,3,2020,0.0,E,7.62,D,0.0,E,,,0.48,C,,,114.74,B
CACEENP,4,2020,0.0,E,18.95,E,0.0,E,,,0.61,B,,,114.98,B
CACEENP,5,2020,0.0,E,47.47,E,0.0,E,,,0.77,A,,,115.74,B
CACEENP,6,2020,0.0,E,53.31,E,0.0,E,,,0.15,E,,,102.34,C
CACEENP,7,2020,0.0,E,33.23,E,0.0,E,,,-0.54,E,,,93.39,D
CACEENP,8,2020,0.0,E,29.57,E,0.0,E,,,-0.57,E,,,93.8,C
CACEENP,9,2020,0.0,E,21.53,E,0.0,E,,,0.33,D,,,103.43,C
CACEENP,10,2020,0.0,E,17.97,E,0.0,E,,,0.07,E,,,100.63,C
CACEENP,11,2020,0.0,E,17.34,E,0.0,E,,,1.65,A,,,115.57,B
CACEENP,12,2020,0.0,E,12.29,E,0.0,E,,,0.21,E,,,101.62,C
CACEENP,1,2021,0.0,E,11.39,E,0.0,E,,,0.27,E,,,130.61,B
CACEENP,2,2021,0.0,E,9.55,D,0.0,E,,,0.6,B,,,134.65,B
CACEENP,3,2021,0.0,E,8.17,D,0.0,E,,,0.93,A,,,135.15,B
CACEENP,4,2021,0.0,E,7.66,D,0.0,E,,,1.24,A,,,135.23,B
CACEENP,5,2021,0.0,E,6.91,C,0.0,E,,,1.52,A,,,134.17,B
CACEENP,6,2021,0.0,E,6.9,C,0.0,E,,,1.59,A,,,129.38,B
CACEENP,7,2021,0.0,E,6.92,C,0.0,E,,,1.7,A,,,126.73,B
CACEENP,8,2021,0.0,E,7.18,D,0.0,E,,,1.74,A,,,123.74,B
CACEENP,9,2021,0.0,E,5.82,C,0.0,E,,,1.77,A,,,120.95,B
CACEENP,10,2021,0.0,E,5.97,C,0.0,E,,,1.8,A,,,119.15,B
CACEENP,11,2021,0.0,E,5.84,C,0.0,E,,,1.8,A,,,116.99,B
CACEENP,12,2021,0.0,E,5.75,C,0.0,E,,,0.49,C,,,103.76,C
CACEENP,1,2022,0.0,E,5.95,C,0.0,E,,,0.11,E,,,111.88,B
CACEENP,2,2022,0.0,E,5.88,C,0.0,E,,,0.18,E,,,110.11,B
CACEENP,3,2022,0.0,E,5.71,C,0.0,E,,,0.3,E,,,110.54,B
CACEENP,4,2022,0.0,E,5.46,C,0.0,E,,,0.32,D,,,108.53,C
CACEENP,5,2022,0.0,E,5.44,C,0.0,E,,,0.37,D,,,107.78,C
CACEENP,6,2022,0.0,E,5.26,C,0.0,E,,,0.48,C,,,108.56,C
CACEENP,7,2022,0.0,E,5.22,C,0.0,E,,,0.64,B,,,110.01,B
CACEENP,8,2022,0.0,E,5.27,C,0.0,E,,,0.73,A,,,109.88,C
CACEENP,9,2022,0.0,E,5.34,C,0.0,E,,,0.77,A,,,109.24,C
CACEENP,10,2022,0.0,E,4.25,B,0.0,E,,,0.85,A,,,108.98,C
CACEENP,11,2022,0.0,E,4.35,B,0.0,E,,,0.84,A,,,108.1,C
CACEENP,12,2022,0.0,E,4.25,B,0.0,E,,,0.47,C,,,103.93,C
CACEENP,1,2023,0.0,E,4.33,B,0.0,E,,,0.15,E,,,115.94,B
CACEENP,2,2023,0.0,E,4.37,B,0.0,E,,,0.02,E,,,101.14,C
CACEENP,3,2023,0.0,E,4.31,B,0.0,E,,,0.17,E,,,105.5,C
CACEENP,4,2023,0.0,E,4.36,B,0.0,E,,,0.14,E,,,103.39,C
CACEENP,5,2023,0.0,E,4.11,B,0.0,E,,,0.86,A,,,116.59,B
CACEENP,6,2023,0.0,E,4.14,B,0.0,E,,,1.03,A,,,117.14,B
CACEENP,7,2023,0.0,E,4.24,B,0.0,E,,,1.16,A,,,116.63,B
CACEENP,8,2023,0.0,E,4.48,B,0.0,E,,,1.27,A,,,116.05,B
CACEENP,9,2023,0.0,E,4.48,B,0.0,E,,,1.5,A,,,116.97,B
CACEENP,10,2023,0.0,E,4.73,B,0.0,E,,,1.55,A,,,115.83,B
CACEENP,11,2023,0.0,E,4.74,B,0.0,E,,,1.62,A,,,115.11,B
CACEENP,12,2023,0.0,E,4.4,B,0.0,E,,,0.91,A,,,107.25,C
CACEENP,1,2024,0.0,E,4.48,B,0.0,E,,,0.07,E,,,106.66,C
CACEENP,2,2024,0.0,E,4.44,B,0.0,E,,,0.2,E,,,110.24,B
CACEENP,3,2024,43.34,A,4.57,B,147.34,A,1.76,E,0.25,E,0.53,E,108.28,C
CACEENP,4,2024,43.09,A,4.72,B,143.25,A,1.25,E,0.35,D,0.77,E,108.85,C
CACEENP,5,2024,42.35,A,4.42,B,147.05,A,2.55,E,0.37,D,0.83,E,107.56,C
CACEENP,6,2024,41.7,A,4.37,B,150.57,A,4.11,E,0.38,D,0.86,E,106.34,C
CACEENP,7,2024,41.02,A,4.47,B,147.58,A,4.08,E,0.5,C,1.14,E,107.25,C
CACEENP,8,2024,40.71,A,4.34,B,153.72,A,3.83,E,0.63,B,1.45,E,108.07,C
CACEENP,9,2024,40.94,A,4.41,B,147.98,A,2.81,E,0.89,A,2.06,E,110.39,B
CACEENP,10,2024,40.28,A,4.58,B,145.4,A,6.77,D,1.03,A,2.42,E,111.04,B
CACEENP,11,2024,40.03,A,4.73,B,143.09,A,8.12,C,1.1,A,2.6,E,110.72,B
CACEENP,12,2024,40.36,A,4.2,B,151.09,A,6.98,D,0.78,A,1.83,E,106.59,C
CACEENP,1,2025,39.46,A,4.4,B,148.19,A,7.02,D,0.09,E,0.21,E,107.42,C
CACEENP,2,2025,39.09,A,4.53,B,146.77,A,5.24,E,0.13,E,0.32,E,106.15,C
CACEENP,3,2025,38.81,A,4.77,B,142.68,A,5.03,E,0.19,E,0.47,E,106.01,C
CACEENP,4,2025,39.58,A,5.13,C,136.55,A,6.17,D,0.28,E,0.67,E,106.76,C
CACEENP,5,2025,39.24,A,5.1,C,134.08,A,6.53,D,0.34,D,0.82,E,106.53,C
CACEENP,6,2025,39.03,A,5.18,C,134.24,A,6.16,D,0.45,C,1.09,E,107.38,C
CACEENP,7,2025,38.79,A,5.33,C,132.54,A,7.21,D,0.52,B,1.26,E,107.36,C
CACEENP,8,2025,38.74,A,5.52,C,124.4,B,5.0,E,0.62,B,1.5,E,107.72,C
CACEENP,9,2025,38.77,A,6.04,C,116.0,B,5.77,D,0.68,A,1.66,E,107.57,C
CACEENP,10,2025,39.05,A,5.86,C,122.32,B,5.5,D,0.74,A,1.78,E,107.34,C
CACEENP,11,2025,38.75,A,5.92,C,124.19,B,8.39,C,0.75,A,1.83,E,106.82,C
CACEENP,12,2025,38.64,A,5.51,C,133.93,A,10.76,B,0.49,C,1.19,E,103.9,C
CACEENP,1,2026,38.31,A,5.44,C,139.71,A,8.72,C,0.01,E,0.03,E,101.17,C
CACEENP,2,2026,37.8,A,5.59,C,138.83,A,7.16,D,0.16,E,0.39,E,107.9,C
CACEENP,3,2026,37.2,A,,,,,6.24,D,0.23,E,0.57,E,107.67,C
CACEINTOL,3,2026,41.54,A,,,,,16.01,A,0.6,B,1.36,E,117.17,B
CACEINTOL,1,2019,0.0,E,12.6,E,0.0,E,,,0.37,D,,,129.45,B
CACEINTOL,2,2019,0.0,E,12.3,E,0.0,E,,,0.37,D,,,112.75,B
CACEINTOL,3,2019,0.0,E,12.94,E,0.0,E,,,0.76,A,,,117.96,B
CACEINTOL,4,2019,0.0,E,14.2,E,0.0,E,,,1.13,A,,,120.41,B
CACEINTOL,5,2019,0.0,E,10.7,E,0.0,E,,,0.27,E,,,105.22,C
CACEINTOL,6,2019,0.0,E,12.16,E,0.0,E,,,1.36,A,,,116.27,B
CACEINTOL,7,2019,0.0,E,10.97,E,0.0,E,,,1.19,A,,,112.11,B
CACEINTOL,8,2019,0.0,E,10.36,E,0.0,E,,,1.13,A,,,110.01,B
CACEINTOL,9,2019,0.0,E,10.35,E,0.0,E,,,1.22,A,,,109.68,C
CACEINTOL,10,2019,0.0,E,10.94,E,0.0,E,,,1.15,A,,,108.25,C
CACEINTOL,11,2019,0.0,E,11.0,E,0.0,E,,,9.52,A,,,233.45,A
CACEINTOL,12,2019,0.0,E,10.87,E,0.0,E,,,0.51,B,,,102.89,C
CACEINTOL,1,2020,0.0,E,10.78,E,0.0,E,,,-0.1,E,,,92.82,D
CACEINTOL,2,2020,0.0,E,9.6,D,0.0,E,,,0.02,E,,,100.7,C
CACEINTOL,3,2020,0.0,E,9.42,D,0.0,E,,,0.2,E,,,105.29,C
CACEINTOL,4,2020,0.0,E,10.7,E,0.0,E,,,0.27,E,,,105.22,C
CACEINTOL,5,2020,0.0,E,10.7,E,0.0,E,,,0.27,E,,,105.22,C
CACEINTOL,6,2020,0.0,E,12.56,E,0.0,E,,,0.56,B,,,107.41,C
CACEINTOL,7,2020,0.0,E,14.94,E,0.0,E,,,0.55,B,,,106.33,C
CACEINTOL,8,2020,0.0,E,13.05,E,0.0,E,,,0.7,A,,,106.93,C
CACEINTOL,9,2020,0.0,E,12.75,E,0.0,E,,,0.71,A,,,106.18,C
CACEINTOL,10,2020,0.0,E,11.77,E,0.0,E,,,0.74,A,,,105.89,C
CACEINTOL,11,2020,0.0,E,12.23,E,0.0,E,,,0.86,A,,,106.28,C
CACEINTOL,12,2020,0.0,E,11.76,E,0.0,E,,,0.89,A,,,105.37,C
CACEINTOL,1,2021,0.0,E,11.73,E,0.0,E,,,-0.01,E,,,99.3,C
CACEINTOL,2,2021,0.0,E,11.76,E,0.0,E,,,0.32,D,,,112.44,B
CACEINTOL,3,2021,0.0,E,10.7,E,0.0,E,,,0.54,B,,,114.16,B
CACEINTOL,4,2021,0.0,E,10.18,E,0.0,E,,,0.81,A,,,116.35,B
CACEINTOL,5,2021,0.0,E,9.5,D,0.0,E,,,0.97,A,,,115.46,B
CACEINTOL,6,2021,0.0,E,9.54,D,0.0,E,,,1.2,A,,,116.1,B
CACEINTOL,7,2021,0.0,E,9.17,D,0.0,E,,,1.4,A,,,116.09,B
CACEINTOL,8,2021,0.0,E,8.48,D,0.0,E,,,1.79,A,,,118.53,B
CACEINTOL,9,2021,0.0,E,7.68,D,0.0,E,,,1.96,A,,,118.51,B
CACEINTOL,10,2021,0.0,E,7.76,D,0.0,E,,,2.19,A,,,118.77,B
CACEINTOL,11,2021,0.0,E,7.81,D,0.0,E,,,2.24,A,,,117.37,B
CACEINTOL,12,2021,0.0,E,7.66,D,0.0,E,,,0.93,A,,,106.05,C
CACEINTOL,1,2022,0.0,E,7.73,D,0.0,E,,,0.23,E,,,119.51,B
CACEINTOL,2,2022,0.0,E,8.09,D,0.0,E,,,0.65,B,,,128.5,B
CACEINTOL,3,2022,0.0,E,8.49,D,0.0,E,,,0.76,A,,,120.72,B
CACEINTOL,4,2022,0.0,E,8.17,D,0.0,E,,,0.94,A,,,119.37,B
CACEINTOL,5,2022,0.0,E,9.8,D,0.0,E,,,1.36,A,,,123.47,B
CACEINTOL,6,2022,0.0,E,9.2,D,0.0,E,,,1.75,A,,,125.93,B
CACEINTOL,7,2022,0.0,E,9.94,D,0.0,E,,,2.16,A,,,127.31,B
CACEINTOL,8,2022,0.0,E,10.19,E,0.0,E,,,2.55,A,,,128.76,B
CACEINTOL,9,2022,0.0,E,10.43,E,0.0,E,,,2.93,A,,,129.51,B
CACEINTOL,10,2022,0.0,E,10.93,E,0.0,E,,,3.19,A,,,129.02,B
CACEINTOL,11,2022,0.0,E,12.04,E,0.0,E,,,3.61,A,,,130.15,B
CACEINTOL,12,2022,0.0,E,11.98,E,0.0,E,,,1.56,A,,,110.16,B
CACEINTOL,1,2023,0.0,E,11.77,E,0.0,E,,,0.28,E,,,124.64,B
CACEINTOL,2,2023,0.0,E,11.35,E,0.0,E,,,0.76,A,,,136.64,B
CACEINTOL,3,2023,0.0,E,7.34,D,0.0,E,,,1.16,A,,,136.98,B
CACEINTOL,4,2023,0.0,E,6.05,C,0.0,E,,,1.65,A,,,139.76,B
CACEINTOL,5,2023,0.0,E,5.44,C,0.0,E,,,2.26,A,,,144.89,A
CACEINTOL,6,2023,0.0,E,5.86,C,0.0,E,,,2.76,A,,,144.44,A
CACEINTOL,7,2023,0.0,E,4.96,B,0.0,E,,,3.29,A,,,146.72,A
CACEINTOL,8,2023,0.0,E,5.19,C,0.0,E,,,3.59,A,,,144.6,A
CACEINTOL,9,2023,0.0,E,5.24,C,0.0,E,,,4.07,A,,,145.79,A
CACEINTOL,10,2023,0.0,E,5.17,C,0.0,E,,,4.46,A,,,144.83,A
CACEINTOL,11,2023,0.0,E,5.15,C,0.0,E,,,4.79,A,,,143.71,A
CACEINTOL,12,2023,0.0,E,5.28,C,0.0,E,,,2.19,A,,,114.57,B
CACEINTOL,1,2024,0.0,E,5.99,C,0.0,E,,,0.34,D,,,132.56,B
CACEINTOL,2,2024,0.0,E,6.43,C,0.0,E,,,0.73,A,,,134.67,B
CACEINTOL,3,2024,48.51,A,6.2,C,115.92,B,10.05,B,0.99,A,1.93,E,131.96,B
CACEINTOL,4,2024,49.23,A,6.59,C,109.05,B,8.59,C,1.19,A,2.27,E,127.43,B
CACEINTOL,5,2024,51.41,A,6.27,C,109.94,B,9.32,B,1.79,A,3.28,E,133.54,B
CACEINTOL,6,2024,51.54,A,6.67,C,103.2,B,11.65,B,2.22,A,4.06,E,136.15,B
CACEINTOL,7,2024,51.21,A,7.47,D,91.53,C,13.33,A,2.51,A,4.61,E,135.12,B
CACEINTOL,8,2024,51.2,A,7.59,D,86.58,C,8.31,C,3.01,A,5.55,E,137.37,B
CACEINTOL,9,2024,51.34,A,7.22,D,89.26,C,4.9,E,3.45,A,6.36,D,138.54,B
CACEINTOL,10,2024,51.15,A,7.41,D,84.63,D,3.03,E,3.76,A,6.96,D,138.22,B
CACEINTOL,11,2024,51.12,A,7.4,D,82.49,D,1.46,E,4.29,A,7.94,D,140.59,B
CACEINTOL,12,2024,49.83,A,7.17,D,91.06,C,2.12,E,2.14,A,4.06,E,115.2,B
CACEINTOL,1,2025,47.52,A,8.18,D,78.67,D,1.29,E,0.33,D,0.66,E,131.39,B
CACEINTOL,2,2025,47.73,A,9.36,D,69.28,D,1.02,E,0.6,B,1.18,E,127.46,B
CACEINTOL,3,2025,47.35,A,10.89,E,59.0,E,1.13,E,0.85,A,1.7,E,125.99,B
CACEINTOL,4,2025,46.37,A,11.84,E,54.88,E,4.18,E,1.06,A,2.16,E,124.48,B
CACEINTOL,5,2025,47.66,A,11.99,E,54.61,E,4.98,E,1.15,A,2.28,E,120.63,B
CACEINTOL,6,2025,46.79,A,12.33,E,54.0,E,5.18,E,1.39,A,2.81,E,121.09,B
CACEINTOL,7,2025,45.05,A,13.99,E,47.95,E,13.29,A,1.49,A,3.12,E,119.98,B
CACEINTOL,8,2025,45.04,A,12.9,E,51.66,E,10.85,B,1.59,A,3.35,E,118.47,B
CACEINTOL,9,2025,45.32,A,11.86,E,56.04,E,8.46,C,1.91,A,3.99,E,119.66,B
CACEINTOL,10,2025,45.36,A,9.52,D,69.53,D,7.45,D,2.11,A,4.39,E,119.27,B
CACEINTOL,11,2025,45.75,A,9.26,D,70.72,D,4.12,E,2.46,A,5.08,E,120.52,B
CACEINTOL,12,2025,45.23,A,9.15,D,72.79,D,2.69,E,1.04,A,2.17,E,107.02,C
CACEINTOL,1,2026,44.03,A,9.3,D,73.13,D,6.05,D,0.18,E,0.39,E,114.52,B
CACEINTOL,2,2026,43.01,A,9.98,D,69.39,D,11.63,B,0.32,D,0.71,E,113.05,B
CACESPROL,3,2026,86.67,A,,,,,53.41,A,0.69,A,0.78,E,133.72,B
CACESPROL,2,2019,0.0,E,0.0,A,,,,,0.76,A,,,165.13,A
CACESPROL,3,2019,0.0,E,0.0,A,,,,,1.05,A,,,156.94,A
CACESPROL,4,2019,0.0,E,0.0,A,,,,,1.36,A,,,154.29,A
CACESPROL,5,2019,0.0,E,0.0,A,,,,,1.37,A,,,140.1,B
CACESPROL,6,2019,0.0,E,0.0,A,,,,,1.91,A,,,148.32,A
CACESPROL,7,2019,0.0,E,0.0,A,,,,,2.22,A,,,149.95,A
CACESPROL,8,2019,0.0,E,0.0,A,,,,,2.56,A,,,150.68,A
CACESPROL,9,2019,0.0,E,0.0,A,,,,,2.85,A,,,149.81,A
CACESPROL,10,2019,0.0,E,0.0,A,,,,,3.12,A,,,149.05,A
CACESPROL,11,2019,0.0,E,0.0,A,,,,,3.44,A,,,150.05,A
CACESPROL,12,2019,0.0,E,0.0,A,,,,,1.07,A,,,110.22,B
CACESPROL,1,2020,0.0,E,0.0,A,,,,,0.34,D,,,155.22,A
CACESPROL,2,2020,0.0,E,0.0,A,,,,,0.64,B,,,151.45,A
CACESPROL,3,2020,0.0,E,0.0,A,,,,,0.84,A,,,142.19,B
CACESPROL,4,2020,0.0,E,0.0,A,,,,,1.1,A,,,140.19,B
CACESPROL,5,2020,0.0,E,0.0,A,,,,,1.37,A,,,140.1,B
CACESPROL,6,2020,0.0,E,0.0,A,,,,,1.65,A,,,140.46,B
CACESPROL,7,2020,0.0,E,0.0,A,,,,,1.92,A,,,141.08,B
CACESPROL,8,2020,0.0,E,0.0,A,,,,,2.18,A,,,141.64,B
CACESPROL,10,2020,0.0,E,0.0,A,,,,,2.62,A,,,140.67,B
CACESPROL,11,2020,0.0,E,0.0,A,,,,,2.79,A,,,139.48,B
CACESPROL,12,2020,0.0,E,4.06,B,0.0,E,,,0.52,B,,,104.95,C
CACESPROL,1,2021,0.0,E,3.63,B,0.0,E,,,0.29,E,,,148.92,A
CACESPROL,2,2021,0.0,E,3.52,B,0.0,E,,,0.54,B,,,145.6,A
CACESPROL,3,2021,0.0,E,3.55,B,0.0,E,,,0.68,A,,,134.26,B
CACESPROL,4,2021,0.0,E,3.55,B,0.0,E,,,0.96,A,,,136.03,B
CACESPROL,5,2021,0.0,E,3.83,B,0.0,E,,,1.02,A,,,129.11,B
CACESPROL,6,2021,0.0,E,2.38,A,0.0,E,,,1.21,A,,,130.06,B
CACESPROL,7,2021,0.0,E,2.45,A,0.0,E,,,1.37,A,,,129.01,B
CACESPROL,8,2021,0.0,E,1.18,A,0.0,E,,,1.55,A,,,128.86,B
CACESPROL,9,2021,0.0,E,1.26,A,0.0,E,,,1.72,A,,,128.25,B
CACESPROL,10,2021,0.0,E,0.21,A,0.0,E,,,1.84,A,,,127.7,B
CACESPROL,11,2021,0.0,E,0.2,A,0.0,E,,,1.97,A,,,127.08,B
CACESPROL,12,2021,0.0,E,0.2,A,0.0,E,,,0.34,D,,,103.35,C
CACESPROL,1,2022,0.0,E,0.24,A,0.0,E,,,0.23,E,,,134.48,B
CACESPROL,2,2022,0.0,E,0.97,A,0.0,E,,,0.47,C,,,135.84,B
CACESPROL,3,2022,0.0,E,0.94,A,0.0,E,,,0.56,B,,,127.68,B
CACESPROL,4,2022,0.0,E,0.96,A,0.0,E,,,0.77,A,,,129.97,B
CACESPROL,5,2022,0.0,E,0.95,A,0.0,E,,,0.73,A,,,120.9,B
CACESPROL,6,2022,0.0,E,0.93,A,0.0,E,,,0.94,A,,,122.77,B
CACESPROL,7,2022,0.0,E,0.92,A,0.0,E,,,1.18,A,,,124.97,B
CACESPROL,8,2022,0.0,E,0.92,A,0.0,E,,,1.44,A,,,126.77,B
CACESPROL,9,2022,0.0,E,0.9,A,0.0,E,,,1.6,A,,,126.31,B
CACESPROL,11,2022,0.0,E,0.89,A,0.0,E,,,2.52,A,,,134.42,B
CACESPROL,12,2022,0.0,E,0.74,A,0.0,E,,,1.07,A,,,110.78,B
CACESPROL,1,2023,0.0,E,0.7,A,0.0,E,,,0.3,E,,,148.71,A
CACESPROL,2,2023,0.0,E,0.69,A,0.0,E,,,0.55,B,,,144.87,A
CACESPROL,3,2023,0.0,E,0.87,A,0.0,E,,,0.74,A,,,136.73,B
CACESPROL,4,2023,0.0,E,0.69,A,0.0,E,,,0.71,A,,,123.84,B
CACESPROL,5,2023,0.0,E,0.67,A,0.0,E,,,0.86,A,,,123.19,B
CACESPROL,6,2023,0.0,E,0.4,A,0.0,E,,,1.09,A,,,124.94,B
CACESPROL,7,2023,0.0,E,0.39,A,0.0,E,,,1.34,A,,,126.96,B
CACESPROL,8,2023,0.0,E,0.38,A,0.0,E,,,1.55,A,,,127.74,B
CACESPROL,9,2023,0.0,E,0.38,A,0.0,E,,,1.72,A,,,127.23,B
CACESPROL,10,2023,0.0,E,0.37,A,0.0,E,,,1.92,A,,,127.29,B
CACESPROL,11,2023,0.0,E,0.38,A,0.0,E,,,2.06,A,,,126.77,B
CACESPROL,12,2023,0.0,E,0.66,A,0.0,E,,,1.11,A,,,111.41,B
CACESPROL,1,2024,0.0,E,0.58,A,0.0,E,,,0.3,D,,,147.28,A
CACESPROL,2,2024,0.0,E,1.01,A,0.0,E,,,0.57,B,,,145.29,A
CACESPROL,3,2024,89.31,A,0.69,A,183.45,A,33.28,A,0.68,A,0.76,E,133.53,B
CACESPROL,4,2024,89.15,A,0.67,A,186.29,A,54.33,A,0.62,B,0.69,E,120.7,B
CACESPROL,5,2024,88.49,A,0.79,A,159.86,A,40.72,A,0.79,A,0.89,E,121.08,B
CACESPROL,6,2024,88.5,A,0.48,A,261.04,A,43.93,A,1.02,A,1.14,E,122.95,B
CACESPROL,7,2024,88.25,A,0.92,A,134.16,A,28.26,A,1.24,A,1.39,E,124.59,B
CACESPROL,8,2024,88.24,A,1.02,A,118.88,B,18.62,A,1.54,A,1.72,E,127.35,B
CACESPROL,9,2024,87.74,A,1.12,A,106.39,B,13.43,A,1.71,A,1.92,E,127.2,B
CACESPROL,10,2024,87.99,A,1.1,A,107.41,B,5.47,D,1.95,A,2.19,E,128.3,B
CACESPROL,11,2024,88.12,A,1.04,A,115.02,B,8.0,C,2.18,A,2.44,E,128.89,B
CACESPROL,12,2024,88.34,A,0.83,A,142.76,A,8.04,C,1.11,A,1.24,E,111.55,B
CACESPROL,1,2025,88.33,A,0.64,A,185.48,A,13.52,A,0.35,D,0.39,E,156.6,A
CACESPROL,2,2025,88.3,A,0.72,A,169.73,A,29.38,A,0.67,A,0.75,E,154.29,A
CACESPROL,3,2025,88.56,A,1.03,A,118.53,B,27.23,A,0.92,A,1.02,E,147.39,A
CACESPROL,4,2025,88.59,A,1.08,A,112.88,B,23.91,A,1.16,A,1.3,E,143.98,A
CACESPROL,5,2025,88.67,A,0.96,A,129.62,B,29.07,A,1.23,A,1.37,E,134.94,B
CACESPROL,6,2025,88.69,A,0.74,A,168.3,A,23.66,A,1.46,A,1.63,E,134.84,B
CACESPROL,7,2025,88.5,A,0.49,A,256.03,A,35.48,A,1.76,A,1.96,E,136.73,B
CACESPROL,8,2025,88.56,A,0.49,A,258.36,A,35.21,A,2.04,A,2.28,E,137.83,B
CACESPROL,9,2025,88.37,A,0.49,A,262.49,A,39.18,A,2.15,A,2.41,E,134.86,B
CACESPROL,10,2025,88.26,A,0.49,A,264.59,A,49.58,A,2.43,A,2.72,E,135.8,B
CACESPROL,11,2025,88.06,A,0.5,A,266.73,A,61.18,A,2.62,A,2.94,E,135.33,B
CACESPROL,12,2025,88.41,A,0.63,A,219.43,A,59.76,A,1.29,A,1.44,E,113.05,B
CACESPROL,1,2026,86.73,A,0.63,A,221.02,A,43.4,A,0.28,E,0.31,E,143.42,A
CACESPROL,2,2026,86.65,A,0.63,A,222.6,A,47.51,A,0.55,B,0.62,E,142.89,B
CACIBSCOL,1,2019,0.0,E,2.64,B,0.0,E,,,0.54,B,,,168.58,A
CACIBSCOL,2,2019,0.0,E,2.6,B,0.0,E,,,0.94,A,,,154.21,A
CACIBSCOL,3,2019,0.0,E,2.57,B,0.0,E,,,1.19,A,,,143.89,A
CACIBSCOL,4,2019,0.0,E,16.72,E,0.0,E,,,0.49,C,,,110.65,B
CACIBSCOL,6,2019,0.0,E,15.76,E,0.0,E,,,0.43,C,,,106.81,C
CACIBSCOL,7,2019,0.0,E,16.43,E,0.0,E,,,0.72,A,,,110.02,B
CACIBSCOL,8,2019,0.0,E,14.8,E,0.0,E,,,0.83,A,,,110.16,B
CACIBSCOL,9,2019,0.0,E,14.44,E,0.0,E,,,1.26,A,,,114.37,B
CACIBSCOL,11,2019,0.0,E,11.75,E,0.0,E,,,1.97,A,,,118.8,B
CACIBSCOL,1,2020,0.0,E,12.23,E,0.0,E,,,0.29,E,,,128.51,B
CACIBSCOL,2,2020,0.0,E,11.99,E,0.0,E,,,0.7,A,,,138.35,B
CACIBSCOL,3,2020,0.0,E,14.59,E,0.0,E,,,0.42,D,,,112.61,B
CACIBSCOL,4,2020,0.0,E,24.49,E,0.0,E,,,-0.05,E,,,99.09,C
CACIBSCOL,5,2020,0.0,E,38.96,E,0.0,E,,,0.28,E,,,104.78,C
CACIBSCOL,6,2020,0.0,E,44.31,E,0.0,E,,,0.57,B,,,108.59,C
CACIBSCOL,7,2020,0.0,E,43.98,E,0.0,E,,,0.58,B,,,107.47,C
CACIBSCOL,8,2020,0.0,E,12.14,E,0.0,E,,,1.51,A,,,117.14,B
CACIBSCOL,9,2020,0.0,E,13.27,E,0.0,E,,,1.83,A,,,119.29,B
CACIBSCOL,10,2020,0.0,E,27.13,E,0.0,E,,,2.09,A,,,120.61,B
CACIBSCOL,11,2020,0.0,E,28.14,E,0.0,E,,,2.46,A,,,122.84,B
CACIBSCOL,1,2021,0.0,E,14.71,E,0.0,E,,,0.44,C,,,154.05,A
CACIBSCOL,2,2021,0.0,E,14.14,E,0.0,E,,,0.87,A,,,155.59,A
CACIBSCOL,4,2021,0.0,E,13.11,E,0.0,E,,,0.68,A,,,115.73,B
CACIBSCOL,5,2021,0.0,E,9.04,D,0.0,E,,,1.28,A,,,125.34,B
CACIBSCOL,6,2021,0.0,E,9.16,D,0.0,E,,,1.46,A,,,123.99,B
CACIBSCOL,7,2021,0.0,E,7.3,D,0.0,E,,,1.97,A,,,129.33,B
CACIBSCOL,8,2021,0.0,E,10.24,E,0.0,E,,,2.47,A,,,133.02,B
CACIBSCOL,9,2021,0.0,E,10.27,E,0.0,E,,,2.96,A,,,135.79,B
CACIBSCOL,10,2021,0.0,E,12.19,E,0.0,E,,,3.29,A,,,136.14,B
CACIBSCOL,11,2021,0.0,E,12.63,E,0.0,E,,,3.67,A,,,137.16,B
CACIBSCOL,12,2021,0.0,E,11.39,E,0.0,E,,,0.8,A,,,105.78,C
CACIBSCOL,1,2022,0.0,E,14.55,E,0.0,E,,,0.53,B,,,174.32,A
CACIBSCOL,2,2022,0.0,E,14.84,E,0.0,E,,,1.0,A,,,165.71,A
CACIBSCOL,3,2022,0.0,E,13.4,E,0.0,E,,,1.09,A,,,140.97,B
CACIBSCOL,4,2022,0.0,E,12.63,E,0.0,E,,,0.67,A,,,115.73,B
CACIBSCOL,5,2022,0.0,E,11.34,E,0.0,E,,,1.34,A,,,126.85,B
CACIBSCOL,6,2022,0.0,E,11.85,E,0.0,E,,,1.72,A,,,128.53,B
CACIBSCOL,7,2022,0.0,E,9.79,D,0.0,E,,,2.12,A,,,132.79,B
CACIBSCOL,8,2022,0.0,E,11.67,E,0.0,E,,,2.27,A,,,129.86,B
CACIBSCOL,9,2022,0.0,E,11.08,E,0.0,E,,,2.88,A,,,135.45,B
CACIBSCOL,10,2022,0.0,E,11.83,E,0.0,E,,,2.81,A,,,130.2,B
CACIBSCOL,11,2022,0.0,E,14.19,E,0.0,E,,,3.14,A,,,130.68,B
CACIBSCOL,12,2022,0.0,E,13.53,E,0.0,E,,,1.1,A,,,108.28,C
CACIBSCOL,1,2023,0.0,E,13.99,E,0.0,E,,,0.45,C,,,162.58,A
CACIBSCOL,2,2023,0.0,E,14.67,E,0.0,E,,,0.77,A,,,149.21,A
CACIBSCOL,3,2023,0.0,E,14.54,E,0.0,E,,,0.47,C,,,114.35,B
CACIBSCOL,4,2023,0.0,E,5.92,C,0.0,E,,,1.13,A,,,128.03,B
CACIBSCOL,5,2023,0.0,E,6.77,C,0.0,E,,,1.46,A,,,128.86,B
CACIBSCOL,6,2023,0.0,E,8.44,D,0.0,E,,,1.63,A,,,125.85,B
CACIBSCOL,7,2023,0.0,E,9.08,D,0.0,E,,,1.91,A,,,126.52,B
CACIBSCOL,8,2023,0.0,E,8.98,D,0.0,E,,,1.86,A,,,122.02,B
CACIBSCOL,9,2023,0.0,E,10.28,E,0.0,E,,,2.35,A,,,125.38,B
CACIBSCOL,10,2023,0.0,E,10.92,E,0.0,E,,,2.6,A,,,125.82,B
CACIBSCOL,11,2023,0.0,E,10.84,E,0.0,E,,,2.99,A,,,127.06,B
CACIBSCOL,12,2023,0.0,E,9.28,D,0.0,E,,,1.09,A,,,107.53,C
CACIBSCOL,1,2024,0.0,E,8.04,D,0.0,E,,,0.5,B,,,157.72,A
CACIBSCOL,2,2024,0.0,E,8.29,D,0.0,E,,,0.75,A,,,140.48,B
CACIBSCOL,3,2024,73.1,A,8.9,D,48.08,E,12.03,A,0.08,E,0.11,E,102.29,C
CACIBSCOL,4,2024,71.9,A,7.06,D,58.68,E,11.44,B,0.69,A,0.93,E,117.1,B
CACIBSCOL,5,2024,71.75,A,6.34,C,63.72,D,5.09,E,0.99,A,1.33,E,119.98,B
CACIBSCOL,6,2024,70.34,A,6.21,C,65.29,D,9.03,B,1.09,A,1.49,E,118.61,B
CACIBSCOL,7,2024,70.25,A,4.79,B,82.06,D,14.94,A,1.45,A,1.99,E,121.88,B
CACIBSCOL,8,2024,69.22,A,4.7,B,82.52,D,14.13,A,1.64,A,2.29,E,122.06,B
CACIBSCOL,9,2024,70.02,A,6.92,C,56.18,E,13.4,A,2.06,A,2.85,E,125.33,B
CACIBSCOL,10,2024,68.02,A,6.76,C,57.22,E,19.36,A,2.23,A,3.18,E,125.64,B
CACIBSCOL,11,2024,68.17,A,6.87,C,51.26,E,17.89,A,2.51,A,3.58,E,126.78,B
CACIBSCOL,12,2024,66.39,A,6.72,C,52.93,E,12.68,A,0.98,A,1.44,E,108.22,C
CACIBSCOL,1,2025,65.16,A,6.85,C,51.77,E,28.42,A,0.41,D,0.61,E,153.78,A
CACIBSCOL,2,2025,65.43,A,5.97,C,58.46,E,19.27,A,0.58,B,0.86,E,134.97,B
CACIBSCOL,3,2025,66.51,A,7.06,D,48.18,E,12.83,A,0.92,A,1.35,E,138.89,B
CACIBSCOL,4,2025,65.5,A,7.02,D,48.47,E,10.59,B,0.35,D,0.53,E,108.74,C
CACIBSCOL,5,2025,65.3,A,5.48,C,61.42,D,6.82,D,0.72,A,1.07,E,115.14,B
CACIBSCOL,6,2025,64.63,A,6.31,C,53.86,E,7.34,D,0.78,A,1.17,E,113.94,B
CACIBSCOL,7,2025,62.89,A,5.53,C,59.88,E,20.3,A,0.82,A,1.26,E,112.81,B
CACIBSCOL,8,2025,62.63,A,5.3,C,61.7,D,11.15,B,1.27,A,1.98,E,118.12,B
CACIBSCOL,9,2025,62.17,A,5.22,C,61.75,D,9.97,B,1.33,A,2.09,E,117.07,B
CACIBSCOL,10,2025,62.07,A,5.35,C,60.02,D,8.15,C,1.47,A,2.31,E,117.02,B
CACIBSCOL,11,2025,60.36,A,4.86,B,64.73,D,10.11,B,1.66,A,2.68,E,118.16,B
CACIBSCOL,12,2025,58.8,A,5.02,C,63.37,D,8.88,C,0.96,A,1.59,E,108.92,C
CACIBSCOL,1,2026,58.66,A,4.14,B,75.71,D,10.38,B,0.3,E,0.49,E,135.64,B
CACIBSCOL,2,2026,58.68,A,3.37,B,93.02,C,9.57,B,0.33,D,0.55,E,118.5,B
CACIBSCOL,3,2026,58.83,A,,,,,9.78,B,0.27,E,0.44,E,109.36,C
CACIL,3,2026,22.56,A,,,,,15.79,A,0.53,B,2.27,E,124.71,B
CACIL,1,2019,0.0,E,14.62,E,0.0,E,,,0.14,E,,,115.96,B
CACIL,2,2019,0.0,E,17.32,E,0.0,E,,,0.23,E,,,113.76,B
CACIL,3,2019,0.0,E,16.7,E,0.0,E,,,0.3,D,,,111.07,B
CACIL,4,2019,0.0,E,16.53,E,0.0,E,,,0.55,B,,,115.31,B
CACIL,5,2019,0.0,E,49.27,E,0.0,E,,,-0.19,E,,,95.4,C
CACIL,6,2019,0.0,E,16.07,E,0.0,E,,,0.73,A,,,113.81,B
CACIL,7,2019,0.0,E,15.03,E,0.0,E,,,0.8,A,,,113.2,B
CACIL,8,2019,0.0,E,16.59,E,0.0,E,,,1.0,A,,,114.41,B
CACIL,9,2019,0.0,E,16.69,E,0.0,E,,,0.99,A,,,113.07,B
CACIL,10,2019,0.0,E,15.84,E,0.0,E,,,1.11,A,,,113.33,B
CACIL,11,2019,0.0,E,16.8,E,0.0,E,,,1.18,A,,,112.98,B
CACIL,12,2019,0.0,E,15.24,E,0.0,E,,,0.59,B,,,105.67,C
CACIL,1,2020,0.0,E,13.66,E,0.0,E,,,0.12,E,,,113.61,B
CACIL,2,2020,0.0,E,17.16,E,0.0,E,,,0.15,E,,,108.56,C
CACIL,3,2020,0.0,E,28.64,E,0.0,E,,,0.03,E,,,100.97,C
CACIL,4,2020,0.0,E,42.88,E,0.0,E,,,-0.2,E,,,94.44,C
CACIL,5,2020,0.0,E,49.27,E,0.0,E,,,-0.19,E,,,95.4,C
CACIL,6,2020,0.0,E,45.39,E,0.0,E,,,-0.18,E,,,96.22,C
CACIL,7,2020,0.0,E,41.78,E,0.0,E,,,-0.18,E,,,96.84,C
CACIL,8,2020,0.0,E,41.72,E,0.0,E,,,-0.16,E,,,97.4,C
CACIL,9,2020,0.0,E,34.71,E,0.0,E,,,0.83,A,,,111.96,B
CACIL,10,2020,0.0,E,32.06,E,0.0,E,,,0.94,A,,,112.38,B
CACIL,11,2020,0.0,E,32.09,E,0.0,E,,,0.89,A,,,110.93,B
CACIL,12,2020,0.0,E,27.97,E,0.0,E,,,0.11,E,,,101.22,C
CACIL,1,2021,0.0,E,26.51,E,0.0,E,,,1.15,A,,,253.05,A
CACIL,2,2021,0.0,E,21.44,E,0.0,E,,,1.25,A,,,184.94,A
CACIL,3,2021,0.0,E,21.5,E,0.0,E,,,1.4,A,,,162.66,A
CACIL,4,2021,0.0,E,20.71,E,0.0,E,,,1.43,A,,,148.97,A
CACIL,5,2021,0.0,E,22.19,E,0.0,E,,,1.65,A,,,145.06,A
CACIL,6,2021,0.0,E,19.4,E,0.0,E,,,1.52,A,,,133.69,B
CACIL,7,2021,0.0,E,20.36,E,0.0,E,,,1.51,A,,,128.7,B
CACIL,8,2021,0.0,E,20.85,E,0.0,E,,,1.68,A,,,128.22,B
CACIL,9,2021,0.0,E,19.02,E,0.0,E,,,1.83,A,,,127.77,B
CACIL,10,2021,0.0,E,21.08,E,0.0,E,,,1.93,A,,,126.36,B
CACIL,11,2021,0.0,E,18.16,E,0.0,E,,,1.99,A,,,125.15,B
CACIL,12,2021,0.0,E,16.47,E,0.0,E,,,1.03,A,,,112.56,B
CACIL,1,2022,0.0,E,17.35,E,0.0,E,,,1.05,A,,,249.16,A
CACIL,2,2022,0.0,E,15.33,E,0.0,E,,,1.3,A,,,196.58,A
CACIL,3,2022,0.0,E,15.83,E,0.0,E,,,1.16,A,,,153.64,A
CACIL,4,2022,0.0,E,15.46,E,0.0,E,,,1.15,A,,,140.85,B
CACIL,5,2022,0.0,E,15.02,E,0.0,E,,,1.22,A,,,134.89,B
CACIL,6,2022,0.0,E,14.85,E,0.0,E,,,1.21,A,,,129.5,B
CACIL,7,2022,0.0,E,16.13,E,0.0,E,,,1.2,A,,,125.41,B
CACIL,8,2022,0.0,E,14.63,E,0.0,E,,,1.25,A,,,123.0,B
CACIL,9,2022,0.0,E,14.87,E,0.0,E,,,1.33,A,,,122.01,B
CACIL,10,2022,0.0,E,14.61,E,0.0,E,,,1.33,A,,,120.22,B
CACIL,11,2022,0.0,E,14.13,E,0.0,E,,,1.41,A,,,119.48,B
CACIL,12,2022,0.0,E,13.59,E,0.0,E,,,0.52,B,,,106.54,C
CACIL,1,2023,0.0,E,16.31,E,0.0,E,,,1.1,A,,,262.95,A
CACIL,2,2023,0.0,E,13.61,E,0.0,E,,,1.09,A,,,183.49,A
CACIL,3,2023,0.0,E,14.77,E,0.0,E,,,1.12,A,,,155.83,A
CACIL,4,2023,0.0,E,15.15,E,0.0,E,,,1.16,A,,,142.63,B
CACIL,5,2023,0.0,E,14.72,E,0.0,E,,,1.3,A,,,138.8,B
CACIL,6,2023,0.0,E,14.32,E,0.0,E,,,1.35,A,,,133.57,B
CACIL,7,2023,0.0,E,14.1,E,0.0,E,,,1.44,A,,,131.05,B
CACIL,8,2023,0.0,E,12.74,E,0.0,E,,,1.52,A,,,128.83,B
CACIL,9,2023,0.0,E,12.63,E,0.0,E,,,1.58,A,,,126.7,B
CACIL,10,2023,0.0,E,13.7,E,0.0,E,,,1.7,A,,,125.86,B
CACIL,11,2023,0.0,E,12.79,E,0.0,E,,,1.79,A,,,124.89,B
CACIL,12,2023,0.0,E,14.04,E,0.0,E,,,1.03,A,,,113.28,B
CACIL,1,2024,0.0,E,14.38,E,0.0,E,,,1.23,A,,,278.27,A
CACIL,2,2024,0.0,E,15.96,E,0.0,E,,,1.23,A,,,192.25,A
CACIL,3,2024,27.43,A,18.48,E,29.85,E,15.92,A,1.25,A,4.39,E,163.02,A
CACIL,4,2024,27.38,A,13.17,E,41.74,E,14.29,A,1.35,A,4.78,E,151.58,A
CACIL,5,2024,27.28,A,4.47,B,123.1,B,14.15,A,1.42,A,5.05,E,143.56,A
CACIL,6,2024,27.15,A,4.53,B,120.96,B,13.79,A,1.5,A,5.33,E,138.31,B
CACIL,7,2024,27.15,A,4.36,B,124.79,B,12.5,A,1.66,A,5.91,E,136.55,B
CACIL,8,2024,27.19,A,4.23,B,127.85,B,12.13,A,1.78,A,6.35,D,134.44,B
CACIL,9,2024,27.35,A,4.47,B,119.41,B,10.15,B,1.87,A,6.62,D,132.09,B
CACIL,10,2024,27.19,A,4.0,B,131.9,A,9.21,B,2.09,A,7.43,D,132.76,B
CACIL,11,2024,27.48,A,3.64,B,138.91,A,9.0,B,2.34,A,8.26,D,133.13,B
CACIL,12,2024,26.7,A,3.47,B,146.84,A,8.81,C,1.64,A,5.93,E,121.28,B
CACIL,1,2025,26.68,A,3.39,B,163.6,A,11.85,A,1.08,A,3.91,E,256.46,A
CACIL,2,2025,26.1,A,3.26,B,170.36,A,15.22,A,1.2,A,4.46,E,190.5,A
CACIL,3,2025,25.96,A,4.98,B,111.75,B,14.97,A,1.3,A,4.83,E,165.25,A
CACIL,4,2025,25.96,A,4.54,B,116.98,B,15.69,A,1.55,A,5.78,E,158.91,A
CACIL,5,2025,25.91,A,4.15,B,125.27,B,14.87,A,1.73,A,6.47,D,152.15,A
CACIL,6,2025,25.47,A,3.97,B,130.03,A,15.98,A,1.86,A,7.08,D,147.57,A
CACIL,7,2025,25.26,A,3.82,B,134.36,A,16.02,A,2.02,A,7.75,D,144.53,A
CACIL,8,2025,25.24,A,3.64,B,139.88,A,15.77,A,2.13,A,8.17,D,140.23,B
CACIL,9,2025,24.93,A,3.71,B,134.01,A,15.61,A,2.13,A,8.3,D,136.35,B
CACIL,10,2025,24.84,A,4.04,B,123.1,B,15.35,A,2.18,A,8.51,C,133.15,B
CACIL,11,2025,24.66,A,3.59,B,134.38,A,13.54,A,2.24,A,8.83,C,131.27,B
CACIL,12,2025,25.02,A,3.34,B,121.05,B,12.6,A,2.53,A,9.87,C,132.65,B
CACIL,1,2026,23.64,A,3.08,B,153.88,A,14.67,A,0.54,B,2.2,E,173.56,A
CACIL,2,2026,22.9,A,2.97,B,160.03,A,17.0,A,0.5,C,2.11,E,134.66,B
CACSULACTA,3,2026,90.59,A,,,,,21.26,A,1.06,A,1.15,E,138.03,B
CACSULACTA,1,2019,0.0,E,0.0,A,,,,,0.61,B,,,169.07,A
CACSULACTA,2,2019,0.0,E,0.0,A,,,,,1.52,A,,,183.06,A
CACSULACTA,3,2019,0.0,E,0.0,A,,,,,1.78,A,,,159.02,A
CACSULACTA,4,2019,0.0,E,0.0,A,,,,,2.54,A,,,159.15,A
CACSULACTA,5,2019,0.0,E,0.0,A,,,,,2.81,A,,,155.2,A
CACSULACTA,6,2019,0.0,E,0.0,A,,,,,0.49,C,,,110.5,B
CACSULACTA,7,2019,0.0,E,0.0,A,,,,,4.51,A,,,166.57,A
CACSULACTA,8,2019,0.0,E,0.0,A,,,,,4.8,A,,,163.75,A
CACSULACTA,9,2019,0.0,E,0.0,A,,,,,5.4,A,,,164.62,A
CACSULACTA,10,2019,0.0,E,0.0,A,,,,,5.96,A,,,163.99,A
CACSULACTA,11,2019,0.0,E,0.0,A,,,,,6.24,A,,,163.77,A
CACSULACTA,12,2019,0.0,E,0.0,A,,,,,6.51,A,,,160.49,A
CACSULACTA,7,2020,0.0,E,0.0,A,,,,,3.5,A,,,160.78,A
CACSULACTA,8,2020,0.0,E,0.0,A,,,,,3.98,A,,,157.52,A
CACSULACTA,9,2020,0.0,E,0.0,A,,,,,4.4,A,,,156.41,A
CACSULACTA,10,2020,0.0,E,0.0,A,,,,,4.77,A,,,157.22,A
CACSULACTA,11,2020,0.0,E,0.0,A,,,,,5.03,A,,,152.13,A
CACSULACTA,12,2020,0.0,E,0.0,A,,,,,7.48,A,,,192.43,A
CACSULACTA,1,2021,0.0,E,0.0,A,,,,,0.38,D,,,143.08,A
CACSULACTA,2,2021,0.0,E,0.0,A,,,,,0.74,A,,,140.55,B
CACSULACTA,3,2021,0.0,E,0.0,A,,,,,1.15,A,,,140.18,B
CACSULACTA,4,2021,0.0,E,0.0,A,,,,,1.43,A,,,138.01,B
CACSULACTA,5,2021,0.0,E,0.0,A,,,,,1.83,A,,,140.75,B
CACSULACTA,6,2021,0.0,E,0.0,A,,,,,2.3,A,,,141.47,B
CACSULACTA,7,2021,0.0,E,0.0,A,,,,,3.02,A,,,150.88,A
CACSULACTA,8,2021,0.0,E,0.0,A,,,,,3.66,A,,,154.1,A
CACSULACTA,9,2021,0.0,E,0.0,A,,,,,4.87,A,,,153.64,A
CACSULACTA,10,2021,0.0,E,0.0,A,,,,,4.42,A,,,153.14,A
CACSULACTA,11,2021,0.0,E,0.0,A,,,,,4.87,A,,,152.75,A
CACSULACTA,12,2021,0.0,E,0.0,A,,,,,5.6,A,,,156.1,A
CACSULACTA,1,2022,0.0,E,0.0,A,,,,,0.55,B,,,170.25,A
CACSULACTA,2,2022,0.0,E,0.0,A,,,,,0.92,A,,,149.25,A
CACSULACTA,3,2022,0.0,E,0.0,A,,,,,2.13,A,,,199.2,A
CACSULACTA,4,2022,0.0,E,0.0,A,,,,,2.75,A,,,198.15,A
CACSULACTA,5,2022,0.0,E,0.0,A,,,,,3.05,A,,,185.58,A
CACSULACTA,6,2022,0.0,E,0.0,A,,,,,3.49,A,,,181.1,A
CACSULACTA,7,2022,0.0,E,0.0,A,,,,,4.17,A,,,183.94,A
CACSULACTA,8,2022,0.0,E,0.0,A,,,,,4.75,A,,,181.28,A
CACSULACTA,9,2022,0.0,E,0.0,A,,,,,5.21,A,,,177.21,A
CACSULACTA,10,2022,0.0,E,0.0,A,,,,,5.46,A,,,173.49,A
CACSULACTA,11,2022,0.0,E,0.0,A,,,,,5.82,A,,,171.62,A
CACSULACTA,12,2022,0.0,E,0.0,A,,,,,4.51,A,,,138.34,B
CACSULACTA,1,2023,0.0,E,0.0,A,,,,,0.29,E,,,130.79,B
CACSULACTA,2,2023,0.0,E,0.0,A,,,,,0.86,A,,,149.37,A
CACSULACTA,3,2023,0.0,E,0.0,A,,,,,1.12,A,,,142.53,B
CACSULACTA,4,2023,0.0,E,0.0,A,,,,,1.35,A,,,136.2,B
CACSULACTA,5,2023,0.0,E,0.0,A,,,,,1.58,A,,,133.72,B
CACSULACTA,6,2023,0.0,E,0.0,A,,,,,1.85,A,,,133.97,B
CACSULACTA,7,2023,0.0,E,0.0,A,,,,,2.37,A,,,137.01,B
CACSULACTA,8,2023,0.0,E,0.0,A,,,,,2.97,A,,,138.47,B
CACSULACTA,9,2023,0.0,E,0.0,A,,,,,3.02,A,,,137.79,B
CACSULACTA,10,2023,0.0,E,0.0,A,,,,,3.3,A,,,137.16,B
CACSULACTA,11,2023,0.0,E,0.0,A,,,,,3.57,A,,,137.42,B
CACSULACTA,12,2023,0.0,E,0.0,A,,,,,4.74,A,,,148.61,A
CACSULACTA,1,2024,0.0,E,0.0,A,,,,,0.3,D,,,136.2,B
CACSULACTA,2,2024,0.0,E,0.0,A,,,,,0.95,A,,,156.43,A
CACSULACTA,3,2024,90.16,A,0.0,A,,,112.95,A,1.1,A,1.19,E,144.31,A
CACSULACTA,4,2024,90.03,A,0.0,A,,,53.8,A,1.28,A,1.4,E,137.95,B
CACSULACTA,5,2024,88.78,A,0.0,A,,,37.98,A,1.54,A,1.69,E,135.27,B
CACSULACTA,6,2024,88.18,A,0.0,A,,,170.19,A,1.77,A,1.96,E,134.54,B
CACSULACTA,7,2024,87.58,A,0.0,A,,,142.44,A,2.03,A,2.26,E,133.46,B
CACSULACTA,8,2024,87.18,A,0.0,A,,,117.3,A,2.4,A,2.7,E,135.4,B
CACSULACTA,9,2024,86.55,A,0.0,A,,,103.15,A,2.68,A,3.03,E,135.84,B
CACSULACTA,10,2024,85.96,A,0.0,A,,,60.87,A,2.92,A,3.32,E,135.54,B
CACSULACTA,11,2024,85.54,A,0.0,A,,,92.45,A,3.14,A,3.59,E,134.94,B
CACSULACTA,12,2024,85.72,A,0.0,A,,,123.04,A,3.75,A,4.29,E,139.5,B
CACSULACTA,1,2025,85.05,A,0.0,A,,,107.48,A,0.44,C,0.51,E,158.64,A
CACSULACTA,2,2025,90.38,A,0.0,A,,,82.06,A,0.91,A,0.99,E,157.29,A
CACSULACTA,3,2025,90.41,A,0.0,A,,,-2.94,E,1.33,A,1.44,E,154.69,A
CACSULACTA,4,2025,90.02,A,0.0,A,,,70.28,A,1.6,A,1.74,E,148.97,A
CACSULACTA,5,2025,89.68,A,0.0,A,,,69.39,A,1.92,A,2.1,E,147.44,A
CACSULACTA,6,2025,88.82,A,0.0,A,,,146.18,A,2.27,A,2.51,E,145.95,A
CACSULACTA,7,2025,88.31,A,0.0,A,,,81.7,A,2.87,A,3.19,E,150.06,A
CACSULACTA,8,2025,87.93,A,0.0,A,,,88.83,A,3.22,A,3.59,E,150.25,A
CACSULACTA,9,2025,87.46,A,0.0,A,,,84.04,A,3.53,A,3.95,E,149.35,A
CACSULACTA,10,2025,87.08,A,0.0,A,,,77.2,A,3.84,A,4.33,E,149.52,A
CACSULACTA,11,2025,86.61,A,0.0,A,,,73.52,A,4.17,A,4.72,E,149.44,A
CACSULACTA,12,2025,86.62,A,0.0,A,,,71.04,A,4.7,A,5.33,E,152.31,A
CACSULACTA,1,2026,85.36,A,0.0,A,,,51.84,A,0.32,D,0.37,E,132.74,B
CACSULACTA,2,2026,90.47,A,0.0,A,,,52.98,A,0.73,A,0.79,E,139.73,B
CAMPAMENTO,1,2019,0.0,E,14.63,E,0.0,E,,,0.15,E,,,113.48,B
CAMPAMENTO,2,2019,0.0,E,14.56,E,0.0,E,,,0.42,D,,,120.02,B
CAMPAMENTO,3,2019,0.0,E,15.34,E,0.0,E,,,0.42,D,,,112.54,B
CAMPAMENTO,4,2019,0.0,E,14.85,E,0.0,E,,,0.38,D,,,108.28,C
CAMPAMENTO,5,2019,0.0,E,16.9,E,0.0,E,,,0.96,A,,,118.43,B
CAMPAMENTO,7,2019,0.0,E,27.48,E,0.0,E,,,0.63,B,,,107.73,C
CAMPAMENTO,8,2019,0.0,E,28.12,E,0.0,E,,,0.82,A,,,108.82,C
CAMPAMENTO,9,2019,0.0,E,27.33,E,0.0,E,,,0.94,A,,,109.07,C
CAMPAMENTO,10,2019,0.0,E,25.73,E,0.0,E,,,0.93,A,,,108.1,C
CAMPAMENTO,11,2019,0.0,E,25.97,E,0.0,E,,,1.01,A,,,107.95,C
CAMPAMENTO,12,2019,0.0,E,25.07,E,0.0,E,,,0.97,A,,,106.98,C
CAMPAMENTO,1,2020,0.0,E,25.46,E,0.0,E,,,0.09,E,,,107.19,C
CAMPAMENTO,2,2020,0.0,E,26.16,E,0.0,E,,,0.33,D,,,114.42,B
CAMPAMENTO,3,2020,0.0,E,39.83,E,0.0,E,,,0.58,B,,,117.7,B
CAMPAMENTO,4,2020,0.0,E,11.48,E,0.0,E,,,0.75,A,,,117.56,B
CAMPAMENTO,5,2020,0.0,E,16.9,E,0.0,E,,,0.96,A,,,118.43,B
CAMPAMENTO,6,2020,0.0,E,15.18,E,0.0,E,,,0.73,A,,,111.2,B
CAMPAMENTO,7,2020,0.0,E,13.0,E,0.0,E,,,0.88,A,,,112.8,B
CAMPAMENTO,8,2020,0.0,E,11.09,E,0.0,E,,,1.16,A,,,115.86,B
CAMPAMENTO,9,2020,0.0,E,10.45,E,0.0,E,,,1.28,A,,,115.76,B
CAMPAMENTO,10,2020,0.0,E,10.49,E,0.0,E,,,1.33,A,,,114.59,B
CAMPAMENTO,11,2020,0.0,E,9.21,D,0.0,E,,,1.47,A,,,114.68,B
CAMPAMENTO,12,2020,0.0,E,8.18,D,0.0,E,,,0.55,B,,,104.55,C
CAMPAMENTO,1,2021,0.0,E,13.05,E,0.0,E,,,0.24,E,,,126.81,B
CAMPAMENTO,2,2021,0.0,E,13.69,E,0.0,E,,,0.48,C,,,127.4,B
CAMPAMENTO,3,2021,0.0,E,11.03,E,0.0,E,,,0.74,A,,,128.3,B
CAMPAMENTO,4,2021,0.0,E,10.67,E,0.0,E,,,0.78,A,,,121.54,B
CAMPAMENTO,5,2021,0.0,E,10.02,E,0.0,E,,,1.13,A,,,125.36,B
CAMPAMENTO,6,2021,0.0,E,9.34,D,0.0,E,,,1.47,A,,,127.82,B
CAMPAMENTO,7,2021,0.0,E,8.51,D,0.0,E,,,1.93,A,,,131.35,B
CAMPAMENTO,8,2021,0.0,E,8.68,D,0.0,E,,,2.27,A,,,132.54,B
CAMPAMENTO,9,2021,0.0,E,8.26,D,0.0,E,,,2.51,A,,,132.08,B
CAMPAMENTO,10,2021,0.0,E,8.12,D,0.0,E,,,3.04,A,,,136.57,B
CAMPAMENTO,11,2021,0.0,E,7.34,D,0.0,E,,,3.44,A,,,136.47,B
CAMPAMENTO,12,2021,0.0,E,6.2,C,0.0,E,,,1.5,A,,,111.52,B
CAMPAMENTO,1,2022,0.0,E,6.49,C,0.0,E,,,0.48,C,,,172.95,A
CAMPAMENTO,2,2022,0.0,E,6.79,C,0.0,E,,,0.76,A,,,151.4,A
CAMPAMENTO,3,2022,0.0,E,6.81,C,0.0,E,,,0.99,A,,,141.16,B
CAMPAMENTO,4,2022,0.0,E,6.79,C,0.0,E,,,1.05,A,,,130.75,B
CAMPAMENTO,5,2022,0.0,E,7.23,D,0.0,E,,,1.34,A,,,132.29,B
CAMPAMENTO,6,2022,0.0,E,6.92,C,0.0,E,,,1.5,A,,,129.24,B
CAMPAMENTO,7,2022,0.0,E,6.56,C,0.0,E,,,2.02,A,,,134.84,B
CAMPAMENTO,8,2022,0.0,E,6.54,C,0.0,E,,,2.32,A,,,133.81,B
CAMPAMENTO,9,2022,0.0,E,6.41,C,0.0,E,,,2.53,A,,,132.61,B
CAMPAMENTO,10,2022,0.0,E,6.75,C,0.0,E,,,2.84,A,,,133.84,B
CAMPAMENTO,11,2022,0.0,E,8.32,D,0.0,E,,,3.33,A,,,136.85,B
CAMPAMENTO,12,2022,0.0,E,7.1,D,0.0,E,,,1.57,A,,,113.14,B
CAMPAMENTO,1,2023,0.0,E,7.23,D,0.0,E,,,0.46,C,,,166.02,A
CAMPAMENTO,2,2023,0.0,E,7.43,D,0.0,E,,,0.73,A,,,147.75,A
CAMPAMENTO,3,2023,0.0,E,7.2,D,0.0,E,,,0.94,A,,,137.76,B
CAMPAMENTO,4,2023,0.0,E,7.88,D,0.0,E,,,1.17,A,,,134.27,B
CAMPAMENTO,5,2023,0.0,E,7.75,D,0.0,E,,,1.45,A,,,134.68,B
CAMPAMENTO,6,2023,0.0,E,7.61,D,0.0,E,,,1.78,A,,,135.53,B
CAMPAMENTO,7,2023,0.0,E,6.29,C,0.0,E,,,2.24,A,,,139.59,B
CAMPAMENTO,8,2023,0.0,E,6.9,C,0.0,E,,,2.49,A,,,138.81,B
CAMPAMENTO,9,2023,0.0,E,7.23,D,0.0,E,,,2.84,A,,,138.72,B
CAMPAMENTO,10,2023,0.0,E,6.89,C,0.0,E,,,2.96,A,,,135.47,B
CAMPAMENTO,11,2023,0.0,E,6.72,C,0.0,E,,,3.31,A,,,135.72,B
CAMPAMENTO,12,2023,0.0,E,5.56,C,0.0,E,,,1.47,A,,,111.88,B
CAMPAMENTO,1,2024,0.0,E,6.47,C,0.0,E,,,0.43,C,,,155.71,A
CAMPAMENTO,2,2024,0.0,E,6.63,C,0.0,E,,,0.63,B,,,136.41,B
CAMPAMENTO,3,2024,41.39,A,8.18,D,120.39,B,18.38,A,0.83,A,1.86,E,132.42,B
CAMPAMENTO,4,2024,41.39,A,8.18,D,120.39,B,18.38,A,0.83,A,1.86,E,132.42,B
CAMPAMENTO,5,2024,41.78,A,6.98,C,138.45,A,18.44,A,1.1,A,2.43,E,124.31,B
CAMPAMENTO,6,2024,41.89,A,8.01,D,120.88,B,18.66,A,1.28,A,2.84,E,123.57,B
CAMPAMENTO,7,2024,42.5,A,8.39,D,113.69,B,15.51,A,1.73,A,3.77,E,127.54,B
CAMPAMENTO,8,2024,43.02,A,8.18,D,115.77,B,13.83,A,2.04,A,4.4,E,128.8,B
CAMPAMENTO,9,2024,43.5,A,8.45,D,111.11,B,12.53,A,2.32,A,4.94,E,129.06,B
CAMPAMENTO,10,2024,43.51,A,9.78,D,95.44,C,12.54,A,2.63,A,5.61,E,129.99,B
CAMPAMENTO,11,2024,43.66,A,12.23,E,75.93,D,11.79,A,2.95,A,6.27,D,130.71,B
CAMPAMENTO,12,2024,41.96,A,9.43,D,117.69,B,14.26,A,1.34,A,2.92,E,110.57,B
CAMPAMENTO,1,2025,39.91,A,8.65,D,127.68,B,18.64,A,0.28,E,0.64,E,130.57,B
CAMPAMENTO,2,2025,39.58,A,8.9,D,122.93,B,20.49,A,0.5,C,1.16,E,127.79,B
CAMPAMENTO,3,2025,39.4,A,8.83,D,123.47,B,21.16,A,0.59,B,1.37,E,120.56,B
CAMPAMENTO,4,2025,38.79,A,9.06,D,119.11,B,22.05,A,0.7,A,1.67,E,118.5,B
CAMPAMENTO,5,2025,39.19,A,8.3,D,128.29,B,21.17,A,0.94,A,2.22,E,120.27,B
CAMPAMENTO,6,2025,39.37,A,8.24,D,127.51,B,22.17,A,1.16,A,2.73,E,121.17,B
CAMPAMENTO,7,2025,39.27,A,8.33,D,121.9,B,21.45,A,1.48,A,3.49,E,123.91,B
CAMPAMENTO,8,2025,39.36,A,8.82,D,114.96,B,22.9,A,1.87,A,4.41,E,126.91,B
CAMPAMENTO,9,2025,39.8,A,8.03,D,125.67,B,23.77,A,2.17,A,5.05,E,128.01,B
CAMPAMENTO,10,2025,39.85,A,8.39,D,118.03,B,21.76,A,2.48,A,5.78,E,128.99,B
CAMPAMENTO,11,2025,39.88,A,9.18,D,107.57,B,22.96,A,2.79,A,6.49,D,130.17,B
CAMPAMENTO,12,2025,38.16,A,8.77,D,117.53,B,26.09,A,1.87,A,4.53,E,116.67,B
CAMPAMENTO,1,2026,35.69,A,7.87,D,131.13,A,29.47,A,0.28,E,0.72,E,133.13,B
CAMPAMENTO,2,2026,35.31,A,8.65,D,117.26,B,30.24,A,0.39,D,1.02,E,121.95,B
CAMPAMENTO,3,2026,35.5,A,,,,,28.33,A,0.47,C,1.23,E,116.74,B
CAYCSOL,1,2019,0.0,E,17.91,E,0.0,E,,,0.09,E,,,108.69,C
CAYCSOL,2,2019,0.0,E,18.89,E,0.0,E,,,-0.01,E,,,99.43,C
CAYCSOL,3,2019,0.0,E,17.89,E,0.0,E,,,0.12,E,,,103.48,C
CAYCSOL,4,2019,0.0,E,16.9,E,0.0,E,,,0.21,E,,,104.76,C
CAYCSOL,5,2019,0.0,E,53.42,E,0.0,E,,,-0.45,E,,,91.28,D
CAYCSOL,6,2019,0.0,E,19.59,E,0.0,E,,,0.33,D,,,105.05,C
CAYCSOL,7,2019,0.0,E,16.35,E,0.0,E,,,0.52,B,,,106.95,C
CAYCSOL,8,2019,0.0,E,17.68,E,0.0,E,,,0.62,B,,,107.43,C
CAYCSOL,9,2019,0.0,E,17.74,E,0.0,E,,,0.86,A,,,108.78,C
CAYCSOL,11,2019,0.0,E,17.72,E,0.0,E,,,0.71,A,,,106.28,C
CAYCSOL,12,2019,0.0,E,16.68,E,0.0,E,,,0.34,D,,,102.58,C
CAYCSOL,1,2020,0.0,E,15.77,E,0.0,E,,,0.04,E,,,103.51,C
CAYCSOL,2,2020,0.0,E,19.01,E,0.0,E,,,-0.06,E,,,97.32,C
CAYCSOL,3,2020,0.0,E,36.33,E,0.0,E,,,-0.16,E,,,95.16,C
CAYCSOL,4,2020,0.0,E,45.69,E,0.0,E,,,-0.27,E,,,93.69,C
CAYCSOL,5,2020,0.0,E,53.42,E,0.0,E,,,-0.45,E,,,91.28,D
CAYCSOL,6,2020,0.0,E,52.15,E,0.0,E,,,-0.49,E,,,91.73,D
CAYCSOL,7,2020,0.0,E,57.22,E,0.0,E,,,-0.49,E,,,92.76,D
CAYCSOL,8,2020,0.0,E,43.15,E,0.0,E,,,0.25,E,,,102.97,C
CAYCSOL,9,2020,0.0,E,19.66,E,0.0,E,,,0.5,C,,,105.36,C
CAYCSOL,10,2020,0.0,E,15.64,E,0.0,E,,,0.7,A,,,107.14,C
CAYCSOL,11,2020,0.0,E,13.31,E,0.0,E,,,0.93,A,,,108.83,C
CAYCSOL,12,2020,0.0,E,7.83,D,0.0,E,,,0.5,B,,,104.0,C
CAYCSOL,1,2021,0.0,E,7.09,D,0.0,E,,,0.17,E,,,121.16,B
CAYCSOL,2,2021,0.0,E,6.63,C,0.0,E,,,0.27,E,,,114.92,B
CAYCSOL,3,2021,0.0,E,6.63,C,0.0,E,,,0.33,D,,,112.05,B
CAYCSOL,4,2021,0.0,E,6.37,C,0.0,E,,,0.19,E,,,105.14,C
CAYCSOL,5,2021,0.0,E,6.2,C,0.0,E,,,0.24,E,,,105.33,C
CAYCSOL,6,2021,0.0,E,5.79,C,0.0,E,,,0.31,D,,,105.8,C
CAYCSOL,7,2021,0.0,E,5.49,C,0.0,E,,,0.36,D,,,105.76,C
CAYCSOL,8,2021,0.0,E,5.05,C,0.0,E,,,0.46,C,,,106.62,C
CAYCSOL,9,2021,0.0,E,4.77,B,0.0,E,,,0.62,B,,,108.08,C
CAYCSOL,10,2021,0.0,E,4.75,B,0.0,E,,,0.69,A,,,108.08,C
CAYCSOL,11,2021,0.0,E,4.48,B,0.0,E,,,0.81,A,,,108.66,C
CAYCSOL,12,2021,0.0,E,4.3,B,0.0,E,,,0.4,D,,,103.48,C
CAYCSOL,1,2022,0.0,E,4.21,B,0.0,E,,,0.18,E,,,120.15,B
CAYCSOL,2,2022,0.0,E,4.36,B,0.0,E,,,0.3,D,,,117.06,B
CAYCSOL,3,2022,0.0,E,4.35,B,0.0,E,,,0.46,C,,,117.25,B
CAYCSOL,4,2022,0.0,E,4.02,B,0.0,E,,,0.59,B,,,117.09,B
CAYCSOL,5,2022,0.0,E,4.4,B,0.0,E,,,0.76,A,,,118.06,B
CAYCSOL,6,2022,0.0,E,4.64,B,0.0,E,,,0.95,A,,,119.14,B
CAYCSOL,7,2022,0.0,E,5.16,C,0.0,E,,,1.16,A,,,119.92,B
CAYCSOL,8,2022,0.0,E,4.97,B,0.0,E,,,1.36,A,,,120.99,B
CAYCSOL,9,2022,0.0,E,5.18,C,0.0,E,,,1.69,A,,,123.65,B
CAYCSOL,10,2022,0.0,E,4.78,B,0.0,E,,,1.87,A,,,124.3,B
CAYCSOL,11,2022,0.0,E,4.79,B,0.0,E,,,2.06,A,,,124.97,B
CAYCSOL,12,2022,0.0,E,3.96,B,0.0,E,,,2.17,A,,,122.95,B
CAYCSOL,1,2023,0.0,E,3.98,B,0.0,E,,,0.07,E,,,107.5,C
CAYCSOL,2,2023,0.0,E,3.81,B,0.0,E,,,0.28,E,,,114.6,B
CAYCSOL,3,2023,0.0,E,3.85,B,0.0,E,,,0.47,C,,,116.43,B
CAYCSOL,4,2023,0.0,E,4.1,B,0.0,E,,,0.73,A,,,119.65,B
CAYCSOL,5,2023,0.0,E,4.43,B,0.0,E,,,1.05,A,,,123.27,B
CAYCSOL,6,2023,0.0,E,4.66,B,0.0,E,,,1.36,A,,,125.63,B
CAYCSOL,7,2023,0.0,E,4.76,B,0.0,E,,,1.68,A,,,127.55,B
CAYCSOL,8,2023,0.0,E,4.44,B,0.0,E,,,2.17,A,,,131.54,B
CAYCSOL,9,2023,0.0,E,4.54,B,0.0,E,,,2.5,A,,,133.14,B
CAYCSOL,10,2023,0.0,E,4.52,B,0.0,E,,,2.78,A,,,133.44,B
CAYCSOL,11,2023,0.0,E,4.86,B,0.0,E,,,3.07,A,,,133.57,B
CAYCSOL,12,2023,0.0,E,4.89,B,0.0,E,,,1.18,A,,,109.14,C
CAYCSOL,1,2024,0.0,E,4.85,B,0.0,E,,,0.03,E,,,103.12,C
CAYCSOL,2,2024,0.0,E,4.7,B,0.0,E,,,0.21,E,,,110.01,B
CAYCSOL,3,2024,22.61,A,5.12,C,119.93,B,15.03,A,0.28,E,1.18,E,108.98,C
CAYCSOL,4,2024,23.06,A,4.92,B,124.63,B,15.46,A,0.4,D,1.65,E,109.79,C
CAYCSOL,5,2024,22.73,A,4.76,B,125.28,B,14.14,A,0.56,B,2.36,E,111.47,B
CAYCSOL,6,2024,22.86,A,4.28,B,135.46,A,15.05,A,0.74,A,3.09,E,112.74,B
CAYCSOL,7,2024,22.79,A,4.14,B,134.91,A,12.62,A,0.85,A,3.59,E,112.76,B
CAYCSOL,8,2024,22.78,A,4.03,B,132.84,A,9.6,B,1.08,A,4.54,E,114.43,B
CAYCSOL,9,2024,23.25,A,4.12,B,127.9,B,8.68,C,1.3,A,5.36,E,115.4,B
CAYCSOL,10,2024,23.27,A,4.03,B,128.56,B,8.14,C,1.5,A,6.18,D,116.15,B
CAYCSOL,11,2024,23.5,A,4.33,B,118.32,B,8.22,C,1.78,A,7.28,D,117.74,B
CAYCSOL,12,2024,23.42,A,4.22,B,120.92,B,9.56,B,0.73,A,3.02,E,105.89,C
CAYCSOL,1,2025,22.71,A,4.08,B,125.17,B,10.33,B,0.34,D,1.42,E,136.69,B
CAYCSOL,2,2025,22.14,A,4.34,B,119.21,B,12.35,A,0.12,E,0.54,E,105.48,C
CAYCSOL,3,2025,21.83,A,4.14,B,124.29,B,13.66,A,0.28,E,1.24,E,108.77,C
CAYCSOL,4,2025,21.3,A,4.23,B,120.52,B,14.54,A,0.43,C,1.96,E,110.6,B
CAYCSOL,5,2025,20.91,A,4.38,B,115.42,B,15.93,A,0.54,B,2.48,E,110.8,B
CAYCSOL,6,2025,20.47,A,4.48,B,111.74,B,16.76,A,0.66,A,3.11,E,111.46,B
CAYCSOL,7,2025,19.99,A,4.49,B,111.47,B,17.75,A,0.76,A,3.67,E,111.68,B
CAYCSOL,8,2025,19.89,A,4.44,B,112.17,B,19.51,A,0.94,A,4.55,E,112.85,B
CAYCSOL,9,2025,19.57,A,4.32,B,112.56,B,21.02,A,1.05,A,5.19,E,113.09,B
CAYCSOL,10,2025,19.29,A,4.19,B,114.45,B,21.92,A,1.07,A,5.39,E,112.2,B
CAYCSOL,11,2025,19.13,A,4.19,B,112.78,B,21.7,A,1.18,A,5.99,E,112.4,B
CAYCSOL,12,2025,18.98,A,4.25,B,111.14,B,22.45,A,0.54,B,2.77,E,104.62,C
CAYCSOL,1,2026,17.93,A,4.11,B,114.67,B,25.23,A,0.01,E,0.04,E,100.6,C
CAYCSOL,2,2026,17.27,A,4.17,B,113.46,B,27.78,A,0.01,E,0.07,E,100.64,C
CAYCSOL,3,2026,16.87,A,,,,,25.06,A,0.02,E,0.13,E,100.76,C
CECOEL,3,2026,74.66,A,,,,,23.33,A,1.02,A,1.36,E,134.99,B
CECOEL,1,2019,0.0,E,0.0,A,,,,,0.53,B,,,179.74,A
CECOEL,2,2019,0.0,E,0.0,A,,,,,1.05,A,,,178.98,A
CECOEL,3,2019,0.0,E,0.0,A,,,,,1.57,A,,,170.71,A
CECOEL,4,2019,0.0,E,0.0,A,,,,,2.08,A,,,167.81,A
CECOEL,5,2019,0.0,E,0.0,A,,,,,3.03,A,,,161.53,A
CECOEL,6,2019,0.0,E,0.0,A,,,,,3.02,A,,,161.53,A
CECOEL,7,2019,0.0,E,0.0,A,,,,,3.48,A,,,157.54,A
CECOEL,8,2019,0.0,E,0.0,A,,,,,3.55,A,,,155.8,A
CECOEL,9,2019,0.0,E,0.0,A,,,,,3.97,A,,,157.03,A
CECOEL,10,2019,0.0,E,0.0,A,,,,,5.25,A,,,168.2,A
CECOEL,11,2019,0.0,E,0.0,A,,,,,5.57,A,,,168.85,A
CECOEL,12,2019,0.0,E,0.0,A,,,,,5.56,A,,,142.55,B
CECOEL,9,2020,0.0,E,0.0,A,,,,,2.03,A,,,127.44,B
CECOEL,10,2020,0.0,E,0.0,A,,,,,2.6,A,,,131.91,B
CECOEL,11,2020,0.0,E,0.0,A,,,,,3.16,A,,,136.73,B
CECOEL,12,2020,0.0,E,0.0,A,,,,,4.67,A,,,142.91,B
CECOEL,1,2021,0.0,E,0.0,A,,,,,0.18,E,,,122.5,B
CECOEL,2,2021,0.0,E,0.0,A,,,,,0.77,A,,,148.78,A
CECOEL,3,2021,0.0,E,0.0,A,,,,,1.23,A,,,143.52,A
CECOEL,5,2021,0.0,E,-6.78,A,-0.0,E,,,2.22,A,,,34.97,E
CECOEL,7,2021,0.0,E,0.0,A,,,,,2.84,A,,,139.89,B
CECOEL,8,2021,0.0,E,0.0,A,,,,,3.08,A,,,141.09,B
CECOEL,9,2021,0.0,E,0.0,A,,,,,3.39,A,,,142.96,B
CECOEL,10,2021,0.0,E,0.0,A,,,,,3.62,A,,,141.95,B
CECOEL,11,2021,0.0,E,0.0,A,,,,,3.52,A,,,139.51,B
CECOEL,12,2021,0.0,E,0.0,A,,,,,5.24,A,,,140.44,B
CECOEL,1,2022,0.0,E,0.0,A,,,,,0.11,E,,,111.93,B
CECOEL,2,2022,0.0,E,0.0,A,,,,,0.41,D,,,125.17,B
CECOEL,6,2022,0.0,E,0.0,A,,,,,1.28,A,,,119.95,B
CECOEL,7,2022,0.0,E,0.0,A,,,,,1.44,A,,,121.89,B
CECOEL,8,2022,0.0,E,0.0,A,,,,,1.68,A,,,120.47,B
CECOEL,9,2022,0.0,E,0.0,A,,,,,1.54,A,,,118.43,B
CECOEL,10,2022,0.0,E,0.0,A,,,,,1.84,A,,,118.73,B
CECOEL,11,2022,0.0,E,0.0,A,,,,,2.13,A,,,123.95,B
CECOEL,12,2022,0.0,E,0.0,A,,,,,2.93,A,,,126.63,B
CECOEL,1,2023,0.0,E,0.0,A,,,,,0.13,E,,,112.4,B
CECOEL,2,2023,0.0,E,0.0,A,,,,,0.23,E,,,111.73,B
CECOEL,3,2023,0.0,E,0.0,A,,,,,0.29,E,,,110.54,B
CECOEL,4,2023,0.0,E,0.0,A,,,,,0.37,D,,,110.73,B
CECOEL,5,2023,0.0,E,0.0,A,,,,,0.76,A,,,117.25,B
CECOEL,6,2023,0.0,E,0.0,A,,,,,0.81,A,,,115.1,B
CECOEL,7,2023,0.0,E,0.0,A,,,,,0.9,A,,,113.54,B
CECOEL,8,2023,0.0,E,0.0,A,,,,,0.89,A,,,113.22,B
CECOEL,9,2023,0.0,E,0.0,A,,,,,0.99,A,,,114.06,B
CECOEL,10,2023,0.0,E,0.0,A,,,,,1.37,A,,,116.7,B
CECOEL,11,2023,0.0,E,0.0,A,,,,,2.06,A,,,122.64,B
CECOEL,12,2023,0.0,E,0.0,A,,,,,2.03,A,,,116.79,B
CECOEL,1,2024,0.0,E,0.0,A,,,,,0.07,E,,,106.98,C
CECOEL,2,2024,0.0,E,0.0,A,,,,,0.35,D,,,118.36,B
CECOEL,3,2024,82.02,A,0.0,A,,,15.21,A,0.66,A,0.8,E,123.52,B
CECOEL,4,2024,79.91,A,0.0,A,,,23.56,A,0.89,A,1.1,E,123.5,B
CECOEL,5,2024,76.36,A,0.0,A,,,29.63,A,1.73,A,2.24,E,138.72,B
CECOEL,6,2024,75.45,A,0.0,A,,,28.8,A,2.12,A,2.79,E,140.77,B
CECOEL,7,2024,73.94,A,0.0,A,,,21.45,A,2.38,A,3.19,E,140.6,B
CECOEL,8,2024,74.66,A,0.0,A,,,7.0,D,2.77,A,3.68,E,141.7,B
CECOEL,9,2024,73.79,A,0.0,A,,,12.98,A,3.09,A,4.16,E,142.71,B
CECOEL,10,2024,70.66,A,0.0,A,,,0.32,E,3.63,A,5.11,E,147.89,A
CECOEL,11,2024,70.91,A,0.0,A,,,39.73,A,3.88,A,5.44,E,146.15,A
CECOEL,12,2024,81.82,A,0.0,A,,,0.63,E,3.44,A,4.17,E,128.91,B
CECOEL,1,2025,75.0,A,0.0,A,,,0.36,E,0.21,E,0.28,E,121.02,B
CECOEL,2,2025,75.99,A,0.0,A,,,8.01,C,0.48,C,0.63,E,123.94,B
CECOEL,3,2025,76.7,A,0.0,A,,,0.83,E,0.76,A,0.98,E,125.25,B
CECOEL,4,2025,73.87,A,0.0,A,,,18.0,A,1.38,A,1.86,E,135.21,B
CECOEL,5,2025,71.63,A,0.0,A,,,22.64,A,1.6,A,2.22,E,134.36,B
CECOEL,6,2025,69.87,A,0.0,A,,,36.53,A,1.75,A,2.49,E,132.46,B
CECOEL,7,2025,69.76,A,0.0,A,,,13.74,A,1.87,A,2.67,E,129.69,B
CECOEL,8,2025,68.33,A,0.0,A,,,32.77,A,2.11,A,3.07,E,130.53,B
CECOEL,9,2025,68.54,A,0.0,A,,,22.59,A,2.37,A,3.43,E,130.77,B
CECOEL,10,2025,66.68,A,0.0,A,,,20.79,A,2.98,A,4.45,E,136.99,B
CECOEL,11,2025,64.76,A,0.0,A,,,43.37,A,3.14,A,4.83,E,137.13,B
CECOEL,12,2025,78.4,A,0.0,A,,,2.3,E,3.23,A,4.1,E,126.64,B
CECOEL,1,2026,73.77,A,0.0,A,,,5.87,D,0.41,D,0.55,E,146.42,A
CECOEL,2,2026,72.47,A,0.0,A,,,5.2,E,0.79,A,1.09,E,146.22,A
CEIBEÑA,1,2019,0.0,E,10.55,E,0.0,E,,,0.04,E,,,103.62,C
CEIBEÑA,2,2019,0.0,E,11.95,E,0.0,E,,,0.08,E,,,103.51,C
CEIBEÑA,3,2019,0.0,E,24.89,E,0.0,E,,,0.31,D,,,108.58,C
CEIBEÑA,4,2019,0.0,E,25.17,E,0.0,E,,,0.39,D,,,107.99,C
CEIBEÑA,5,2019,0.0,E,57.9,E,0.0,E,,,1.26,A,,,120.84,B
CEIBEÑA,7,2019,0.0,E,25.2,E,0.0,E,,,0.34,D,,,103.86,C
CEIBEÑA,8,2019,0.0,E,23.15,E,0.0,E,,,0.49,C,,,104.86,C
CEIBEÑA,9,2019,0.0,E,23.61,E,0.0,E,,,0.55,B,,,104.91,C
CEIBEÑA,10,2019,0.0,E,24.44,E,0.0,E,,,0.55,B,,,104.44,C
CEIBEÑA,11,2019,0.0,E,24.42,E,0.0,E,,,0.55,B,,,104.05,C
CEIBEÑA,12,2019,0.0,E,23.0,E,0.0,E,,,0.58,B,,,103.86,C
CEIBEÑA,1,2020,0.0,E,26.26,E,0.0,E,,,0.07,E,,,105.79,C
CEIBEÑA,2,2020,0.0,E,26.23,E,0.0,E,,,1.18,A,,,141.81,B
CEIBEÑA,3,2020,0.0,E,42.33,E,0.0,E,,,1.23,A,,,130.55,B
CEIBEÑA,4,2020,0.0,E,53.1,E,0.0,E,,,1.21,A,,,124.17,B
CEIBEÑA,5,2020,0.0,E,57.9,E,0.0,E,,,1.26,A,,,120.84,B
CEIBEÑA,6,2020,0.0,E,28.3,E,0.0,E,,,1.16,A,,,116.03,B
CEIBEÑA,7,2020,0.0,E,36.31,E,0.0,E,,,0.92,A,,,110.87,B
CEIBEÑA,8,2020,0.0,E,39.33,E,0.0,E,,,0.87,A,,,109.24,C
CEIBEÑA,9,2020,0.0,E,39.76,E,0.0,E,,,0.83,A,,,107.97,C
CEIBEÑA,10,2020,0.0,E,37.15,E,0.0,E,,,0.81,A,,,107.15,C
CEIBEÑA,11,2020,0.0,E,35.79,E,0.0,E,,,0.88,A,,,107.16,C
CEIBEÑA,12,2020,0.0,E,24.05,E,0.0,E,,,0.49,C,,,103.54,C
CEIBEÑA,1,2021,0.0,E,21.48,E,0.0,E,,,0.19,E,,,119.54,B
CEIBEÑA,2,2021,0.0,E,18.74,E,0.0,E,,,0.38,D,,,119.7,B
CEIBEÑA,3,2021,0.0,E,15.71,E,0.0,E,,,0.48,C,,,115.53,B
CEIBEÑA,4,2021,0.0,E,14.74,E,0.0,E,,,0.55,B,,,113.33,B
CEIBEÑA,5,2021,0.0,E,12.62,E,0.0,E,,,0.76,A,,,114.41,B
CEIBEÑA,6,2021,0.0,E,11.54,E,0.0,E,,,0.83,A,,,112.97,B
CEIBEÑA,7,2021,0.0,E,10.6,E,0.0,E,,,0.92,A,,,112.16,B
CEIBEÑA,8,2021,0.0,E,10.9,E,0.0,E,,,1.06,A,,,112.45,B
CEIBEÑA,9,2021,0.0,E,9.61,D,0.0,E,,,1.15,A,,,111.92,B
CEIBEÑA,10,2021,0.0,E,33.78,E,0.0,E,,,1.21,A,,,111.29,B
CEIBEÑA,11,2021,0.0,E,32.31,E,0.0,E,,,1.26,A,,,110.57,B
CEIBEÑA,12,2021,0.0,E,28.93,E,0.0,E,,,0.8,A,,,105.81,C
CEIBEÑA,1,2022,0.0,E,32.3,E,0.0,E,,,0.12,E,,,111.28,B
CEIBEÑA,2,2022,0.0,E,31.32,E,0.0,E,,,0.33,D,,,116.72,B
CEIBEÑA,3,2022,0.0,E,32.31,E,0.0,E,,,0.53,B,,,117.95,B
CEIBEÑA,4,2022,0.0,E,32.81,E,0.0,E,,,0.59,B,,,115.06,B
CEIBEÑA,5,2022,0.0,E,33.55,E,0.0,E,,,0.65,B,,,113.13,B
CEIBEÑA,6,2022,0.0,E,34.0,E,0.0,E,,,0.79,A,,,113.67,B
CEIBEÑA,7,2022,0.0,E,32.87,E,0.0,E,,,0.86,A,,,112.63,B
CEIBEÑA,8,2022,0.0,E,32.76,E,0.0,E,,,0.93,A,,,112.01,B
CEIBEÑA,9,2022,0.0,E,32.79,E,0.0,E,,,1.0,A,,,111.51,B
CEIBEÑA,10,2022,0.0,E,32.24,E,0.0,E,,,0.97,A,,,110.32,B
CEIBEÑA,11,2022,0.0,E,32.73,E,0.0,E,,,0.99,A,,,109.36,C
CEIBEÑA,12,2022,0.0,E,30.88,E,0.0,E,,,0.83,A,,,107.02,C
CEIBEÑA,1,2023,0.0,E,33.97,E,0.0,E,,,0.05,E,,,105.04,C
CEIBEÑA,2,2023,0.0,E,32.51,E,0.0,E,,,0.16,E,,,108.09,C
CEIBEÑA,3,2023,0.0,E,31.38,E,0.0,E,,,0.26,E,,,108.59,C
CEIBEÑA,4,2023,0.0,E,10.12,E,0.0,E,,,0.32,D,,,108.01,C
CEIBEÑA,5,2023,0.0,E,8.66,D,0.0,E,,,0.55,B,,,110.84,B
CEIBEÑA,6,2023,0.0,E,8.55,D,0.0,E,,,0.66,A,,,110.86,B
CEIBEÑA,7,2023,0.0,E,10.35,E,0.0,E,,,0.72,A,,,110.21,B
CEIBEÑA,8,2023,0.0,E,9.52,D,0.0,E,,,1.58,A,,,119.46,B
CEIBEÑA,9,2023,0.0,E,7.69,D,0.0,E,,,1.77,A,,,119.23,B
CEIBEÑA,10,2023,0.0,E,8.27,D,0.0,E,,,1.71,A,,,116.51,B
CEIBEÑA,11,2023,0.0,E,6.55,C,0.0,E,,,1.83,A,,,115.75,B
CEIBEÑA,12,2023,0.0,E,6.33,C,0.0,E,,,1.64,A,,,112.17,B
CEIBEÑA,1,2024,0.0,E,6.73,C,0.0,E,,,0.11,E,,,110.15,B
CEIBEÑA,2,2024,0.0,E,6.09,C,0.0,E,,,0.23,E,,,110.85,B
CEIBEÑA,3,2024,31.42,A,6.3,C,183.52,A,8.2,C,0.28,E,0.84,E,109.47,C
CEIBEÑA,4,2024,31.34,A,6.54,C,177.5,A,7.73,C,0.36,D,1.07,E,108.88,C
CEIBEÑA,5,2024,30.78,A,6.61,C,177.16,A,7.51,D,0.45,C,1.35,E,108.74,C
CEIBEÑA,6,2024,30.88,A,6.63,C,177.38,A,9.55,B,0.56,B,1.69,E,109.21,C
CEIBEÑA,7,2024,30.71,A,6.49,C,180.48,A,9.63,B,0.61,B,1.84,E,108.28,C
CEIBEÑA,8,2024,30.51,A,6.57,C,177.86,A,10.03,B,0.63,B,1.93,E,107.56,C
CEIBEÑA,9,2024,30.73,A,7.03,D,166.78,A,9.17,B,0.65,B,1.95,E,106.8,C
CEIBEÑA,10,2024,30.4,A,7.29,D,161.14,A,10.21,B,0.65,A,2.01,E,106.24,C
CEIBEÑA,11,2024,30.34,A,7.17,D,154.26,A,8.35,C,0.73,A,2.25,E,106.32,C
CEIBEÑA,12,2024,30.96,A,6.34,C,178.16,A,7.92,C,0.56,B,1.69,E,104.21,C
CEIBEÑA,1,2025,31.04,A,6.05,C,183.72,A,6.82,D,0.12,E,0.35,E,110.54,B
CEIBEÑA,2,2025,30.56,A,6.25,C,177.63,A,6.36,D,0.18,E,0.56,E,108.22,C
CEIBEÑA,3,2025,30.51,A,5.86,C,188.03,A,6.86,D,0.23,E,0.71,E,106.92,C
CEIBEÑA,4,2025,29.92,A,6.19,C,177.0,A,9.21,B,0.27,E,0.86,E,106.09,C
CEIBEÑA,5,2025,29.13,A,6.16,C,178.31,A,10.68,B,0.33,D,1.07,E,106.0,C
CEIBEÑA,6,2025,28.98,A,6.37,C,172.52,A,12.24,A,0.41,D,1.31,E,106.15,C
CEIBEÑA,7,2025,28.72,A,6.37,C,171.0,A,13.58,A,0.46,C,1.5,E,106.02,C
CEIBEÑA,8,2025,28.54,A,6.29,C,165.31,A,14.81,A,0.53,B,1.74,E,106.04,C
CEIBEÑA,9,2025,28.45,A,6.67,C,151.45,A,14.54,A,0.47,C,1.56,E,104.82,C
CEIBEÑA,10,2025,28.31,A,6.47,C,158.07,A,14.38,A,0.43,C,1.44,E,103.98,C
CEIBEÑA,11,2025,28.21,A,5.65,C,167.55,A,14.59,A,0.28,E,0.93,E,102.29,C
CEIBEÑA,12,2025,28.74,A,4.95,B,192.26,A,14.17,A,0.36,D,1.19,E,102.68,C
CEIBEÑA,1,2026,28.65,A,5.03,C,190.82,A,14.78,A,0.02,E,0.07,E,101.93,C
CEIBEÑA,2,2026,28.7,A,5.2,C,187.12,A,14.51,A,0.02,E,0.07,E,101.0,C
CEIBEÑA,3,2026,28.84,A,,,,,15.08,A,0.05,E,0.17,E,101.5,C
CHOROTEGA,1,2019,0.0,E,8.26,D,0.0,E,,,1.37,A,,,234.19,A
CHOROTEGA,2,2019,0.0,E,7.17,D,0.0,E,,,1.62,A,,,180.74,A
CHOROTEGA,3,2019,0.0,E,6.26,C,0.0,E,,,1.83,A,,,160.61,A
CHOROTEGA,4,2019,0.0,E,7.15,D,0.0,E,,,1.97,A,,,148.59,A
CHOROTEGA,5,2019,0.0,E,44.82,E,0.0,E,,,1.54,A,,,129.68,B
CHOROTEGA,7,2019,0.0,E,6.49,C,0.0,E,,,2.18,A,,,129.65,B
CHOROTEGA,8,2019,0.0,E,7.08,D,0.0,E,,,2.38,A,,,128.85,B
CHOROTEGA,9,2019,0.0,E,7.45,D,0.0,E,,,2.57,A,,,127.93,B
CHOROTEGA,10,2019,0.0,E,6.4,C,0.0,E,,,2.71,A,,,126.67,B
CHOROTEGA,11,2019,0.0,E,7.84,D,0.0,E,,,2.95,A,,,126.7,B
CHOROTEGA,12,2019,0.0,E,5.35,C,0.0,E,,,1.13,A,,,108.83,C
CHOROTEGA,1,2020,0.0,E,6.96,C,0.0,E,,,1.6,A,,,260.65,A
CHOROTEGA,2,2020,0.0,E,5.77,C,0.0,E,,,1.94,A,,,201.98,A
CHOROTEGA,3,2020,0.0,E,25.31,E,0.0,E,,,2.18,A,,,166.69,A
CHOROTEGA,4,2020,0.0,E,34.62,E,0.0,E,,,2.05,A,,,148.03,A
CHOROTEGA,5,2020,0.0,E,44.82,E,0.0,E,,,1.54,A,,,129.68,B
CHOROTEGA,6,2020,0.0,E,50.7,E,0.0,E,,,1.18,A,,,119.16,B
CHOROTEGA,7,2020,0.0,E,43.15,E,0.0,E,,,0.75,A,,,110.67,B
CHOROTEGA,8,2020,0.0,E,32.96,E,0.0,E,,,0.51,B,,,106.56,C
CHOROTEGA,9,2020,0.0,E,26.63,E,0.0,E,,,0.9,A,,,110.39,B
CHOROTEGA,10,2020,0.0,E,22.35,E,0.0,E,,,1.22,A,,,112.92,B
CHOROTEGA,11,2020,0.0,E,20.18,E,0.0,E,,,1.47,A,,,114.35,B
CHOROTEGA,12,2020,0.0,E,11.77,E,0.0,E,,,0.85,A,,,106.88,C
CHOROTEGA,1,2021,0.0,E,13.49,E,0.0,E,,,0.04,E,,,104.58,C
CHOROTEGA,2,2021,0.0,E,14.86,E,0.0,E,,,0.03,E,,,101.62,C
CHOROTEGA,3,2021,0.0,E,14.19,E,0.0,E,,,0.3,E,,,111.26,B
CHOROTEGA,4,2021,0.0,E,13.54,E,0.0,E,,,0.4,D,,,111.31,B
CHOROTEGA,5,2021,0.0,E,13.78,E,0.0,E,,,0.53,B,,,112.15,B
CHOROTEGA,6,2021,0.0,E,12.87,E,0.0,E,,,0.66,A,,,112.63,B
CHOROTEGA,7,2021,0.0,E,12.74,E,0.0,E,,,0.77,A,,,112.55,B
CHOROTEGA,8,2021,0.0,E,12.52,E,0.0,E,,,0.92,A,,,113.32,B
CHOROTEGA,9,2021,0.0,E,11.82,E,0.0,E,,,1.13,A,,,114.61,B
CHOROTEGA,10,2021,0.0,E,12.23,E,0.0,E,,,1.2,A,,,114.15,B
CHOROTEGA,11,2021,0.0,E,11.56,E,0.0,E,,,1.72,A,,,118.22,B
CHOROTEGA,12,2021,0.0,E,8.43,D,0.0,E,,,0.88,A,,,107.78,C
CHOROTEGA,1,2022,0.0,E,9.98,D,0.0,E,,,0.08,E,,,109.09,C
CHOROTEGA,2,2022,0.0,E,11.12,E,0.0,E,,,0.17,E,,,110.28,B
CHOROTEGA,3,2022,0.0,E,11.0,E,0.0,E,,,0.29,E,,,111.48,B
CHOROTEGA,4,2022,0.0,E,11.37,E,0.0,E,,,0.38,D,,,111.45,B
CHOROTEGA,5,2022,0.0,E,10.26,E,0.0,E,,,0.52,B,,,112.25,B
CHOROTEGA,6,2022,0.0,E,9.45,D,0.0,E,,,0.57,B,,,111.01,B
CHOROTEGA,7,2022,0.0,E,10.3,E,0.0,E,,,0.56,B,,,109.4,C
CHOROTEGA,8,2022,0.0,E,6.25,C,0.0,E,,,0.99,A,,,114.59,B
CHOROTEGA,9,2022,0.0,E,6.29,C,0.0,E,,,1.07,A,,,114.05,B
CHOROTEGA,10,2022,0.0,E,6.37,C,0.0,E,,,1.1,A,,,112.93,B
CHOROTEGA,11,2022,0.0,E,7.29,D,0.0,E,,,1.06,A,,,111.24,B
CHOROTEGA,12,2022,0.0,E,5.85,C,0.0,E,,,0.75,A,,,106.83,C
CHOROTEGA,1,2023,0.0,E,6.32,C,0.0,E,,,0.17,E,,,120.29,B
CHOROTEGA,2,2023,0.0,E,6.3,C,0.0,E,,,0.29,E,,,117.06,B
CHOROTEGA,3,2023,0.0,E,6.65,C,0.0,E,,,0.42,D,,,117.2,B
CHOROTEGA,4,2023,0.0,E,7.3,D,0.0,E,,,0.41,D,,,111.85,B
CHOROTEGA,5,2023,0.0,E,7.31,D,0.0,E,,,0.5,C,,,111.56,B
CHOROTEGA,6,2023,0.0,E,7.21,D,0.0,E,,,0.53,B,,,109.96,C
CHOROTEGA,7,2023,0.0,E,7.24,D,0.0,E,,,0.6,B,,,109.61,C
CHOROTEGA,8,2023,0.0,E,7.4,D,0.0,E,,,0.67,A,,,109.52,C
CHOROTEGA,9,2023,0.0,E,8.04,D,0.0,E,,,0.73,A,,,109.17,C
CHOROTEGA,10,2023,0.0,E,7.34,D,0.0,E,,,0.73,A,,,108.3,C
CHOROTEGA,11,2023,0.0,E,7.69,D,0.0,E,,,0.81,A,,,108.39,C
CHOROTEGA,12,2023,0.0,E,6.89,C,0.0,E,,,0.69,A,,,106.23,C
CHOROTEGA,1,2024,0.0,E,6.9,C,0.0,E,,,0.1,E,,,110.83,B
CHOROTEGA,2,2024,0.0,E,7.07,D,0.0,E,,,0.16,E,,,108.85,C
CHOROTEGA,3,2024,44.13,A,7.55,D,55.93,E,6.78,D,0.16,E,0.35,E,106.17,C
CHOROTEGA,4,2024,44.04,A,8.04,D,52.32,E,7.36,D,0.16,E,0.36,E,104.67,C
CHOROTEGA,5,2024,43.65,A,7.98,D,51.98,E,7.32,D,0.09,E,0.2,E,102.06,C
CHOROTEGA,6,2024,43.4,A,7.94,D,52.51,E,8.85,C,0.16,E,0.36,E,103.04,C
CHOROTEGA,7,2024,43.49,A,8.13,D,51.21,E,7.88,C,0.2,E,0.45,E,103.29,C
CHOROTEGA,8,2024,43.65,A,8.26,D,50.11,E,6.07,D,0.4,D,0.88,E,105.78,C
CHOROTEGA,9,2024,43.88,A,8.41,D,48.8,E,3.73,E,0.62,B,1.37,E,108.13,C
CHOROTEGA,10,2024,44.26,A,8.26,D,49.41,E,3.57,E,0.97,A,2.12,E,111.75,B
CHOROTEGA,11,2024,44.78,A,8.48,D,47.42,E,2.9,E,1.3,A,2.8,E,114.59,B
CHOROTEGA,12,2024,44.66,A,7.67,D,56.99,E,3.81,E,0.69,A,1.5,E,106.51,C
CHOROTEGA,1,2025,43.95,A,7.75,D,56.63,E,4.7,E,0.16,E,0.35,E,118.56,B
CHOROTEGA,2,2025,43.53,A,8.4,D,52.06,E,5.91,D,0.23,E,0.5,E,113.24,B
CHOROTEGA,3,2025,43.18,A,8.86,D,49.32,E,7.62,D,0.25,E,0.56,E,109.49,C
CHOROTEGA,4,2025,43.03,A,10.37,E,42.23,E,7.69,C,0.31,D,0.69,E,108.63,C
CHOROTEGA,5,2025,43.06,A,9.59,D,45.7,E,9.95,B,0.43,C,0.97,E,109.77,C
CHOROTEGA,6,2025,42.88,A,9.77,D,45.39,E,10.7,B,0.89,A,2.0,E,116.95,B
CHOROTEGA,7,2025,42.73,A,10.23,E,43.29,E,10.25,B,1.03,A,2.33,E,117.12,B
CHOROTEGA,8,2025,42.77,A,10.21,E,44.07,E,6.23,D,1.1,A,2.49,E,116.03,B
CHOROTEGA,9,2025,42.17,A,9.93,D,44.69,E,8.07,C,1.18,A,2.7,E,115.41,B
CHOROTEGA,10,2025,41.92,A,10.08,E,44.55,E,9.48,B,1.27,A,2.93,E,115.13,B
CHOROTEGA,11,2025,42.09,A,10.37,E,43.14,E,7.89,C,1.37,A,3.14,E,114.8,B
CHOROTEGA,12,2025,41.85,A,8.91,D,50.43,E,9.63,B,1.07,A,2.47,E,110.16,B
CHOROTEGA,1,2026,40.26,A,9.1,D,49.11,E,12.71,A,0.17,E,0.42,E,121.94,B
CHOROTEGA,2,2026,40.16,A,9.04,D,49.03,E,10.9,B,0.34,D,0.81,E,121.3,B
CHOROTEGA,3,2026,39.85,A,,,,,9.78,B,0.36,D,0.87,E,114.42,B
COACEHL,3,2026,63.52,A,,,,,26.56,A,0.67,A,1.03,E,129.26,B
COACEHL,1,2019,0.0,E,1.09,A,0.0,E,,,0.49,C,,,151.53,A
COACEHL,2,2019,0.0,E,0.81,A,0.0,E,,,0.87,A,,,144.54,A
COACEHL,3,2019,0.0,E,1.0,A,0.0,E,,,1.11,A,,,136.18,B
COACEHL,4,2019,0.0,E,1.05,A,0.0,E,,,1.45,A,,,135.5,B
COACEHL,5,2019,0.0,E,2.88,B,0.0,E,,,2.09,A,,,148.54,A
COACEHL,7,2019,0.0,E,0.96,A,0.0,E,,,2.39,A,,,133.68,B
COACEHL,8,2019,0.0,E,1.56,A,0.0,E,,,2.7,A,,,134.04,B
COACEHL,9,2019,0.0,E,1.72,A,0.0,E,,,3.0,A,,,133.8,B
COACEHL,10,2019,0.0,E,1.29,A,0.0,E,,,3.39,A,,,134.59,B
COACEHL,11,2019,0.0,E,1.16,A,0.0,E,,,3.64,A,,,134.03,B
COACEHL,12,2019,0.0,E,1.31,A,0.0,E,,,1.43,A,,,109.97,C
COACEHL,1,2020,0.0,E,1.67,A,0.0,E,,,0.44,C,,,147.65,A
COACEHL,2,2020,0.0,E,0.9,A,0.0,E,,,0.72,A,,,136.92,B
COACEHL,3,2020,0.0,E,2.78,B,0.0,E,,,1.21,A,,,143.47,A
COACEHL,4,2020,0.0,E,2.55,B,0.0,E,,,1.69,A,,,147.44,A
COACEHL,5,2020,0.0,E,2.88,B,0.0,E,,,2.09,A,,,148.54,A
COACEHL,6,2020,0.0,E,2.1,A,0.0,E,,,2.48,A,,,148.63,A
COACEHL,7,2020,0.0,E,3.64,B,0.0,E,,,2.84,A,,,147.94,A
COACEHL,8,2020,0.0,E,4.0,B,0.0,E,,,3.13,A,,,146.82,A
COACEHL,9,2020,0.0,E,3.53,B,0.0,E,,,3.46,A,,,146.47,A
COACEHL,10,2020,0.0,E,2.09,A,0.0,E,,,3.81,A,,,146.61,A
COACEHL,11,2020,0.0,E,1.56,A,0.0,E,,,4.12,A,,,146.11,A
COACEHL,12,2020,0.0,E,1.26,A,0.0,E,,,1.74,A,,,113.88,B
COACEHL,2,2021,0.0,E,1.28,A,0.0,E,,,0.75,A,,,152.36,A
COACEHL,3,2021,0.0,E,1.47,A,0.0,E,,,1.04,A,,,147.27,A
COACEHL,4,2021,0.0,E,1.45,A,0.0,E,,,1.27,A,,,142.21,B
COACEHL,5,2021,0.0,E,1.38,A,0.0,E,,,1.53,A,,,140.03,B
COACEHL,6,2021,0.0,E,1.26,A,0.0,E,,,1.64,A,,,135.06,B
COACEHL,7,2021,0.0,E,1.26,A,0.0,E,,,1.8,A,,,132.58,B
COACEHL,8,2021,0.0,E,1.11,A,0.0,E,,,1.94,A,,,129.89,B
COACEHL,9,2021,0.0,E,0.98,A,0.0,E,,,2.09,A,,,127.92,B
COACEHL,10,2021,0.0,E,0.85,A,0.0,E,,,2.19,A,,,125.92,B
COACEHL,11,2021,0.0,E,0.83,A,0.0,E,,,2.14,A,,,121.94,B
COACEHL,12,2021,0.0,E,0.86,A,0.0,E,,,0.84,A,,,106.94,C
COACEHL,1,2022,0.0,E,0.88,A,0.0,E,,,0.45,C,,,159.3,A
COACEHL,2,2022,0.0,E,0.71,A,0.0,E,,,0.7,A,,,141.64,B
COACEHL,3,2022,0.0,E,0.85,A,0.0,E,,,0.8,A,,,129.32,B
COACEHL,4,2022,0.0,E,0.83,A,0.0,E,,,0.83,A,,,121.49,B
COACEHL,5,2022,0.0,E,0.89,A,0.0,E,,,0.89,A,,,118.06,B
COACEHL,6,2022,0.0,E,0.82,A,0.0,E,,,1.22,A,,,121.31,B
COACEHL,7,2022,0.0,E,0.77,A,0.0,E,,,1.42,A,,,122.36,B
COACEHL,8,2022,0.0,E,0.76,A,0.0,E,,,1.58,A,,,122.71,B
COACEHL,9,2022,0.0,E,0.75,A,0.0,E,,,1.76,A,,,122.78,B
COACEHL,10,2022,0.0,E,0.77,A,0.0,E,,,1.94,A,,,122.39,B
COACEHL,11,2022,0.0,E,0.83,A,0.0,E,,,2.16,A,,,122.72,B
COACEHL,12,2022,0.0,E,0.92,A,0.0,E,,,0.88,A,,,107.33,C
COACEHL,1,2023,0.0,E,0.78,A,0.0,E,,,0.32,D,,,138.63,B
COACEHL,2,2023,0.0,E,0.64,A,0.0,E,,,0.54,B,,,131.36,B
COACEHL,3,2023,0.0,E,1.14,A,0.0,E,,,0.72,A,,,126.89,B
COACEHL,4,2023,0.0,E,1.34,A,0.0,E,,,1.03,A,,,129.17,B
COACEHL,5,2023,0.0,E,1.28,A,0.0,E,,,1.17,A,,,126.25,B
COACEHL,6,2023,0.0,E,0.84,A,0.0,E,,,1.47,A,,,127.98,B
COACEHL,7,2023,0.0,E,0.85,A,0.0,E,,,1.72,A,,,128.15,B
COACEHL,8,2023,0.0,E,0.96,A,0.0,E,,,1.93,A,,,127.88,B
COACEHL,9,2023,0.0,E,0.92,A,0.0,E,,,2.22,A,,,129.25,B
COACEHL,10,2023,0.0,E,0.97,A,0.0,E,,,2.49,A,,,129.86,B
COACEHL,11,2023,0.0,E,1.01,A,0.0,E,,,2.72,A,,,131.04,B
COACEHL,12,2023,0.0,E,1.22,A,0.0,E,,,1.15,A,,,109.99,C
COACEHL,1,2024,0.0,E,1.01,A,0.0,E,,,0.36,D,,,146.76,A
COACEHL,2,2024,0.0,E,0.98,A,0.0,E,,,0.58,B,,,135.9,B
COACEHL,3,2024,65.36,A,1.04,A,323.89,A,39.99,A,0.65,B,0.97,E,127.32,B
COACEHL,4,2024,65.72,A,0.96,A,341.38,A,30.77,A,0.96,A,1.43,E,131.8,B
COACEHL,5,2024,65.3,A,1.04,A,310.14,A,24.76,A,1.08,A,1.61,E,127.96,B
COACEHL,6,2024,65.6,A,1.07,A,303.17,A,25.57,A,1.33,A,1.98,E,129.13,B
COACEHL,7,2024,66.45,A,0.86,A,375.54,A,25.15,A,1.59,A,2.33,E,129.95,B
COACEHL,8,2024,66.23,A,0.92,A,350.81,A,21.05,A,1.7,A,2.5,E,128.13,B
COACEHL,9,2024,66.47,A,0.9,A,353.11,A,19.55,A,1.74,A,2.55,E,124.86,B
COACEHL,10,2024,66.4,A,1.02,A,309.46,A,16.1,A,1.97,A,2.89,E,125.52,B
COACEHL,11,2024,66.03,A,0.89,A,349.36,A,14.56,A,2.19,A,3.24,E,126.23,B
COACEHL,12,2024,66.21,A,0.91,A,344.52,A,10.16,B,0.94,A,1.38,E,108.75,C
COACEHL,1,2025,65.36,A,0.89,A,344.76,A,10.29,B,0.3,D,0.45,E,140.02,B
COACEHL,2,2025,65.17,A,0.84,A,370.55,A,12.78,A,0.6,B,0.9,E,140.48,B
COACEHL,3,2025,65.33,A,1.06,A,292.47,A,14.63,A,0.87,A,1.3,E,138.99,B
COACEHL,4,2025,65.22,A,1.05,A,297.0,A,13.38,A,0.97,A,1.44,E,130.7,B
COACEHL,5,2025,65.46,A,1.03,A,300.22,A,11.24,B,1.08,A,1.61,E,127.37,B
COACEHL,6,2025,65.54,A,1.08,A,286.7,A,12.74,A,1.29,A,1.92,E,127.4,B
COACEHL,7,2025,66.2,A,0.87,A,354.8,A,13.71,A,1.48,A,2.18,E,126.86,B
COACEHL,8,2025,66.2,A,0.86,A,357.87,A,13.27,A,1.77,A,2.61,E,128.6,B
COACEHL,9,2025,66.35,A,0.84,A,369.15,A,15.24,A,2.03,A,2.99,E,129.46,B
COACEHL,10,2025,65.2,A,0.9,A,334.44,A,20.57,A,2.25,A,3.37,E,130.19,B
COACEHL,11,2025,63.54,A,0.89,A,341.76,A,29.63,A,2.29,A,3.52,E,128.35,B
COACEHL,12,2025,65.5,A,0.91,A,334.16,A,23.67,A,2.4,A,3.58,E,126.22,B
COACEHL,1,2026,64.02,A,0.85,A,357.57,A,23.46,A,0.29,E,0.44,E,138.22,B
COACEHL,2,2026,63.39,A,0.84,A,365.56,A,27.03,A,0.51,B,0.79,E,134.1,B
COOPACYL,3,2026,26.14,A,,,,,15.96,A,1.26,A,4.38,E,148.3,A
CUNA MAYA,4,2024,23.76,A,30.32,E,12.31,E,6.8,D,-0.19,E,-0.8,E,95.62,C
CUNA MAYA,5,2024,24.03,A,30.67,E,12.4,E,10.73,B,-0.31,E,-1.25,E,94.43,C
CUNA MAYA,6,2024,22.85,A,33.85,E,11.61,E,22.24,A,-0.54,E,-2.32,E,91.64,D
CUNA MAYA,7,2024,23.75,A,32.28,E,30.28,E,17.71,A,0.03,E,0.12,E,100.43,C
CUNA MAYA,8,2024,21.06,A,29.39,E,37.86,E,16.32,A,0.02,E,0.09,E,100.25,C
CUNA MAYA,9,2024,21.1,A,28.42,E,38.05,E,15.5,A,0.01,E,0.06,E,100.16,C
CUNA MAYA,10,2024,21.26,A,20.36,E,58.99,E,10.89,B,0.01,E,0.05,E,100.11,C
CUNA MAYA,11,2024,20.89,A,19.11,E,62.08,D,6.62,D,0.02,E,0.11,E,100.21,C
CUNA MAYA,12,2024,21.01,A,19.62,E,60.94,D,10.19,B,0.02,E,0.11,E,100.2,C
CUNA MAYA,1,2025,20.4,A,19.35,E,61.9,D,13.62,A,-0.23,E,-1.06,E,81.88,D
CUNA MAYA,2,2025,20.31,A,19.31,E,61.92,D,12.63,A,-0.54,E,-2.52,E,78.98,D
CUNA MAYA,3,2025,19.76,A,19.19,E,58.85,E,16.66,A,-0.66,E,-3.15,E,81.79,D
CUNA MAYA,4,2025,19.65,A,19.01,E,63.42,D,17.56,A,-0.87,E,-4.18,E,81.99,D
CUNA MAYA,5,2025,19.71,A,19.28,E,61.02,D,15.28,A,-0.95,E,-4.53,E,84.0,D
CUNA MAYA,6,2025,19.78,A,18.95,E,60.59,D,19.98,A,-0.35,E,-1.66,E,94.77,C
CUNA MAYA,7,2025,19.63,A,16.58,E,105.31,B,19.11,A,-0.43,E,-2.03,E,94.55,C
CUNA MAYA,8,2025,20.25,A,15.45,E,99.44,C,15.57,A,-0.06,E,-0.28,E,99.34,C
CUNA MAYA,9,2025,20.86,A,12.96,E,105.09,B,13.59,A,0.54,B,2.42,E,105.33,C
CUNA MAYA,10,2025,21.17,A,12.44,E,101.7,B,9.28,B,0.5,C,2.2,E,104.34,C
CUNA MAYA,11,2025,21.33,A,11.65,E,104.62,B,8.24,C,0.46,C,2.01,E,103.68,C
CUNA MAYA,12,2025,20.94,A,11.22,E,97.19,C,12.17,A,0.12,E,0.52,E,100.83,C
CUNA MAYA,1,2026,20.22,A,10.92,E,97.96,C,11.98,A,-0.08,E,-0.37,E,94.03,C
CUNA MAYA,2,2026,20.31,A,11.77,E,88.64,C,11.99,A,0.06,E,0.27,E,102.44,C
CUNA MAYA,3,2026,19.52,A,,,,,17.59,A,-0.02,E,-0.11,E,99.39,C
EDNE,1,2019,0.0,E,46.44,E,0.0,E,,,0.25,E,,,127.0,B
EDNE,2,2019,0.0,E,45.93,E,0.0,E,,,0.5,C,,,129.55,B
EDNE,3,2019,0.0,E,42.89,E,0.0,E,,,0.95,A,,,138.72,B
EDNE,4,2019,0.0,E,41.0,E,0.0,E,,,1.44,A,,,145.69,A
EDNE,7,2019,0.0,E,39.94,E,0.0,E,,,3.12,A,,,154.72,A
EDNE,8,2019,0.0,E,37.85,E,0.0,E,,,3.82,A,,,158.94,A
EDNE,9,2019,0.0,E,37.18,E,0.0,E,,,4.2,A,,,158.89,A
EDNE,10,2019,0.0,E,36.1,E,0.0,E,,,4.64,A,,,157.83,A
EDNE,11,2019,0.0,E,34.78,E,0.0,E,,,5.19,A,,,158.61,A
EDNE,12,2019,0.0,E,37.18,E,0.0,E,,,3.18,A,,,126.3,B
EDNE,2,2020,0.0,E,35.22,E,0.0,E,,,0.84,A,,,144.91,A
EDNE,3,2020,,,,,,,,,,,,,,
EDNE,10,2020,0.0,E,39.98,E,0.0,E,,,3.33,A,,,141.13,B
EDNE,12,2020,0.0,E,37.76,E,0.0,E,,,2.33,A,,,120.33,B
EDNE,1,2021,0.0,E,36.14,E,0.0,E,,,0.21,E,,,120.02,B
EDNE,2,2021,0.0,E,33.64,E,0.0,E,,,0.45,C,,,122.04,B
EDNE,3,2021,0.0,E,33.24,E,0.0,E,,,0.7,A,,,123.88,B
EDNE,4,2021,0.0,E,32.05,E,0.0,E,,,1.09,A,,,128.52,B
EDNE,5,2021,0.0,E,31.2,E,0.0,E,,,1.43,A,,,131.07,B
EDNE,6,2021,0.0,E,33.33,E,0.0,E,,,1.95,A,,,135.8,B
EDNE,7,2021,0.0,E,32.75,E,0.0,E,,,2.35,A,,,136.35,B
EDNE,8,2021,0.0,E,30.57,E,0.0,E,,,2.63,A,,,137.0,B
EDNE,9,2021,0.0,E,28.91,E,0.0,E,,,2.98,A,,,136.66,B
EDNE,10,2021,0.0,E,27.22,E,0.0,E,,,3.19,A,,,136.98,B
EDNE,11,2021,0.0,E,27.48,E,0.0,E,,,3.45,A,,,136.44,B
EDNE,12,2021,0.0,E,29.09,E,0.0,E,,,2.4,A,,,119.79,B
EDNE,1,2022,0.0,E,28.44,E,0.0,E,,,0.03,E,,,102.54,C
EDNE,2,2022,0.0,E,29.25,E,0.0,E,,,0.13,E,,,106.48,C
EDNE,3,2022,0.0,E,28.83,E,0.0,E,,,0.35,D,,,111.32,B
EDNE,4,2022,0.0,E,27.63,E,0.0,E,,,0.64,B,,,115.85,B
EDNE,5,2022,0.0,E,26.91,E,0.0,E,,,0.99,A,,,120.17,B
EDNE,6,2022,0.0,E,28.91,E,0.0,E,,,1.34,A,,,122.29,B
EDNE,7,2022,0.0,E,29.96,E,0.0,E,,,1.46,A,,,120.07,B
EDNE,8,2022,0.0,E,30.54,E,0.0,E,,,2.52,A,,,131.1,B
EDNE,9,2022,0.0,E,35.18,E,0.0,E,,,2.72,A,,,129.76,B
EDNE,10,2022,0.0,E,34.49,E,0.0,E,,,3.09,A,,,131.0,B
EDNE,11,2022,0.0,E,35.32,E,0.0,E,,,3.6,A,,,132.85,B
EDNE,12,2022,0.0,E,33.15,E,0.0,E,,,2.5,A,,,118.04,B
EDNE,1,2023,0.0,E,32.93,E,0.0,E,,,0.09,E,,,107.76,C
EDNE,2,2023,0.0,E,32.78,E,0.0,E,,,0.35,D,,,117.68,B
EDNE,3,2023,0.0,E,31.5,E,0.0,E,,,0.8,A,,,128.0,B
EDNE,4,2023,0.0,E,30.65,E,0.0,E,,,0.93,A,,,123.41,B
EDNE,5,2023,0.0,E,32.99,E,0.0,E,,,1.4,A,,,128.27,B
EDNE,6,2023,0.0,E,34.13,E,0.0,E,,,1.6,A,,,127.67,B
EDNE,7,2023,0.0,E,33.61,E,0.0,E,,,1.92,A,,,128.38,B
EDNE,8,2023,0.0,E,33.0,E,0.0,E,,,2.09,A,,,127.03,B
EDNE,9,2023,0.0,E,29.87,E,0.0,E,,,2.43,A,,,128.16,B
EDNE,10,2023,0.0,E,28.46,E,0.0,E,,,2.96,A,,,131.16,B
EDNE,11,2023,0.0,E,27.37,E,0.0,E,,,3.25,A,,,131.14,B
EDNE,12,2023,0.0,E,29.99,E,0.0,E,,,2.2,A,,,116.96,B
EDNE,1,2024,0.0,E,22.19,E,0.0,E,,,0.32,D,,,126.84,B
EDNE,2,2024,0.0,E,21.45,E,0.0,E,,,0.42,D,,,116.28,B
EDNE,3,2024,73.17,A,19.94,E,110.24,B,35.79,A,0.9,A,1.03,E,122.98,B
EDNE,4,2024,73.18,A,22.79,E,96.04,C,51.63,A,0.71,A,0.81,E,112.98,B
EDNE,5,2024,74.67,A,21.77,E,100.79,B,52.71,A,1.01,A,1.13,E,114.91,B
EDNE,6,2024,74.64,A,23.15,E,98.3,C,70.69,A,1.57,A,1.77,E,120.81,B
EDNE,7,2024,74.47,A,24.52,E,92.3,C,80.56,A,1.83,A,2.07,E,121.46,B
EDNE,8,2024,73.9,A,23.51,E,90.56,C,51.36,A,2.05,A,2.35,E,121.61,B
EDNE,9,2024,74.08,A,29.24,E,69.8,D,6.88,D,2.47,A,2.83,E,123.6,B
EDNE,10,2024,74.2,A,27.43,E,73.89,D,61.78,A,2.88,A,3.3,E,125.48,B
EDNE,11,2024,74.05,A,26.83,E,74.99,D,66.09,A,3.26,A,3.74,E,126.65,B
EDNE,12,2024,76.05,A,27.72,E,74.04,D,77.17,A,2.35,A,2.62,E,115.9,B
EDNE,1,2025,74.32,A,26.78,E,74.24,D,40.28,A,0.47,C,0.54,E,144.66,A
EDNE,2,2025,74.44,A,25.23,E,77.5,D,41.07,A,0.67,A,0.77,E,126.4,B
EDNE,3,2025,74.76,A,24.98,E,77.16,D,37.13,A,0.97,A,1.11,E,125.94,B
EDNE,4,2025,74.72,A,25.09,E,74.93,D,98.07,A,1.14,A,1.3,E,122.44,B
EDNE,5,2025,76.01,A,24.72,E,76.02,D,122.02,A,1.3,A,1.47,E,120.3,B
EDNE,6,2025,75.86,A,25.87,E,75.3,D,44.96,A,1.57,A,1.76,E,120.3,B
EDNE,7,2025,75.45,A,25.52,E,75.7,D,57.99,A,2.02,A,2.3,E,123.26,B
EDNE,8,2025,74.92,A,23.4,E,77.24,D,15.41,A,2.64,A,3.03,E,127.42,B
EDNE,9,2025,75.45,A,23.1,E,77.76,D,62.11,A,2.97,A,3.38,E,127.4,B
EDNE,10,2025,75.24,A,23.16,E,77.43,D,54.69,A,3.21,A,3.68,E,126.55,B
EDNE,11,2025,74.98,A,23.5,E,77.84,D,66.95,A,3.33,A,3.82,E,125.0,B
EDNE,12,2025,77.03,A,25.07,E,77.07,D,92.9,A,2.37,A,2.63,E,114.36,B
EDNE,1,2026,74.65,A,26.69,E,73.97,D,97.97,A,0.16,E,0.19,E,112.42,B
EDNE,2,2026,74.34,A,26.63,E,74.42,D,99.32,A,0.35,D,0.4,E,113.17,B
EDNE,3,2026,74.45,A,,,,,138.4,A,0.66,A,0.76,E,116.81,B
EL NEGRITO,1,2019,0.0,E,17.6,E,0.0,E,,,0.29,E,,,126.59,B
EL NEGRITO,2,2019,0.0,E,19.99,E,0.0,E,,,0.41,D,,,118.14,B
EL NEGRITO,3,2019,0.0,E,26.33,E,0.0,E,,,0.5,B,,,114.45,B
EL NEGRITO,4,2019,0.0,E,23.28,E,0.0,E,,,0.85,A,,,118.27,B
EL NEGRITO,5,2019,0.0,E,31.14,E,0.0,E,,,1.55,A,,,131.5,B
EL NEGRITO,6,2019,0.0,E,33.2,E,0.0,E,,,1.57,A,,,121.57,B
EL NEGRITO,7,2019,0.0,E,29.24,E,0.0,E,,,1.44,A,,,121.57,B
EL NEGRITO,8,2019,0.0,E,23.33,E,0.0,E,,,2.05,A,,,123.94,B
EL NEGRITO,9,2019,0.0,E,24.37,E,0.0,E,,,2.39,A,,,125.55,B
EL NEGRITO,10,2019,0.0,E,25.28,E,0.0,E,,,2.55,A,,,124.92,B
EL NEGRITO,11,2019,0.0,E,27.25,E,0.0,E,,,3.03,A,,,126.75,B
EL NEGRITO,12,2019,0.0,E,29.64,E,0.0,E,,,1.99,A,,,114.4,B
EL NEGRITO,1,2020,0.0,E,27.46,E,0.0,E,,,0.32,D,,,130.79,B
EL NEGRITO,2,2020,0.0,E,28.74,E,0.0,E,,,0.55,B,,,125.61,B
EL NEGRITO,3,2020,0.0,E,33.82,E,0.0,E,,,0.93,A,,,129.31,B
EL NEGRITO,4,2020,0.0,E,44.11,E,0.0,E,,,1.28,A,,,131.86,B
EL NEGRITO,5,2020,0.0,E,31.14,E,0.0,E,,,1.55,A,,,131.5,B
EL NEGRITO,6,2020,0.0,E,36.62,E,0.0,E,,,1.68,A,,,129.63,B
EL NEGRITO,7,2020,0.0,E,37.06,E,0.0,E,,,1.81,A,,,127.64,B
EL NEGRITO,8,2020,0.0,E,37.19,E,0.0,E,,,2.0,A,,,127.37,B
EL NEGRITO,9,2020,0.0,E,35.15,E,0.0,E,,,2.02,A,,,124.77,B
EL NEGRITO,10,2020,0.0,E,36.39,E,0.0,E,,,2.09,A,,,123.19,B
EL NEGRITO,11,2020,0.0,E,34.93,E,0.0,E,,,2.21,A,,,122.09,B
EL NEGRITO,12,2020,0.0,E,33.71,E,0.0,E,,,1.33,A,,,111.0,B
EL NEGRITO,1,2021,0.0,E,33.69,E,0.0,E,,,0.17,E,,,117.02,B
EL NEGRITO,2,2021,0.0,E,33.34,E,0.0,E,,,0.32,D,,,115.87,B
EL NEGRITO,3,2021,0.0,E,31.64,E,0.0,E,,,0.63,B,,,120.85,B
EL NEGRITO,4,2021,0.0,E,30.81,E,0.0,E,,,1.1,A,,,128.62,B
EL NEGRITO,5,2021,0.0,E,26.59,E,0.0,E,,,1.4,A,,,129.52,B
EL NEGRITO,6,2021,0.0,E,24.65,E,0.0,E,,,1.63,A,,,129.12,B
EL NEGRITO,7,2021,0.0,E,23.91,E,0.0,E,,,1.87,A,,,128.48,B
EL NEGRITO,8,2021,0.0,E,18.45,E,0.0,E,,,2.19,A,,,129.77,B
EL NEGRITO,9,2021,0.0,E,17.98,E,0.0,E,,,2.57,A,,,130.64,B
EL NEGRITO,10,2021,0.0,E,17.83,E,0.0,E,,,2.89,A,,,131.5,B
EL NEGRITO,11,2021,0.0,E,20.12,E,0.0,E,,,3.17,A,,,131.48,B
EL NEGRITO,12,2021,0.0,E,17.87,E,0.0,E,,,2.02,A,,,116.4,B
EL NEGRITO,1,2022,0.0,E,18.47,E,0.0,E,,,0.47,C,,,154.58,A
EL NEGRITO,2,2022,0.0,E,18.53,E,0.0,E,,,0.8,A,,,143.11,A
EL NEGRITO,3,2022,0.0,E,17.91,E,0.0,E,,,0.93,A,,,134.16,B
EL NEGRITO,4,2022,0.0,E,17.34,E,0.0,E,,,1.28,A,,,135.91,B
EL NEGRITO,5,2022,0.0,E,17.59,E,0.0,E,,,1.38,A,,,133.39,B
EL NEGRITO,6,2022,0.0,E,17.43,E,0.0,E,,,1.59,A,,,132.49,B
EL NEGRITO,7,2022,0.0,E,17.01,E,0.0,E,,,1.75,A,,,131.01,B
EL NEGRITO,8,2022,0.0,E,11.04,E,0.0,E,,,2.03,A,,,132.06,B
EL NEGRITO,9,2022,0.0,E,12.08,E,0.0,E,,,2.26,A,,,131.99,B
EL NEGRITO,10,2022,0.0,E,11.27,E,0.0,E,,,2.42,A,,,131.02,B
EL NEGRITO,11,2022,0.0,E,11.04,E,0.0,E,,,2.53,A,,,129.28,B
EL NEGRITO,12,2022,0.0,E,11.33,E,0.0,E,,,1.49,A,,,113.87,B
EL NEGRITO,1,2023,0.0,E,11.2,E,0.0,E,,,0.16,E,,,117.07,B
EL NEGRITO,2,2023,0.0,E,10.88,E,0.0,E,,,0.19,E,,,109.93,C
EL NEGRITO,3,2023,0.0,E,10.45,E,0.0,E,,,0.21,E,,,106.91,C
EL NEGRITO,4,2023,0.0,E,10.11,E,0.0,E,,,0.34,D,,,108.62,C
EL NEGRITO,5,2023,0.0,E,10.24,E,0.0,E,,,0.59,B,,,112.07,B
EL NEGRITO,6,2023,0.0,E,11.39,E,0.0,E,,,0.77,A,,,113.14,B
EL NEGRITO,7,2023,0.0,E,11.25,E,0.0,E,,,1.05,A,,,115.4,B
EL NEGRITO,8,2023,0.0,E,11.39,E,0.0,E,,,1.27,A,,,116.21,B
EL NEGRITO,9,2023,0.0,E,11.87,E,0.0,E,,,1.65,A,,,119.03,B
EL NEGRITO,10,2023,0.0,E,12.28,E,0.0,E,,,1.93,A,,,120.07,B
EL NEGRITO,11,2023,0.0,E,11.66,E,0.0,E,,,2.27,A,,,121.5,B
EL NEGRITO,12,2023,0.0,E,9.92,D,0.0,E,,,1.68,A,,,113.14,B
EL NEGRITO,1,2024,0.0,E,8.74,D,0.0,E,,,0.57,B,,,156.8,A
EL NEGRITO,2,2024,0.0,E,8.84,D,0.0,E,,,0.65,A,,,129.43,B
EL NEGRITO,3,2024,32.8,A,10.1,E,95.27,C,14.22,A,0.9,A,2.53,E,127.56,B
EL NEGRITO,4,2024,32.79,A,10.34,E,92.29,C,14.4,A,1.26,A,3.55,E,130.46,B
EL NEGRITO,5,2024,33.05,A,11.95,E,78.58,D,14.34,A,1.45,A,4.06,E,128.25,B
EL NEGRITO,6,2024,33.3,A,11.24,E,83.46,D,15.22,A,1.82,A,5.07,E,130.28,B
EL NEGRITO,7,2024,32.92,A,10.58,E,86.28,C,14.76,A,2.14,A,6.05,D,131.38,B
EL NEGRITO,8,2024,33.03,A,10.03,E,89.98,C,13.26,A,2.35,A,6.61,D,130.28,B
EL NEGRITO,9,2024,33.69,A,9.11,D,99.66,C,10.49,B,2.52,A,6.95,D,128.04,B
EL NEGRITO,10,2024,34.55,A,9.01,D,101.65,B,7.56,D,2.76,A,7.4,D,126.8,B
EL NEGRITO,11,2024,34.45,A,8.53,D,107.55,B,8.22,C,2.93,A,7.88,D,126.04,B
EL NEGRITO,12,2024,33.98,A,9.01,D,101.9,B,7.25,D,1.95,A,5.32,E,114.42,B
EL NEGRITO,1,2025,31.17,A,8.81,D,104.36,B,14.57,A,0.33,D,0.99,E,132.27,B
EL NEGRITO,2,2025,30.17,A,9.32,D,97.94,C,19.11,A,0.34,D,1.05,E,115.35,B
EL NEGRITO,3,2025,30.05,A,9.61,D,94.43,C,18.8,A,0.4,D,1.24,E,111.75,B
EL NEGRITO,4,2025,30.31,A,9.33,D,96.76,C,17.99,A,0.63,B,1.92,E,114.09,B
EL NEGRITO,5,2025,30.79,A,8.4,D,106.34,B,18.12,A,0.72,A,2.17,E,113.12,B
EL NEGRITO,6,2025,30.97,A,8.71,D,101.44,B,17.69,A,0.94,A,2.85,E,114.72,B
EL NEGRITO,7,2025,31.11,A,8.6,D,104.69,B,18.95,A,1.12,A,3.34,E,114.89,B
EL NEGRITO,8,2025,31.2,A,8.87,D,102.06,B,20.17,A,1.33,A,3.96,E,115.77,B
EL NEGRITO,9,2025,31.04,A,8.81,D,103.77,B,21.71,A,1.45,A,4.36,E,115.44,B
EL NEGRITO,10,2025,31.46,A,7.72,D,99.39,C,23.23,A,2.02,A,6.06,D,119.61,B
EL NEGRITO,11,2025,31.44,A,7.71,D,100.84,B,23.02,A,2.1,A,6.31,D,118.63,B
EL NEGRITO,12,2025,30.48,A,8.9,D,88.15,C,20.86,A,1.1,A,3.41,E,108.2,C
EL NEGRITO,1,2026,29.38,A,8.89,D,88.85,C,21.95,A,0.05,E,0.17,E,104.58,C
EL NEGRITO,2,2026,29.57,A,9.01,D,88.15,C,22.17,A,0.16,E,0.5,E,106.79,C
EL NEGRITO,3,2026,29.74,A,,,,,21.11,A,0.09,E,0.27,E,102.37,C
ELGA,1,2019,0.0,E,5.55,C,0.0,E,,,0.27,E,,,130.14,B
ELGA,2,2019,0.0,E,6.2,C,0.0,E,,,0.37,D,,,119.38,B
ELGA,3,2019,0.0,E,6.38,C,0.0,E,,,0.5,C,,,117.2,B
ELGA,4,2019,0.0,E,6.73,C,0.0,E,,,0.62,B,,,116.11,B
ELGA,5,2019,0.0,E,3.36,B,0.0,E,,,0.92,A,,,120.92,B
ELGA,7,2019,0.0,E,6.21,C,0.0,E,,,1.08,A,,,116.33,B
ELGA,8,2019,0.0,E,6.58,C,0.0,E,,,1.14,A,,,115.12,B
ELGA,9,2019,0.0,E,6.71,C,0.0,E,,,1.27,A,,,114.97,B
ELGA,10,2019,0.0,E,7.02,D,0.0,E,,,1.35,A,,,114.35,B
ELGA,11,2019,0.0,E,7.37,D,0.0,E,,,1.42,A,,,113.71,B
ELGA,12,2019,0.0,E,6.53,C,0.0,E,,,1.42,A,,,112.55,B
ELGA,1,2020,0.0,E,6.57,C,0.0,E,,,0.18,E,,,119.12,B
ELGA,2,2020,0.0,E,6.54,C,0.0,E,,,0.33,D,,,117.33,B
ELGA,3,2020,0.0,E,8.18,D,0.0,E,,,0.48,C,,,117.48,B
ELGA,4,2020,0.0,E,3.36,B,0.0,E,,,0.72,A,,,120.0,B
ELGA,5,2020,0.0,E,3.36,B,0.0,E,,,0.92,A,,,120.92,B
ELGA,6,2020,0.0,E,3.68,B,0.0,E,,,1.1,A,,,121.09,B
ELGA,7,2020,0.0,E,11.35,E,0.0,E,,,0.67,A,,,110.95,B
ELGA,8,2020,0.0,E,9.05,D,0.0,E,,,1.02,A,,,115.11,B
ELGA,9,2020,0.0,E,7.59,D,0.0,E,,,1.28,A,,,117.07,B
ELGA,10,2020,0.0,E,6.44,C,0.0,E,,,1.53,A,,,118.69,B
ELGA,11,2020,0.0,E,6.5,C,0.0,E,,,1.61,A,,,117.82,B
ELGA,12,2020,0.0,E,5.0,C,0.0,E,,,1.33,A,,,112.97,B
ELGA,1,2021,0.0,E,4.65,B,0.0,E,,,0.23,E,,,128.55,B
ELGA,2,2021,0.0,E,4.95,B,0.0,E,,,0.36,D,,,121.16,B
ELGA,3,2021,0.0,E,5.0,C,0.0,E,,,0.42,D,,,116.28,B
ELGA,4,2021,0.0,E,4.97,B,0.0,E,,,0.55,B,,,115.99,B
ELGA,5,2021,0.0,E,5.11,C,0.0,E,,,0.65,B,,,115.34,B
ELGA,6,2021,0.0,E,5.03,C,0.0,E,,,0.76,A,,,115.35,B
ELGA,7,2021,0.0,E,5.07,C,0.0,E,,,0.89,A,,,115.73,B
ELGA,8,2021,0.0,E,4.91,B,0.0,E,,,1.0,A,,,115.63,B
ELGA,9,2021,0.0,E,4.8,B,0.0,E,,,1.19,A,,,116.81,B
ELGA,10,2021,0.0,E,4.92,B,0.0,E,,,1.37,A,,,117.56,B
ELGA,11,2021,0.0,E,4.76,B,0.0,E,,,1.52,A,,,117.89,B
ELGA,12,2021,0.0,E,4.76,B,0.0,E,,,0.56,B,,,105.47,C
ELGA,1,2022,0.0,E,4.92,B,0.0,E,,,0.15,E,,,120.24,B
ELGA,2,2022,0.0,E,4.92,B,0.0,E,,,0.19,E,,,112.63,B
ELGA,3,2022,0.0,E,4.99,B,0.0,E,,,0.3,D,,,112.96,B
ELGA,4,2022,0.0,E,4.96,B,0.0,E,,,0.4,D,,,113.27,B
ELGA,5,2022,0.0,E,5.08,C,0.0,E,,,0.48,C,,,112.88,B
ELGA,6,2022,0.0,E,5.12,C,0.0,E,,,0.53,B,,,111.88,B
ELGA,7,2022,0.0,E,5.74,C,0.0,E,,,0.61,B,,,111.59,B
ELGA,8,2022,0.0,E,5.8,C,0.0,E,,,0.67,A,,,111.35,B
ELGA,9,2022,0.0,E,5.94,C,0.0,E,,,0.72,A,,,110.91,B
ELGA,10,2022,0.0,E,5.95,C,0.0,E,,,0.81,A,,,111.08,B
ELGA,11,2022,0.0,E,6.18,C,0.0,E,,,0.85,A,,,110.6,B
ELGA,12,2022,0.0,E,5.03,C,0.0,E,,,0.35,D,,,103.68,C
ELGA,1,2023,0.0,E,5.35,C,0.0,E,,,0.19,E,,,129.75,B
ELGA,2,2023,0.0,E,5.65,C,0.0,E,,,0.18,E,,,113.05,B
ELGA,3,2023,0.0,E,6.12,C,0.0,E,,,0.22,E,,,110.38,B
ELGA,4,2023,0.0,E,6.76,C,0.0,E,,,0.25,E,,,108.85,C
ELGA,5,2023,0.0,E,6.91,C,0.0,E,,,0.33,D,,,109.36,C
ELGA,6,2023,0.0,E,6.88,C,0.0,E,,,0.35,D,,,108.14,C
ELGA,7,2023,0.0,E,7.22,D,0.0,E,,,0.45,C,,,108.43,C
ELGA,8,2023,0.0,E,7.44,D,0.0,E,,,0.49,C,,,108.51,C
ELGA,9,2023,0.0,E,7.62,D,0.0,E,,,0.52,B,,,107.8,C
ELGA,10,2023,0.0,E,8.2,D,0.0,E,,,0.54,B,,,107.33,C
ELGA,11,2023,0.0,E,8.21,D,0.0,E,,,0.59,B,,,107.18,C
ELGA,12,2023,0.0,E,7.99,D,0.0,E,,,0.65,B,,,107.27,C
ELGA,1,2024,0.0,E,8.97,D,0.0,E,,,0.09,E,,,111.98,B
ELGA,2,2024,0.0,E,9.08,D,0.0,E,,,0.12,E,,,108.21,C
ELGA,3,2024,44.44,A,9.77,D,67.42,D,20.13,A,0.17,E,0.36,E,107.34,C
ELGA,4,2024,44.33,A,9.75,D,66.85,D,17.91,A,0.21,E,0.46,E,107.09,C
ELGA,5,2024,44.56,A,10.28,E,61.92,D,12.77,A,0.26,E,0.57,E,106.92,C
ELGA,6,2024,44.74,A,10.06,E,63.16,D,15.2,A,0.37,D,0.79,E,108.23,C
ELGA,7,2024,45.01,A,9.77,D,64.92,D,11.62,B,0.39,D,0.83,E,107.33,C
ELGA,8,2024,45.33,A,10.07,E,63.13,D,8.76,C,0.46,C,0.97,E,107.45,C
ELGA,9,2024,45.72,A,10.37,E,61.45,D,9.78,B,0.55,B,1.16,E,107.97,C
ELGA,10,2024,46.21,A,10.49,E,61.07,D,9.14,B,0.61,B,1.26,E,107.73,C
ELGA,11,2024,46.43,A,10.36,E,67.62,D,7.29,D,0.66,A,1.36,E,107.57,C
ELGA,12,2024,46.47,A,9.11,D,79.53,D,9.99,B,0.73,A,1.5,E,107.6,C
ELGA,1,2025,46.39,A,9.19,D,79.71,D,8.72,C,0.11,E,0.22,E,113.6,B
ELGA,2,2025,46.18,A,9.18,D,80.35,D,9.0,C,0.18,E,0.37,E,111.28,B
ELGA,3,2025,45.62,A,9.01,D,81.76,D,12.12,A,0.25,E,0.53,E,110.58,B
ELGA,4,2025,45.85,A,9.29,D,79.72,D,8.81,C,0.36,D,0.75,E,111.15,B
ELGA,5,2025,45.75,A,9.0,D,82.11,D,9.76,B,0.47,C,0.97,E,111.41,B
ELGA,6,2025,45.3,A,8.63,D,88.35,C,13.26,A,0.54,B,1.14,E,111.1,B
ELGA,7,2025,45.35,A,7.96,D,89.7,C,14.29,A,0.62,B,1.3,E,110.85,B
ELGA,8,2025,45.18,A,8.01,D,90.54,C,12.63,A,0.65,A,1.38,E,109.92,C
ELGA,9,2025,44.91,A,8.08,D,90.08,C,13.24,A,0.68,A,1.44,E,109.15,C
ELGA,10,2025,44.86,A,8.22,D,89.26,C,14.62,A,0.71,A,1.5,E,108.57,C
ELGA,11,2025,44.92,A,7.94,D,91.21,C,14.94,A,0.72,A,1.53,E,107.91,C
ELGA,12,2025,44.92,A,8.03,D,91.52,C,18.82,A,0.77,A,1.62,E,107.71,C
ELGA,1,2026,42.63,A,8.08,D,90.92,C,28.03,A,0.03,E,0.06,E,103.34,C
ELGA,2,2026,42.52,A,8.02,D,91.85,C,28.0,A,0.05,E,0.11,E,103.03,C
ELGA,3,2026,42.25,A,,,,,26.82,A,0.07,E,0.16,E,102.99,C
EMPLEADOS BANPAIS,1,2019,0.0,E,0.27,A,0.0,E,,,0.01,E,,,100.95,C
EMPLEADOS BANPAIS,2,2019,0.0,E,0.0,A,,,,,0.1,E,,,104.12,C
EMPLEADOS BANPAIS,3,2019,0.0,E,0.0,A,,,,,0.18,E,,,105.38,C
EMPLEADOS BANPAIS,4,2019,0.0,E,0.0,A,,,,,0.23,E,,,105.18,C
EMPLEADOS BANPAIS,5,2019,0.0,E,0.0,A,,,,,0.15,E,,,102.92,C
EMPLEADOS BANPAIS,7,2019,0.0,E,0.0,A,,,,,0.52,B,,,106.88,C
EMPLEADOS BANPAIS,8,2019,0.0,E,0.0,A,,,,,0.6,B,,,107.02,C
EMPLEADOS BANPAIS,9,2019,0.0,E,0.0,A,,,,,0.68,A,,,107.17,C
EMPLEADOS BANPAIS,10,2019,0.0,E,0.0,A,,,,,0.74,A,,,107.01,C
EMPLEADOS BANPAIS,11,2019,0.0,E,0.0,A,,,,,0.81,A,,,106.44,C
EMPLEADOS BANPAIS,12,2019,0.0,E,0.0,A,,,,,0.9,A,,,106.5,C
EMPLEADOS BANPAIS,1,2020,0.0,E,0.0,A,,,,,0.02,E,,,101.57,C
EMPLEADOS BANPAIS,2,2020,0.0,E,0.0,A,,,,,0.06,E,,,102.46,C
EMPLEADOS BANPAIS,3,2020,0.0,E,0.0,A,,,,,0.11,E,,,103.21,C
EMPLEADOS BANPAIS,4,2020,0.0,E,0.0,A,,,,,0.14,E,,,103.27,C
EMPLEADOS BANPAIS,5,2020,0.0,E,0.0,A,,,,,0.15,E,,,102.92,C
EMPLEADOS BANPAIS,7,2020,0.0,E,0.0,A,,,,,0.34,D,,,104.66,C
EMPLEADOS BANPAIS,8,2020,0.0,E,0.0,A,,,,,0.37,D,,,104.53,C
EMPLEADOS BANPAIS,9,2020,0.0,E,0.0,A,,,,,0.42,D,,,104.63,C
EMPLEADOS BANPAIS,10,2020,0.0,E,0.0,A,,,,,0.47,C,,,104.64,C
EMPLEADOS BANPAIS,11,2020,0.0,E,0.0,A,,,,,0.55,B,,,104.51,C
EMPLEADOS BANPAIS,1,2021,0.0,E,0.0,A,,,,,0.02,E,,,102.14,C
EMPLEADOS BANPAIS,3,2021,0.0,E,0.0,A,,,,,0.14,E,,,104.41,C
EMPLEADOS BANPAIS,4,2021,0.0,E,0.0,A,,,,,0.2,E,,,104.78,C
EMPLEADOS BANPAIS,5,2021,0.0,E,0.0,A,,,,,0.23,E,,,104.56,C
EMPLEADOS BANPAIS,6,2021,0.0,E,0.0,A,,,,,0.4,D,,,106.6,C
EMPLEADOS BANPAIS,7,2021,0.0,E,0.0,A,,,,,0.43,C,,,106.13,C
EMPLEADOS BANPAIS,8,2021,0.0,E,0.0,A,,,,,0.46,C,,,105.88,C
EMPLEADOS BANPAIS,9,2021,0.0,E,0.0,A,,,,,0.49,C,,,105.76,C
EMPLEADOS BANPAIS,10,2021,0.0,E,0.0,A,,,,,0.54,B,,,105.84,C
EMPLEADOS BANPAIS,11,2021,0.0,E,0.0,A,,,,,0.64,B,,,105.74,C
EMPLEADOS BANPAIS,12,2021,0.0,E,0.0,A,,,,,0.64,B,,,105.45,C
EMPLEADOS BANPAIS,1,2022,0.0,E,0.0,A,,,,,0.09,E,,,111.78,B
EMPLEADOS BANPAIS,2,2022,0.0,E,0.0,A,,,,,0.2,E,,,112.88,B
EMPLEADOS BANPAIS,3,2022,0.0,E,0.0,A,,,,,0.28,E,,,111.81,B
EMPLEADOS BANPAIS,4,2022,0.0,E,0.0,A,,,,,0.36,D,,,111.56,B
EMPLEADOS BANPAIS,5,2022,0.0,E,0.0,A,,,,,0.44,C,,,111.29,B
EMPLEADOS BANPAIS,6,2022,0.0,E,0.0,A,,,,,0.67,A,,,114.45,B
EMPLEADOS BANPAIS,7,2022,0.0,E,0.0,A,,,,,0.76,A,,,114.09,B
EMPLEADOS BANPAIS,8,2022,0.0,E,0.0,A,,,,,0.87,A,,,114.34,B
EMPLEADOS BANPAIS,9,2022,0.0,E,0.0,A,,,,,0.97,A,,,114.49,B
EMPLEADOS BANPAIS,10,2022,0.0,E,0.0,A,,,,,1.04,A,,,114.2,B
EMPLEADOS BANPAIS,11,2022,0.0,E,0.0,A,,,,,1.22,A,,,113.66,B
EMPLEADOS BANPAIS,12,2022,0.0,E,0.0,A,,,,,1.14,A,,,111.6,B
EMPLEADOS BANPAIS,1,2023,0.0,E,0.0,A,,,,,0.06,E,,,107.13,C
EMPLEADOS BANPAIS,2,2023,0.0,E,0.0,A,,,,,0.23,E,,,114.47,B
EMPLEADOS BANPAIS,3,2023,0.0,E,0.0,A,,,,,0.29,E,,,112.25,B
EMPLEADOS BANPAIS,4,2023,0.0,E,0.0,A,,,,,0.34,D,,,110.96,B
EMPLEADOS BANPAIS,5,2023,0.0,E,0.0,A,,,,,0.42,D,,,111.06,B
EMPLEADOS BANPAIS,6,2023,0.0,E,0.0,A,,,,,0.62,B,,,113.88,B
EMPLEADOS BANPAIS,7,2023,0.0,E,0.0,A,,,,,0.71,A,,,113.7,B
EMPLEADOS BANPAIS,8,2023,0.0,E,0.0,A,,,,,0.81,A,,,113.99,B
EMPLEADOS BANPAIS,9,2023,0.0,E,0.0,A,,,,,0.91,A,,,114.18,B
EMPLEADOS BANPAIS,10,2023,0.0,E,0.0,A,,,,,0.98,A,,,113.96,B
EMPLEADOS BANPAIS,11,2023,0.0,E,0.0,A,,,,,1.14,A,,,113.43,B
EMPLEADOS BANPAIS,12,2023,0.0,E,0.0,A,,,,,1.28,A,,,114.19,B
EMPLEADOS BANPAIS,1,2024,0.0,E,0.0,A,,,,,0.03,E,,,104.48,C
EMPLEADOS BANPAIS,2,2024,0.0,E,0.0,A,,,,,0.13,E,,,108.09,C
EMPLEADOS BANPAIS,3,2024,88.92,A,0.0,A,,,33.97,A,0.33,D,0.37,E,114.3,B
EMPLEADOS BANPAIS,4,2024,86.91,A,0.0,A,,,47.41,A,0.38,D,0.43,E,112.21,B
EMPLEADOS BANPAIS,5,2024,86.01,A,0.0,A,,,51.89,A,0.41,D,0.48,E,110.83,B
EMPLEADOS BANPAIS,6,2024,85.51,A,0.0,A,,,30.16,A,0.69,A,0.81,E,115.52,B
EMPLEADOS BANPAIS,7,2024,84.23,A,0.0,A,,,24.73,A,0.81,A,0.95,E,115.63,B
EMPLEADOS BANPAIS,8,2024,83.79,A,0.02,A,3270.19,A,22.78,A,0.92,A,1.09,E,115.8,B
EMPLEADOS BANPAIS,9,2024,83.56,A,0.01,A,11426.72,A,31.54,A,1.15,A,1.38,E,118.08,B
EMPLEADOS BANPAIS,10,2024,82.23,A,0.01,A,5558.38,A,29.42,A,1.24,A,1.5,E,117.5,B
EMPLEADOS BANPAIS,11,2024,92.68,A,0.02,A,4836.47,A,91.07,A,1.48,A,1.58,E,116.93,B
EMPLEADOS BANPAIS,12,2024,92.78,A,0.01,A,6428.6,A,93.84,A,1.53,A,1.64,E,116.19,B
EMPLEADOS BANPAIS,1,2025,89.14,A,0.0,A,23108.13,A,48.94,A,0.07,E,0.08,E,108.45,C
EMPLEADOS BANPAIS,2,2025,88.11,A,0.01,A,10157.32,A,55.06,A,0.21,E,0.24,E,113.24,B
EMPLEADOS BANPAIS,3,2025,88.35,A,0.0,A,35359.51,A,49.16,A,0.44,C,0.49,E,118.22,B
EMPLEADOS BANPAIS,4,2025,86.41,A,0.0,A,,,29.28,A,0.55,B,0.64,E,117.64,B
EMPLEADOS BANPAIS,5,2025,85.88,A,0.0,A,,,29.23,A,0.69,A,0.79,E,117.66,B
EMPLEADOS BANPAIS,6,2025,85.39,A,0.0,A,,,48.28,A,1.03,A,1.2,E,122.49,B
EMPLEADOS BANPAIS,7,2025,83.69,A,0.0,A,,,26.68,A,1.2,A,1.43,E,122.83,B
EMPLEADOS BANPAIS,8,2025,83.29,A,0.0,A,61701.45,A,17.41,A,1.33,A,1.59,E,122.15,B
EMPLEADOS BANPAIS,9,2025,83.14,A,0.01,A,13741.03,A,32.31,A,1.55,A,1.86,E,123.26,B
EMPLEADOS BANPAIS,10,2025,81.97,A,0.0,A,,,36.87,A,1.62,A,1.96,E,121.92,B
EMPLEADOS BANPAIS,11,2025,91.92,A,0.0,A,,,105.44,A,1.85,A,2.0,E,120.43,B
EMPLEADOS BANPAIS,12,2025,92.13,A,0.0,A,,,66.99,A,2.83,A,3.05,E,129.0,B
EMPLEADOS BANPAIS,1,2026,88.58,A,0.0,A,,,40.96,A,0.04,E,0.05,E,105.16,C
EMPLEADOS BANPAIS,2,2026,87.64,A,0.0,A,,,51.48,A,0.14,E,0.16,E,108.29,C
EMPLEADOS BANPAIS,3,2026,89.42,A,,,,,32.33,A,0.26,E,0.29,E,110.31,B
EMPLEADOS CEMCOL,1,2019,0.0,E,14.75,E,0.0,E,,,0.19,E,,,115.76,B
EMPLEADOS CEMCOL,2,2019,0.0,E,17.79,E,0.0,E,,,0.2,E,,,107.58,C
EMPLEADOS CEMCOL,3,2019,0.0,E,20.92,E,0.0,E,,,0.16,E,,,103.99,C
EMPLEADOS CEMCOL,4,2019,0.0,E,18.94,E,0.0,E,,,0.1,E,,,101.85,C
EMPLEADOS CEMCOL,6,2019,0.0,E,14.17,E,0.0,E,,,0.01,E,,,100.14,C
EMPLEADOS CEMCOL,7,2019,0.0,E,11.82,E,0.0,E,,,0.08,E,,,100.77,C
EMPLEADOS CEMCOL,8,2019,0.0,E,16.17,E,0.0,E,,,0.22,E,,,101.97,C
EMPLEADOS CEMCOL,9,2019,0.0,E,16.04,E,0.0,E,,,0.41,D,,,103.35,C
EMPLEADOS CEMCOL,10,2019,0.0,E,22.37,E,0.0,E,,,0.61,B,,,104.49,C
EMPLEADOS CEMCOL,11,2019,0.0,E,16.96,E,0.0,E,,,0.92,A,,,106.16,C
EMPLEADOS CEMCOL,12,2019,0.0,E,6.16,C,0.0,E,,,1.48,A,,,108.98,C
EMPLEADOS CEMCOL,10,2020,0.0,E,6.59,C,0.0,E,,,0.66,A,,,105.6,C
EMPLEADOS CEMCOL,4,2021,0.0,E,5.5,C,0.0,E,,,0.96,A,,,119.42,B
EMPLEADOS CEMCOL,5,2021,0.0,E,8.17,D,0.0,E,,,1.25,A,,,119.99,B
EMPLEADOS CEMCOL,6,2021,0.0,E,4.95,B,0.0,E,,,1.27,A,,,117.01,B
EMPLEADOS CEMCOL,7,2021,0.0,E,4.91,B,0.0,E,,,1.21,A,,,113.06,B
EMPLEADOS CEMCOL,8,2021,0.0,E,5.23,C,0.0,E,,,0.73,A,,,106.49,C
EMPLEADOS CEMCOL,9,2021,0.0,E,5.37,C,0.0,E,,,0.76,A,,,106.02,C
EMPLEADOS CEMCOL,10,2021,0.0,E,1.72,A,0.0,E,,,2.75,A,,,122.35,B
EMPLEADOS CEMCOL,11,2021,0.0,E,5.46,C,0.0,E,,,1.25,A,,,108.18,C
EMPLEADOS CEMCOL,12,2021,0.0,E,4.72,B,0.0,E,,,1.87,A,,,111.07,B
EMPLEADOS CEMCOL,1,2022,0.0,E,4.59,B,0.0,E,,,0.18,E,,,115.24,B
EMPLEADOS CEMCOL,2,2022,0.0,E,4.29,B,0.0,E,,,0.3,E,,,111.35,B
EMPLEADOS CEMCOL,3,2022,0.0,E,4.24,B,0.0,E,,,0.18,E,,,104.37,C
EMPLEADOS CEMCOL,4,2022,0.0,E,4.55,B,0.0,E,,,0.35,D,,,106.45,C
EMPLEADOS CEMCOL,5,2022,0.0,E,7.07,D,0.0,E,,,0.41,D,,,106.26,C
EMPLEADOS CEMCOL,6,2022,0.0,E,4.48,B,0.0,E,,,0.6,B,,,107.63,C
EMPLEADOS CEMCOL,7,2022,0.0,E,4.4,B,0.0,E,,,0.7,A,,,107.7,C
EMPLEADOS CEMCOL,8,2022,0.0,E,5.01,C,0.0,E,,,0.86,A,,,108.39,C
EMPLEADOS CEMCOL,9,2022,0.0,E,6.67,C,0.0,E,,,1.03,A,,,109.06,C
EMPLEADOS CEMCOL,10,2022,0.0,E,6.63,C,0.0,E,,,1.3,A,,,110.49,B
EMPLEADOS CEMCOL,11,2022,0.0,E,6.58,C,0.0,E,,,1.82,A,,,113.16,B
EMPLEADOS CEMCOL,12,2022,0.0,E,7.08,D,0.0,E,,,1.05,A,,,106.39,C
EMPLEADOS CEMCOL,1,2023,0.0,E,7.13,D,0.0,E,,,0.12,E,,,109.79,C
EMPLEADOS CEMCOL,2,2023,0.0,E,6.75,C,0.0,E,,,0.12,E,,,104.51,C
EMPLEADOS CEMCOL,3,2023,0.0,E,5.76,C,0.0,E,,,0.15,E,,,104.22,C
EMPLEADOS CEMCOL,4,2023,0.0,E,5.79,C,0.0,E,,,0.3,D,,,106.32,C
EMPLEADOS CEMCOL,5,2023,0.0,E,11.75,E,0.0,E,,,0.43,C,,,107.14,C
EMPLEADOS CEMCOL,6,2023,0.0,E,10.05,E,0.0,E,,,0.3,E,,,103.91,C
EMPLEADOS CEMCOL,7,2023,0.0,E,10.24,E,0.0,E,,,0.5,C,,,105.65,C
EMPLEADOS CEMCOL,8,2023,0.0,E,9.01,D,0.0,E,,,0.46,C,,,104.39,C
EMPLEADOS CEMCOL,9,2023,0.0,E,8.99,D,0.0,E,,,0.71,A,,,106.49,C
EMPLEADOS CEMCOL,10,2023,0.0,E,8.09,D,0.0,E,,,1.0,A,,,108.02,C
EMPLEADOS CEMCOL,11,2023,0.0,E,10.26,E,0.0,E,,,1.04,A,,,107.73,C
EMPLEADOS CEMCOL,12,2023,0.0,E,4.08,B,0.0,E,,,1.33,A,,,109.1,C
EMPLEADOS CEMCOL,1,2024,0.0,E,3.73,B,0.0,E,,,0.04,E,,,103.31,C
EMPLEADOS CEMCOL,2,2024,0.0,E,3.99,B,0.0,E,,,0.31,D,,,113.1,B
EMPLEADOS CEMCOL,3,2024,25.08,A,5.42,C,41.36,E,15.2,A,0.23,E,0.91,E,107.33,C
EMPLEADOS CEMCOL,4,2024,24.93,A,9.9,D,22.31,E,10.69,B,0.02,E,0.07,E,100.4,C
EMPLEADOS CEMCOL,5,2024,25.43,A,9.51,D,19.09,E,3.74,E,0.31,D,1.22,E,105.81,C
EMPLEADOS CEMCOL,6,2024,24.96,A,10.6,E,17.18,E,3.81,E,0.28,E,1.11,E,104.24,C
EMPLEADOS CEMCOL,7,2024,24.71,A,8.76,D,20.82,E,2.29,E,0.33,D,1.31,E,104.19,C
EMPLEADOS CEMCOL,8,2024,24.49,A,11.44,E,16.09,E,1.74,E,0.49,C,1.99,E,105.49,C
EMPLEADOS CEMCOL,9,2024,24.41,A,14.35,E,12.72,E,3.17,E,0.77,A,3.13,E,107.77,C
EMPLEADOS CEMCOL,10,2024,24.03,A,14.14,E,13.2,E,6.48,D,0.99,A,4.06,E,109.3,C
EMPLEADOS CEMCOL,11,2024,23.86,A,15.82,E,11.91,E,6.31,D,0.64,B,2.64,E,105.23,C
EMPLEADOS CEMCOL,12,2024,24.7,A,6.43,C,30.52,E,10.51,B,1.12,A,4.45,E,108.29,C
EMPLEADOS CEMCOL,1,2025,24.02,A,6.31,C,31.59,E,7.06,D,0.07,E,0.27,E,105.77,C
EMPLEADOS CEMCOL,2,2025,23.79,A,5.47,C,40.19,E,5.75,D,0.09,E,0.35,E,103.44,C
EMPLEADOS CEMCOL,3,2025,23.76,A,6.75,C,33.29,E,5.46,D,0.06,E,0.25,E,101.58,C
EMPLEADOS CEMCOL,4,2025,23.28,A,12.12,E,18.98,E,6.78,D,0.01,E,0.06,E,100.27,C
EMPLEADOS CEMCOL,5,2025,24.03,A,15.26,E,15.62,E,4.46,E,0.12,E,0.47,E,101.76,C
EMPLEADOS CEMCOL,6,2025,24.12,A,18.37,E,13.16,E,4.14,E,0.1,E,0.41,E,101.28,C
EMPLEADOS CEMCOL,7,2025,24.61,A,17.69,E,13.28,E,2.82,E,0.41,D,1.63,E,104.58,C
EMPLEADOS CEMCOL,8,2025,24.65,A,16.92,E,14.26,E,4.6,E,0.55,B,2.17,E,105.42,C
EMPLEADOS CEMCOL,9,2025,24.61,A,15.63,E,15.69,E,3.78,E,0.55,B,2.2,E,104.79,C
EMPLEADOS CEMCOL,10,2025,24.55,A,16.58,E,14.89,E,3.87,E,0.73,A,2.92,E,105.77,C
EMPLEADOS CEMCOL,11,2025,24.37,A,13.13,E,18.31,E,5.35,E,1.28,A,5.16,E,109.86,C
EMPLEADOS CEMCOL,12,2025,24.95,A,8.71,D,34.19,E,6.68,D,1.4,A,5.47,E,109.52,C
EMPLEADOS CEMCOL,1,2026,23.57,A,8.49,D,35.71,E,5.83,D,0.09,E,0.37,E,107.2,C
EMPLEADOS CEMCOL,2,2026,22.3,A,9.22,D,33.15,E,14.43,A,0.18,E,0.78,E,107.52,C
EMPLEADOS CEMCOL,3,2026,22.29,A,,,,,6.86,D,0.05,E,0.24,E,101.44,C
EMPLEADOS IHSS,1,2019,0.0,E,7.6,D,0.0,E,,,0.25,E,,,116.68,B
EMPLEADOS IHSS,2,2019,0.0,E,6.83,C,0.0,E,,,0.37,D,,,114.88,B
EMPLEADOS IHSS,3,2019,0.0,E,7.96,D,0.0,E,,,0.56,B,,,113.88,B
EMPLEADOS IHSS,4,2019,0.0,E,8.27,D,0.0,E,,,0.89,A,,,117.89,B
EMPLEADOS IHSS,5,2019,0.0,E,34.19,E,0.0,E,,,1.97,A,,,141.63,B
EMPLEADOS IHSS,6,2019,0.0,E,15.9,E,0.0,E,,,0.22,E,,,103.97,C
EMPLEADOS IHSS,7,2019,0.0,E,6.95,C,0.0,E,,,1.91,A,,,121.66,B
EMPLEADOS IHSS,8,2019,0.0,E,6.79,C,0.0,E,,,2.21,A,,,122.48,B
EMPLEADOS IHSS,9,2019,0.0,E,7.37,D,0.0,E,,,2.52,A,,,123.31,B
EMPLEADOS IHSS,10,2019,0.0,E,33.12,E,0.0,E,,,2.9,A,,,124.97,B
EMPLEADOS IHSS,11,2019,0.0,E,33.88,E,0.0,E,,,3.27,A,,,126.53,B
EMPLEADOS IHSS,12,2019,0.0,E,37.84,E,0.0,E,,,1.54,A,,,109.27,C
EMPLEADOS IHSS,1,2020,0.0,E,35.34,E,0.0,E,,,0.24,E,,,119.86,B
EMPLEADOS IHSS,2,2020,0.0,E,37.08,E,0.0,E,,,0.66,A,,,129.49,B
EMPLEADOS IHSS,3,2020,0.0,E,36.53,E,0.0,E,,,1.06,A,,,133.89,B
EMPLEADOS IHSS,4,2020,0.0,E,34.94,E,0.0,E,,,1.6,A,,,139.5,B
EMPLEADOS IHSS,5,2020,0.0,E,34.19,E,0.0,E,,,1.97,A,,,141.63,B
EMPLEADOS IHSS,6,2020,0.0,E,31.69,E,0.0,E,,,2.73,A,,,148.31,A
EMPLEADOS IHSS,7,2020,0.0,E,28.92,E,0.0,E,,,3.08,A,,,146.74,A
EMPLEADOS IHSS,8,2020,0.0,E,29.15,E,0.0,E,,,3.36,A,,,142.5,B
EMPLEADOS IHSS,9,2020,0.0,E,29.92,E,0.0,E,,,3.05,A,,,132.1,B
EMPLEADOS IHSS,10,2020,0.0,E,28.38,E,0.0,E,,,3.42,A,,,134.26,B
EMPLEADOS IHSS,11,2020,0.0,E,28.68,E,0.0,E,,,3.75,A,,,135.15,B
EMPLEADOS IHSS,12,2020,0.0,E,32.03,E,0.0,E,,,3.42,A,,,125.76,B
EMPLEADOS IHSS,1,2021,0.0,E,27.92,E,0.0,E,,,0.45,C,,,146.46,A
EMPLEADOS IHSS,2,2021,0.0,E,26.77,E,0.0,E,,,0.74,A,,,136.2,B
EMPLEADOS IHSS,3,2021,0.0,E,26.8,E,0.0,E,,,1.27,A,,,141.75,B
EMPLEADOS IHSS,4,2021,0.0,E,41.05,E,0.0,E,,,1.76,A,,,144.45,A
EMPLEADOS IHSS,5,2021,0.0,E,39.19,E,0.0,E,,,2.16,A,,,144.05,A
EMPLEADOS IHSS,6,2021,0.0,E,33.87,E,0.0,E,,,2.82,A,,,146.86,A
EMPLEADOS IHSS,7,2021,0.0,E,35.09,E,0.0,E,,,2.54,A,,,133.12,B
EMPLEADOS IHSS,8,2021,0.0,E,37.68,E,0.0,E,,,2.75,A,,,131.91,B
EMPLEADOS IHSS,9,2021,0.0,E,36.96,E,0.0,E,,,2.84,A,,,130.06,B
EMPLEADOS IHSS,10,2021,0.0,E,11.15,E,0.0,E,,,3.28,A,,,130.61,B
EMPLEADOS IHSS,11,2021,0.0,E,10.56,E,0.0,E,,,2.64,A,,,121.66,B
EMPLEADOS IHSS,12,2021,0.0,E,12.86,E,0.0,E,,,3.52,A,,,126.4,B
EMPLEADOS IHSS,1,2022,0.0,E,12.88,E,0.0,E,,,0.41,D,,,142.35,B
EMPLEADOS IHSS,2,2022,0.0,E,12.53,E,0.0,E,,,0.83,A,,,144.3,A
EMPLEADOS IHSS,3,2022,0.0,E,14.25,E,0.0,E,,,1.03,A,,,135.76,B
EMPLEADOS IHSS,4,2022,0.0,E,12.44,E,0.0,E,,,1.12,A,,,127.47,B
EMPLEADOS IHSS,5,2022,0.0,E,13.4,E,0.0,E,,,1.5,A,,,129.18,B
EMPLEADOS IHSS,6,2022,0.0,E,12.21,E,0.0,E,,,1.79,A,,,127.32,B
EMPLEADOS IHSS,7,2022,0.0,E,12.0,E,0.0,E,,,2.16,A,,,129.37,B
EMPLEADOS IHSS,8,2022,0.0,E,12.38,E,0.0,E,,,1.7,A,,,118.67,B
EMPLEADOS IHSS,9,2022,0.0,E,12.75,E,0.0,E,,,2.02,A,,,120.98,B
EMPLEADOS IHSS,10,2022,0.0,E,12.97,E,0.0,E,,,2.16,A,,,120.27,B
EMPLEADOS IHSS,11,2022,0.0,E,13.83,E,0.0,E,,,2.34,A,,,120.03,B
EMPLEADOS IHSS,12,2022,0.0,E,9.91,D,0.0,E,,,3.19,A,,,124.72,B
EMPLEADOS IHSS,1,2023,0.0,E,10.7,E,0.0,E,,,0.6,B,,,177.82,A
EMPLEADOS IHSS,2,2023,0.0,E,10.54,E,0.0,E,,,0.9,A,,,148.44,A
EMPLEADOS IHSS,3,2023,0.0,E,10.35,E,0.0,E,,,1.12,A,,,139.6,B
EMPLEADOS IHSS,4,2023,0.0,E,11.9,E,0.0,E,,,0.92,A,,,121.21,B
EMPLEADOS IHSS,5,2023,0.0,E,10.54,E,0.0,E,,,1.17,A,,,121.51,B
EMPLEADOS IHSS,6,2023,0.0,E,7.68,D,0.0,E,,,2.16,A,,,133.88,B
EMPLEADOS IHSS,7,2023,0.0,E,5.35,C,0.0,E,,,2.55,A,,,133.69,B
EMPLEADOS IHSS,8,2023,0.0,E,3.83,B,0.0,E,,,2.8,A,,,133.88,B
EMPLEADOS IHSS,9,2023,0.0,E,6.1,C,0.0,E,,,3.0,A,,,132.89,B
EMPLEADOS IHSS,10,2023,0.0,E,6.42,C,0.0,E,,,3.14,A,,,130.58,B
EMPLEADOS IHSS,11,2023,0.0,E,10.52,E,0.0,E,,,3.28,A,,,128.58,B
EMPLEADOS IHSS,12,2023,0.0,E,17.82,E,0.0,E,,,3.47,A,,,127.75,B
EMPLEADOS IHSS,1,2024,0.0,E,13.83,E,0.0,E,,,0.87,A,,,209.03,A
EMPLEADOS IHSS,2,2024,0.0,E,13.19,E,0.0,E,,,1.45,A,,,193.84,A
EMPLEADOS IHSS,3,2024,68.93,A,14.62,E,29.54,E,10.92,B,1.59,A,2.23,E,163.54,A
EMPLEADOS IHSS,4,2024,67.6,A,13.53,E,31.94,E,15.58,A,1.18,A,1.68,E,128.09,B
EMPLEADOS IHSS,5,2024,70.22,A,12.11,E,35.27,E,18.27,A,1.57,A,2.16,E,130.6,B
EMPLEADOS IHSS,6,2024,70.35,A,1.37,A,325.48,A,22.79,A,1.82,A,2.49,E,129.79,B
EMPLEADOS IHSS,7,2024,70.96,A,4.76,B,86.56,C,35.68,A,2.35,A,3.2,E,133.23,B
EMPLEADOS IHSS,8,2024,70.69,A,0.78,A,519.29,A,28.14,A,2.58,A,3.53,E,132.12,B
EMPLEADOS IHSS,9,2024,69.39,A,0.77,A,503.6,A,16.52,A,2.81,A,3.92,E,132.15,B
EMPLEADOS IHSS,10,2024,69.54,A,0.89,A,428.91,A,13.97,A,3.32,A,4.62,E,135.09,B
EMPLEADOS IHSS,11,2024,70.0,A,1.26,A,303.0,A,20.56,A,3.43,A,4.75,E,132.28,B
EMPLEADOS IHSS,12,2024,71.54,A,1.68,A,248.36,A,29.19,A,3.56,A,4.82,E,130.17,B
EMPLEADOS IHSS,1,2025,66.27,A,1.19,A,336.91,A,12.9,A,0.8,A,1.17,E,203.41,A
EMPLEADOS IHSS,2,2025,66.47,A,0.74,A,577.06,A,14.59,A,1.33,A,1.93,E,172.0,A
EMPLEADOS IHSS,3,2025,68.95,A,0.62,A,677.8,A,11.7,A,1.99,A,2.79,E,170.33,A
EMPLEADOS IHSS,4,2025,68.63,A,1.68,A,251.43,A,13.58,A,1.88,A,2.64,E,142.02,B
EMPLEADOS IHSS,5,2025,71.23,A,1.66,A,254.28,A,17.0,A,2.11,A,2.86,E,136.41,B
EMPLEADOS IHSS,6,2025,71.69,A,1.24,A,353.01,A,41.88,A,2.48,A,3.34,E,135.94,B
EMPLEADOS IHSS,7,2025,71.11,A,1.13,A,385.28,A,28.16,A,2.78,A,3.77,E,135.01,B
EMPLEADOS IHSS,8,2025,70.98,A,1.03,A,417.77,A,27.2,A,3.24,A,4.41,E,136.71,B
EMPLEADOS IHSS,9,2025,70.78,A,1.16,A,366.19,A,22.63,A,3.61,A,4.93,E,136.81,B
EMPLEADOS IHSS,10,2025,70.81,A,1.84,A,230.07,A,25.66,A,4.01,A,5.47,E,137.43,B
EMPLEADOS IHSS,11,2025,71.49,A,1.56,A,272.39,A,24.67,A,4.38,A,5.93,E,137.0,B
EMPLEADOS IHSS,12,2025,73.16,A,1.93,A,231.72,A,46.45,A,4.56,A,6.02,D,134.39,B
EMPLEADOS IHSS,1,2026,68.84,A,1.64,A,268.61,A,34.8,A,0.89,A,1.24,E,205.62,A
EMPLEADOS IHSS,2,2026,69.0,A,2.02,A,217.44,A,33.62,A,1.36,A,1.9,E,175.59,A
EMPLEADOS IHSS,3,2026,69.25,A,,,,,28.55,A,1.83,A,2.56,E,165.89,A
EMPLEADOS LA REYNA Y STIBYS,1,2019,0.0,E,6.99,C,0.0,E,,,0.92,A,,,264.74,A
EMPLEADOS LA REYNA Y STIBYS,2,2019,0.0,E,5.51,C,0.0,E,,,1.84,A,,,263.04,A
EMPLEADOS LA REYNA Y STIBYS,3,2019,0.0,E,4.82,B,0.0,E,,,2.18,A,,,195.81,A
EMPLEADOS LA REYNA Y STIBYS,4,2019,0.0,E,4.46,B,0.0,E,,,2.77,A,,,186.53,A
EMPLEADOS LA REYNA Y STIBYS,5,2019,0.0,E,15.23,E,0.0,E,,,4.92,A,,,288.67,A
EMPLEADOS LA REYNA Y STIBYS,6,2019,0.0,E,4.54,B,0.0,E,,,3.66,A,,,164.89,A
EMPLEADOS LA REYNA Y STIBYS,7,2019,0.0,E,5.89,C,0.0,E,,,4.65,A,,,179.28,A
EMPLEADOS LA REYNA Y STIBYS,8,2019,0.0,E,6.22,C,0.0,E,,,5.34,A,,,183.29,A
EMPLEADOS LA REYNA Y STIBYS,9,2019,0.0,E,7.77,D,0.0,E,,,6.12,A,,,187.69,A
EMPLEADOS LA REYNA Y STIBYS,10,2019,0.0,E,9.38,D,0.0,E,,,7.91,A,,,221.59,A
EMPLEADOS LA REYNA Y STIBYS,11,2019,0.0,E,11.56,E,0.0,E,,,7.47,A,,,190.21,A
EMPLEADOS LA REYNA Y STIBYS,12,2019,0.0,E,5.07,C,0.0,E,,,5.26,A,,,145.55,A
EMPLEADOS LA REYNA Y STIBYS,1,2020,0.0,E,5.71,C,0.0,E,,,1.0,A,,,292.39,A
EMPLEADOS LA REYNA Y STIBYS,2,2020,0.0,E,6.94,C,0.0,E,,,2.08,A,,,305.6,A
EMPLEADOS LA REYNA Y STIBYS,3,2020,0.0,E,11.19,E,0.0,E,,,2.78,A,,,250.34,A
EMPLEADOS LA REYNA Y STIBYS,4,2020,0.0,E,11.14,E,0.0,E,,,4.08,A,,,288.76,A
EMPLEADOS LA REYNA Y STIBYS,5,2020,0.0,E,15.23,E,0.0,E,,,4.92,A,,,288.67,A
EMPLEADOS LA REYNA Y STIBYS,6,2020,0.0,E,10.02,E,0.0,E,,,4.53,A,,,192.96,A
EMPLEADOS LA REYNA Y STIBYS,7,2020,0.0,E,10.57,E,0.0,E,,,5.09,A,,,199.27,A
EMPLEADOS LA REYNA Y STIBYS,8,2020,0.0,E,9.17,D,0.0,E,,,5.8,A,,,205.16,A
EMPLEADOS LA REYNA Y STIBYS,9,2020,0.0,E,7.62,D,0.0,E,,,6.9,A,,,213.79,A
EMPLEADOS LA REYNA Y STIBYS,10,2020,0.0,E,8.14,D,0.0,E,,,7.71,A,,,217.71,A
EMPLEADOS LA REYNA Y STIBYS,11,2020,0.0,E,12.44,E,0.0,E,,,8.49,A,,,222.74,A
EMPLEADOS LA REYNA Y STIBYS,12,2020,0.0,E,4.99,B,0.0,E,,,6.09,A,,,152.6,A
EMPLEADOS LA REYNA Y STIBYS,1,2021,0.0,E,4.99,B,0.0,E,,,6.09,A,,,152.6,A
EMPLEADOS LA REYNA Y STIBYS,2,2021,0.0,E,5.88,C,0.0,E,,,1.71,A,,,266.34,A
EMPLEADOS LA REYNA Y STIBYS,3,2021,0.0,E,8.05,D,0.0,E,,,2.64,A,,,268.49,A
EMPLEADOS LA REYNA Y STIBYS,4,2021,0.0,E,8.05,D,0.0,E,,,2.64,A,,,268.49,A
EMPLEADOS LA REYNA Y STIBYS,5,2021,0.0,E,10.55,E,0.0,E,,,4.39,A,,,275.58,A
EMPLEADOS LA REYNA Y STIBYS,6,2021,0.0,E,3.57,B,0.0,E,,,3.58,A,,,177.15,A
EMPLEADOS LA REYNA Y STIBYS,7,2021,0.0,E,0.11,A,0.0,E,,,4.28,A,,,184.9,A
EMPLEADOS LA REYNA Y STIBYS,8,2021,0.0,E,0.47,A,0.0,E,,,4.95,A,,,189.77,A
EMPLEADOS LA REYNA Y STIBYS,9,2021,0.0,E,0.47,A,0.0,E,,,5.52,A,,,190.37,A
EMPLEADOS LA REYNA Y STIBYS,10,2021,0.0,E,0.61,A,0.0,E,,,6.24,A,,,195.66,A
EMPLEADOS LA REYNA Y STIBYS,11,2021,0.0,E,1.15,A,0.0,E,,,5.07,A,,,155.44,A
EMPLEADOS LA REYNA Y STIBYS,12,2021,0.0,E,0.31,A,0.0,E,,,5.2,A,,,149.85,A
EMPLEADOS LA REYNA Y STIBYS,1,2022,0.0,E,0.05,A,0.0,E,,,0.79,A,,,265.29,A
EMPLEADOS LA REYNA Y STIBYS,2,2022,0.0,E,0.06,A,0.0,E,,,1.52,A,,,248.48,A
EMPLEADOS LA REYNA Y STIBYS,3,2022,0.0,E,0.09,A,0.0,E,,,1.97,A,,,202.0,A
EMPLEADOS LA REYNA Y STIBYS,4,2022,0.0,E,0.08,A,0.0,E,,,2.73,A,,,211.6,A
EMPLEADOS LA REYNA Y STIBYS,5,2022,0.0,E,0.61,A,0.0,E,,,3.41,A,,,216.94,A
EMPLEADOS LA REYNA Y STIBYS,6,2022,0.0,E,0.38,A,0.0,E,,,2.39,A,,,145.51,A
EMPLEADOS LA REYNA Y STIBYS,7,2022,0.0,E,0.35,A,0.0,E,,,3.1,A,,,154.63,A
EMPLEADOS LA REYNA Y STIBYS,8,2022,0.0,E,4.46,B,0.0,E,,,3.74,A,,,161.16,A
EMPLEADOS LA REYNA Y STIBYS,9,2022,0.0,E,0.39,A,0.0,E,,,4.45,A,,,167.58,A
EMPLEADOS LA REYNA Y STIBYS,10,2022,0.0,E,0.39,A,0.0,E,,,5.13,A,,,172.69,A
EMPLEADOS LA REYNA Y STIBYS,11,2022,0.0,E,0.61,A,0.0,E,,,5.81,A,,,178.31,A
EMPLEADOS LA REYNA Y STIBYS,12,2022,0.0,E,0.65,A,0.0,E,,,4.28,A,,,140.61,B
EMPLEADOS LA REYNA Y STIBYS,1,2023,0.0,E,0.57,A,0.0,E,,,0.74,A,,,244.82,A
EMPLEADOS LA REYNA Y STIBYS,2,2023,0.0,E,0.56,A,0.0,E,,,1.42,A,,,232.52,A
EMPLEADOS LA REYNA Y STIBYS,3,2023,0.0,E,0.79,A,0.0,E,,,1.65,A,,,180.95,A
EMPLEADOS LA REYNA Y STIBYS,4,2023,0.0,E,1.06,A,0.0,E,,,2.27,A,,,190.1,A
EMPLEADOS LA REYNA Y STIBYS,5,2023,0.0,E,0.45,A,0.0,E,,,2.91,A,,,194.46,A
EMPLEADOS LA REYNA Y STIBYS,6,2023,0.0,E,0.36,A,0.0,E,,,2.02,A,,,138.61,B
EMPLEADOS LA REYNA Y STIBYS,7,2023,0.0,E,0.26,A,0.0,E,,,2.67,A,,,146.55,A
EMPLEADOS LA REYNA Y STIBYS,8,2023,0.0,E,0.57,A,0.0,E,,,3.59,A,,,158.56,A
EMPLEADOS LA REYNA Y STIBYS,9,2023,0.0,E,0.63,A,0.0,E,,,4.09,A,,,161.84,A
EMPLEADOS LA REYNA Y STIBYS,10,2023,0.0,E,0.77,A,0.0,E,,,4.62,A,,,165.19,A
EMPLEADOS LA REYNA Y STIBYS,11,2023,0.0,E,0.93,A,0.0,E,,,5.2,A,,,168.76,A
EMPLEADOS LA REYNA Y STIBYS,12,2023,0.0,E,1.24,A,0.0,E,,,3.56,A,,,134.89,B
EMPLEADOS LA REYNA Y STIBYS,1,2024,0.0,E,1.09,A,0.0,E,,,0.67,A,,,222.91,A
EMPLEADOS LA REYNA Y STIBYS,2,2024,0.0,E,1.08,A,0.0,E,,,1.22,A,,,201.32,A
EMPLEADOS LA REYNA Y STIBYS,3,2024,65.06,A,3.54,B,83.78,D,12.37,A,1.53,A,2.29,E,177.74,A
EMPLEADOS LA REYNA Y STIBYS,4,2024,64.77,A,3.09,B,95.36,C,17.96,A,2.08,A,3.13,E,182.66,A
EMPLEADOS LA REYNA Y STIBYS,5,2024,64.8,A,3.29,B,90.03,C,21.25,A,2.66,A,3.99,E,186.82,A
EMPLEADOS LA REYNA Y STIBYS,6,2024,64.08,A,3.08,B,97.84,C,26.58,A,1.77,A,2.7,E,134.78,B
EMPLEADOS LA REYNA Y STIBYS,7,2024,64.25,A,3.15,B,86.53,C,21.0,A,2.3,A,3.49,E,140.65,B
EMPLEADOS LA REYNA Y STIBYS,8,2024,62.86,A,2.85,B,93.11,C,16.83,A,2.86,A,4.45,E,145.93,A
EMPLEADOS LA REYNA Y STIBYS,9,2024,63.01,A,3.49,B,74.56,D,15.0,A,3.35,A,5.19,E,149.68,A
EMPLEADOS LA REYNA Y STIBYS,10,2024,63.35,A,3.5,B,73.83,D,14.86,A,3.92,A,6.04,D,153.98,A
EMPLEADOS LA REYNA Y STIBYS,11,2024,64.21,A,3.68,B,69.42,D,6.04,D,4.52,A,6.87,D,157.76,A
EMPLEADOS LA REYNA Y STIBYS,12,2024,66.05,A,3.67,B,76.82,D,14.44,A,3.01,A,4.44,E,128.15,B
EMPLEADOS LA REYNA Y STIBYS,1,2025,65.05,A,3.32,B,86.07,C,21.03,A,0.6,B,0.89,E,210.12,A
EMPLEADOS LA REYNA Y STIBYS,2,2025,64.24,A,3.12,B,90.15,C,18.12,A,1.08,A,1.65,E,194.72,A
EMPLEADOS LA REYNA Y STIBYS,3,2025,63.04,A,2.92,B,95.45,C,15.46,A,0.88,A,1.36,E,135.67,B
EMPLEADOS LA REYNA Y STIBYS,4,2025,62.38,A,3.08,B,87.35,C,14.62,A,1.36,A,2.13,E,145.47,A
EMPLEADOS LA REYNA Y STIBYS,5,2025,62.73,A,3.2,B,82.95,D,6.94,D,1.98,A,3.08,E,155.8,A
EMPLEADOS LA REYNA Y STIBYS,6,2025,62.08,A,2.6,B,101.95,B,15.5,A,2.36,A,3.71,E,156.42,A
EMPLEADOS LA REYNA Y STIBYS,7,2025,61.99,A,2.39,A,109.26,B,10.53,B,2.79,A,4.4,E,158.84,A
EMPLEADOS LA REYNA Y STIBYS,8,2025,61.74,A,2.51,B,101.21,B,5.49,D,2.94,A,4.66,E,152.58,A
EMPLEADOS LA REYNA Y STIBYS,9,2025,62.14,A,2.79,B,89.84,C,1.85,E,3.58,A,5.64,E,158.97,A
EMPLEADOS LA REYNA Y STIBYS,10,2025,62.44,A,3.5,B,69.24,D,1.44,E,4.13,A,6.46,D,162.44,A
EMPLEADOS LA REYNA Y STIBYS,11,2025,62.64,A,4.01,B,59.99,E,0.84,E,4.7,A,7.34,D,166.02,A
EMPLEADOS LA REYNA Y STIBYS,12,2025,63.49,A,3.56,B,72.05,D,6.23,D,2.93,A,4.51,E,130.19,B
EMPLEADOS LA REYNA Y STIBYS,1,2026,63.08,A,3.59,B,69.76,D,-0.0,E,0.56,B,0.87,E,195.12,A
EMPLEADOS LA REYNA Y STIBYS,2,2026,62.78,A,4.41,B,55.96,E,1.19,E,0.97,A,1.51,E,175.46,A
EMPLEADOS LA REYNA Y STIBYS,3,2026,62.47,A,,,,,2.26,E,1.13,A,1.77,E,149.22,A
EMPLEADOS PODER JUDICIAL,1,2019,0.0,E,0.33,A,0.0,E,,,0.78,A,,,242.53,A
EMPLEADOS PODER JUDICIAL,2,2019,0.0,E,0.45,A,0.0,E,,,1.56,A,,,255.64,A
EMPLEADOS PODER JUDICIAL,3,2019,0.0,E,0.84,A,0.0,E,,,1.86,A,,,196.23,A
EMPLEADOS PODER JUDICIAL,4,2019,0.0,E,0.86,A,0.0,E,,,2.47,A,,,198.64,A
EMPLEADOS PODER JUDICIAL,5,2019,0.0,E,1.59,A,0.0,E,,,3.39,A,,,225.69,A
EMPLEADOS PODER JUDICIAL,7,2019,0.0,E,0.65,A,0.0,E,,,4.61,A,,,209.08,A
EMPLEADOS PODER JUDICIAL,8,2019,0.0,E,0.95,A,0.0,E,,,5.18,A,,,210.37,A
EMPLEADOS PODER JUDICIAL,9,2019,0.0,E,1.13,A,0.0,E,,,5.68,A,,,209.05,A
EMPLEADOS PODER JUDICIAL,10,2019,0.0,E,0.9,A,0.0,E,,,6.05,A,,,203.64,A
EMPLEADOS PODER JUDICIAL,11,2019,0.0,E,0.84,A,0.0,E,,,6.77,A,,,206.97,A
EMPLEADOS PODER JUDICIAL,12,2019,0.0,E,0.14,A,0.0,E,,,3.0,A,,,124.65,B
EMPLEADOS PODER JUDICIAL,1,2020,0.0,E,0.21,A,0.0,E,,,0.71,A,,,220.4,A
EMPLEADOS PODER JUDICIAL,2,2020,0.0,E,0.23,A,0.0,E,,,1.42,A,,,227.52,A
EMPLEADOS PODER JUDICIAL,3,2020,0.0,E,0.36,A,0.0,E,,,2.02,A,,,221.66,A
EMPLEADOS PODER JUDICIAL,4,2020,0.0,E,0.59,A,0.0,E,,,2.76,A,,,227.17,A
EMPLEADOS PODER JUDICIAL,5,2020,0.0,E,1.59,A,0.0,E,,,3.39,A,,,225.69,A
EMPLEADOS PODER JUDICIAL,6,2020,0.0,E,2.23,A,0.0,E,,,3.7,A,,,207.08,A
EMPLEADOS PODER JUDICIAL,7,2020,0.0,E,2.66,B,0.0,E,,,4.55,A,,,212.11,A
EMPLEADOS PODER JUDICIAL,8,2020,0.0,E,0.52,A,0.0,E,,,4.97,A,,,214.64,A
EMPLEADOS PODER JUDICIAL,9,2020,0.0,E,0.69,A,0.0,E,,,5.56,A,,,215.33,A
EMPLEADOS PODER JUDICIAL,10,2020,0.0,E,0.38,A,0.0,E,,,6.1,A,,,216.35,A
EMPLEADOS PODER JUDICIAL,11,2020,0.0,E,1.08,A,0.0,E,,,6.73,A,,,218.44,A
EMPLEADOS PODER JUDICIAL,12,2020,0.0,E,0.36,A,0.0,E,,,2.67,A,,,122.53,B
EMPLEADOS PODER JUDICIAL,2,2021,0.0,E,0.21,A,0.0,E,,,1.55,A,,,267.72,A
EMPLEADOS PODER JUDICIAL,3,2021,0.0,E,34.1,E,0.0,E,,,2.24,A,,,255.58,A
EMPLEADOS PODER JUDICIAL,4,2021,0.0,E,31.74,E,0.0,E,,,2.8,A,,,235.61,A
EMPLEADOS PODER JUDICIAL,5,2021,0.0,E,28.82,E,0.0,E,,,3.29,A,,,215.79,A
EMPLEADOS PODER JUDICIAL,6,2021,0.0,E,0.51,A,0.0,E,,,3.79,A,,,207.32,A
EMPLEADOS PODER JUDICIAL,7,2021,0.0,E,0.55,A,0.0,E,,,4.44,A,,,212.59,A
EMPLEADOS PODER JUDICIAL,8,2021,0.0,E,0.53,A,0.0,E,,,4.94,A,,,212.05,A
EMPLEADOS PODER JUDICIAL,9,2021,0.0,E,1.39,A,0.0,E,,,5.39,A,,,209.4,A
EMPLEADOS PODER JUDICIAL,10,2021,0.0,E,0.92,A,0.0,E,,,5.96,A,,,210.55,A
EMPLEADOS PODER JUDICIAL,11,2021,0.0,E,1.01,A,0.0,E,,,6.4,A,,,207.23,A
EMPLEADOS PODER JUDICIAL,12,2021,0.0,E,0.65,A,0.0,E,,,2.5,A,,,121.25,B
EMPLEADOS PODER JUDICIAL,1,2022,0.0,E,0.99,A,0.0,E,,,0.78,A,,,277.95,A
EMPLEADOS PODER JUDICIAL,2,2022,0.0,E,1.05,A,0.0,E,,,1.56,A,,,269.82,A
EMPLEADOS PODER JUDICIAL,3,2022,0.0,E,1.23,A,0.0,E,,,2.2,A,,,255.39,A
EMPLEADOS PODER JUDICIAL,4,2022,0.0,E,1.4,A,0.0,E,,,2.8,A,,,238.38,A
EMPLEADOS PODER JUDICIAL,5,2022,0.0,E,0.17,A,0.0,E,,,3.16,A,,,204.52,A
EMPLEADOS PODER JUDICIAL,6,2022,0.0,E,0.66,A,0.0,E,,,3.67,A,,,199.55,A
EMPLEADOS PODER JUDICIAL,7,2022,0.0,E,0.14,A,0.0,E,,,4.21,A,,,198.17,A
EMPLEADOS PODER JUDICIAL,8,2022,0.0,E,0.26,A,0.0,E,,,4.8,A,,,201.03,A
EMPLEADOS PODER JUDICIAL,9,2022,0.0,E,0.53,A,0.0,E,,,5.27,A,,,197.29,A
EMPLEADOS PODER JUDICIAL,10,2022,0.0,E,0.57,A,0.0,E,,,5.86,A,,,199.34,A
EMPLEADOS PODER JUDICIAL,11,2022,0.0,E,0.37,A,0.0,E,,,6.46,A,,,200.05,A
EMPLEADOS PODER JUDICIAL,12,2022,0.0,E,0.27,A,0.0,E,,,2.39,A,,,119.15,B
EMPLEADOS PODER JUDICIAL,1,2023,0.0,E,0.6,A,0.0,E,,,0.8,A,,,273.21,A
EMPLEADOS PODER JUDICIAL,2,2023,0.0,E,1.22,A,0.0,E,,,1.25,A,,,201.6,A
EMPLEADOS PODER JUDICIAL,3,2023,0.0,E,0.55,A,0.0,E,,,1.85,A,,,199.23,A
EMPLEADOS PODER JUDICIAL,4,2023,0.0,E,1.2,A,0.0,E,,,2.41,A,,,198.07,A
EMPLEADOS PODER JUDICIAL,5,2023,0.0,E,0.77,A,0.0,E,,,2.94,A,,,191.54,A
EMPLEADOS PODER JUDICIAL,6,2023,0.0,E,0.72,A,0.0,E,,,3.32,A,,,182.59,A
EMPLEADOS PODER JUDICIAL,7,2023,0.0,E,1.13,A,0.0,E,,,3.86,A,,,184.77,A
EMPLEADOS PODER JUDICIAL,8,2023,0.0,E,0.72,A,0.0,E,,,4.39,A,,,184.98,A
EMPLEADOS PODER JUDICIAL,9,2023,0.0,E,1.02,A,0.0,E,,,4.95,A,,,186.71,A
EMPLEADOS PODER JUDICIAL,10,2023,0.0,E,0.93,A,0.0,E,,,5.54,A,,,189.45,A
EMPLEADOS PODER JUDICIAL,11,2023,0.0,E,0.65,A,0.0,E,,,6.13,A,,,192.03,A
EMPLEADOS PODER JUDICIAL,12,2023,0.0,E,0.54,A,0.0,E,,,2.29,A,,,118.44,B
EMPLEADOS PODER JUDICIAL,1,2024,0.0,E,0.61,A,0.0,E,,,0.79,A,,,267.43,A
EMPLEADOS PODER JUDICIAL,2,2024,0.0,E,0.83,A,0.0,E,,,1.25,A,,,199.18,A
EMPLEADOS PODER JUDICIAL,3,2024,67.39,A,0.56,A,323.41,A,29.77,A,1.79,A,2.61,E,190.48,A
EMPLEADOS PODER JUDICIAL,4,2024,67.23,A,0.73,A,245.09,A,23.75,A,2.19,A,3.21,E,177.97,A
EMPLEADOS PODER JUDICIAL,5,2024,68.25,A,0.33,A,541.0,A,15.08,A,3.0,A,4.32,E,188.64,A
EMPLEADOS PODER JUDICIAL,6,2024,68.76,A,0.34,A,520.06,A,21.58,A,3.43,A,4.91,E,182.29,A
EMPLEADOS PODER JUDICIAL,7,2024,68.69,A,0.36,A,506.37,A,31.68,A,4.14,A,5.93,E,189.45,A
EMPLEADOS PODER JUDICIAL,8,2024,68.67,A,0.69,A,261.84,A,34.59,A,4.79,A,6.87,D,192.81,A
EMPLEADOS PODER JUDICIAL,9,2024,68.94,A,1.11,A,160.5,A,36.08,A,5.35,A,7.64,D,194.71,A
EMPLEADOS PODER JUDICIAL,10,2024,68.94,A,0.65,A,274.2,A,37.86,A,5.99,A,8.56,C,198.24,A
EMPLEADOS PODER JUDICIAL,11,2024,68.8,A,1.04,A,169.24,A,37.76,A,6.63,A,9.49,C,200.93,A
EMPLEADOS PODER JUDICIAL,12,2024,69.77,A,0.61,A,292.04,A,20.16,A,2.55,A,3.59,E,119.98,B
EMPLEADOS PODER JUDICIAL,1,2025,68.42,A,0.62,A,289.29,A,14.39,A,0.83,A,1.19,E,257.09,A
EMPLEADOS PODER JUDICIAL,2,2025,68.3,A,0.85,A,209.67,A,17.8,A,1.59,A,2.29,E,250.98,A
EMPLEADOS PODER JUDICIAL,3,2025,69.2,A,0.73,A,246.0,A,18.4,A,2.12,A,3.01,E,214.42,A
EMPLEADOS PODER JUDICIAL,4,2025,69.02,A,1.9,A,94.03,C,19.12,A,2.45,A,3.5,E,189.25,A
EMPLEADOS PODER JUDICIAL,5,2025,68.29,A,1.5,A,120.28,B,35.56,A,3.11,A,4.49,E,195.27,A
EMPLEADOS PODER JUDICIAL,6,2025,68.92,A,1.31,A,138.78,A,41.49,A,3.54,A,5.05,E,185.85,A
EMPLEADOS PODER JUDICIAL,7,2025,68.66,A,1.76,A,103.9,B,51.01,A,4.16,A,5.97,E,191.06,A
EMPLEADOS PODER JUDICIAL,8,2025,68.57,A,1.32,A,138.24,A,52.81,A,4.88,A,7.0,D,196.43,A
EMPLEADOS PODER JUDICIAL,9,2025,68.83,A,2.06,A,88.06,C,46.16,A,5.44,A,7.78,D,196.57,A
EMPLEADOS PODER JUDICIAL,10,2025,68.8,A,1.45,A,126.31,B,46.86,A,6.03,A,8.62,C,196.79,A
EMPLEADOS PODER JUDICIAL,11,2025,67.5,A,1.89,A,121.21,B,51.18,A,6.54,A,9.5,C,198.52,A
EMPLEADOS PODER JUDICIAL,12,2025,67.93,A,1.46,A,165.75,A,37.63,A,2.5,A,3.6,E,119.76,B
EMPLEADOS PODER JUDICIAL,1,2026,61.99,A,1.63,A,148.94,A,71.15,A,0.71,A,1.13,E,252.56,A
EMPLEADOS PODER JUDICIAL,2,2026,61.56,A,1.6,A,151.34,A,68.46,A,1.28,A,2.03,E,219.67,A
EMPLEADOS PODER JUDICIAL,3,2026,62.16,A,,,,,39.45,A,1.63,A,2.57,E,186.7,A
EMPLEADOS UNAH,1,2019,0.0,E,11.17,E,0.0,E,,,0.63,B,,,193.88,A
EMPLEADOS UNAH,2,2019,0.0,E,11.51,E,0.0,E,,,1.06,A,,,173.58,A
EMPLEADOS UNAH,3,2019,0.0,E,5.7,C,0.0,E,,,1.35,A,,,158.06,A
EMPLEADOS UNAH,4,2019,0.0,E,4.75,B,0.0,E,,,1.36,A,,,143.17,A
EMPLEADOS UNAH,7,2019,0.0,E,0.0,A,,,,,4.29,A,,,185.45,A
EMPLEADOS UNAH,8,2019,0.0,E,0.0,A,,,,,5.22,A,,,191.99,A
EMPLEADOS UNAH,9,2019,0.0,E,0.0,A,,,,,6.21,A,,,199.36,A
EMPLEADOS UNAH,10,2019,0.0,E,0.0,A,,,,,7.03,A,,,195.33,A
EMPLEADOS UNAH,11,2019,0.0,E,0.0,A,,,,,7.64,A,,,194.97,A
EMPLEADOS UNAH,1,2020,0.0,E,0.0,A,,,,,0.92,A,,,204.49,A
EMPLEADOS UNAH,2,2020,0.0,E,0.0,A,,,,,2.21,A,,,243.9,A
EMPLEADOS UNAH,3,2020,0.0,E,0.0,A,,,,,3.43,A,,,263.82,A
EMPLEADOS UNAH,4,2020,0.0,E,0.0,A,,,,,4.65,A,,,290.94,A
EMPLEADOS UNAH,6,2020,0.0,E,0.0,A,,,,,4.65,A,,,290.94,A
EMPLEADOS UNAH,10,2020,0.0,E,0.0,A,,,,,10.01,A,,,245.5,A
EMPLEADOS UNAH,12,2020,0.0,E,0.0,A,,,,,9.23,A,,,222.6,A
EMPLEADOS UNAH,1,2021,0.0,E,15.61,E,0.0,E,,,0.48,C,,,159.06,A
EMPLEADOS UNAH,5,2021,0.0,E,12.4,E,0.0,E,,,4.71,A,,,244.31,A
EMPLEADOS UNAH,7,2021,0.0,E,10.71,E,0.0,E,,,5.71,A,,,213.86,A
EMPLEADOS UNAH,4,2022,0.0,E,6.81,C,0.0,E,,,1.91,A,,,160.57,A
EMPLEADOS UNAH,5,2022,0.0,E,6.81,C,0.0,E,,,2.38,A,,,157.08,A
EMPLEADOS UNAH,6,2022,0.0,E,6.95,C,0.0,E,,,2.57,A,,,149.83,A
EMPLEADOS UNAH,7,2022,0.0,E,6.22,C,0.0,E,,,3.08,A,,,152.81,A
EMPLEADOS UNAH,8,2022,0.0,E,5.73,C,0.0,E,,,3.76,A,,,158.49,A
EMPLEADOS UNAH,9,2022,0.0,E,5.93,C,0.0,E,,,4.48,A,,,163.04,A
EMPLEADOS UNAH,10,2022,0.0,E,5.63,C,0.0,E,,,5.12,A,,,167.13,A
EMPLEADOS UNAH,11,2022,0.0,E,5.84,C,0.0,E,,,5.39,A,,,168.27,A
EMPLEADOS UNAH,12,2022,0.0,E,5.84,C,0.0,E,,,5.39,A,,,168.27,A
EMPLEADOS UNAH,1,2023,0.0,E,6.48,C,0.0,E,,,0.24,E,,,125.72,B
EMPLEADOS UNAH,2,2023,0.0,E,6.53,C,0.0,E,,,0.75,A,,,143.87,A
EMPLEADOS UNAH,3,2023,0.0,E,6.15,C,0.0,E,,,1.26,A,,,151.04,A
EMPLEADOS UNAH,4,2023,0.0,E,6.14,C,0.0,E,,,2.1,A,,,161.19,A
EMPLEADOS UNAH,5,2023,0.0,E,6.54,C,0.0,E,,,2.79,A,,,168.58,A
EMPLEADOS UNAH,6,2023,0.0,E,7.14,D,0.0,E,,,3.05,A,,,161.17,A
EMPLEADOS UNAH,7,2023,0.0,E,7.33,D,0.0,E,,,3.69,A,,,166.04,A
EMPLEADOS UNAH,8,2023,0.0,E,5.93,C,0.0,E,,,4.25,A,,,167.76,A
EMPLEADOS UNAH,9,2023,0.0,E,5.5,C,0.0,E,,,4.78,A,,,168.23,A
EMPLEADOS UNAH,10,2023,0.0,E,5.34,C,0.0,E,,,5.28,A,,,168.86,A
EMPLEADOS UNAH,11,2023,0.0,E,5.55,C,0.0,E,,,5.65,A,,,166.9,A
EMPLEADOS UNAH,12,2023,0.0,E,6.76,C,0.0,E,,,6.2,A,,,159.11,A
EMPLEADOS UNAH,1,2024,0.0,E,6.96,C,0.0,E,,,0.47,C,,,166.95,A
EMPLEADOS UNAH,2,2024,0.0,E,6.7,C,0.0,E,,,0.95,A,,,165.24,A
EMPLEADOS UNAH,3,2024,63.01,A,6.69,C,134.99,A,18.08,A,1.16,A,1.71,E,145.73,A
EMPLEADOS UNAH,4,2024,63.3,A,6.64,C,133.83,A,15.54,A,1.79,A,2.62,E,155.06,A
EMPLEADOS UNAH,5,2024,63.31,A,7.21,D,121.0,B,14.14,A,2.69,A,3.95,E,174.49,A
EMPLEADOS UNAH,6,2024,62.66,A,8.06,D,117.78,B,16.38,A,2.78,A,4.13,E,161.52,A
EMPLEADOS UNAH,7,2024,63.9,A,7.75,D,115.03,B,34.73,A,3.24,A,4.71,E,161.71,A
EMPLEADOS UNAH,8,2024,62.95,A,7.18,D,117.81,B,25.14,A,3.55,A,5.25,E,159.39,A
EMPLEADOS UNAH,9,2024,62.39,A,7.48,D,111.26,B,20.42,A,3.76,A,5.61,E,155.63,A
EMPLEADOS UNAH,10,2024,61.9,A,8.03,D,104.07,B,25.78,A,4.03,A,6.07,D,153.67,A
EMPLEADOS UNAH,11,2024,61.27,A,8.21,D,102.82,B,32.22,A,4.21,A,6.42,D,150.4,A
EMPLEADOS UNAH,12,2024,67.53,A,9.74,D,104.93,B,72.76,A,4.55,A,6.24,D,143.94,A
EMPLEADOS UNAH,1,2025,63.31,A,9.05,D,107.84,B,48.11,A,0.19,E,0.27,E,120.1,B
EMPLEADOS UNAH,2,2025,62.81,A,7.75,D,117.38,B,28.63,A,0.59,B,0.87,E,134.25,B
EMPLEADOS UNAH,3,2025,62.48,A,7.26,D,118.41,B,15.12,A,0.97,A,1.45,E,138.83,B
EMPLEADOS UNAH,4,2025,65.64,A,7.71,D,113.04,B,23.83,A,1.3,A,1.83,E,134.41,B
EMPLEADOS UNAH,5,2025,64.82,A,7.27,D,117.26,B,4.75,E,1.82,A,2.61,E,141.46,B
EMPLEADOS UNAH,6,2025,64.47,A,7.76,D,116.64,B,27.49,A,1.95,A,2.81,E,136.37,B
EMPLEADOS UNAH,7,2025,63.95,A,6.61,C,128.87,B,12.15,A,2.32,A,3.37,E,137.9,B
EMPLEADOS UNAH,8,2025,63.58,A,6.16,C,133.43,A,6.5,D,2.79,A,4.08,E,141.37,B
EMPLEADOS UNAH,9,2025,63.18,A,6.23,C,129.01,B,6.27,D,3.19,A,4.71,E,143.15,A
EMPLEADOS UNAH,10,2025,63.13,A,6.11,C,132.45,A,12.48,A,3.64,A,5.38,E,145.36,A
EMPLEADOS UNAH,11,2025,62.56,A,6.26,C,133.32,A,26.55,A,4.01,A,5.98,E,145.71,A
EMPLEADOS UNAH,12,2025,68.2,A,7.14,D,139.8,A,95.69,A,4.32,A,5.87,E,139.69,B
EMPLEADOS UNAH,1,2026,64.55,A,7.12,D,136.84,A,30.75,A,0.16,E,0.23,E,117.27,B
EMPLEADOS UNAH,2,2026,63.6,A,6.68,C,137.9,A,17.44,A,0.4,D,0.58,E,121.48,B
EMPLEADOS UNAH,3,2026,66.7,A,,,,,10.43,B,0.59,B,0.82,E,119.95,B
ESFUERZO LANGÜEÑO,1,2019,0.0,E,41.19,E,0.0,E,,,0.0,E,,,100.0,C
ESFUERZO LANGÜEÑO,2,2019,0.0,E,41.25,E,0.0,E,,,0.0,E,,,100.0,C
ESFUERZO LANGÜEÑO,3,2019,0.0,E,42.84,E,0.0,E,,,0.09,E,,,104.03,C
ESFUERZO LANGÜEÑO,4,2019,0.0,E,43.21,E,0.0,E,,,0.19,E,,,106.01,C
ESFUERZO LANGÜEÑO,5,2019,0.0,E,30.05,E,0.0,E,,,0.19,E,,,105.76,C
ESFUERZO LANGÜEÑO,6,2019,0.0,E,43.2,E,0.0,E,,,0.37,D,,,107.93,C
ESFUERZO LANGÜEÑO,7,2019,0.0,E,39.62,E,0.0,E,,,0.44,C,,,107.97,C
ESFUERZO LANGÜEÑO,8,2019,0.0,E,39.25,E,0.0,E,,,0.45,C,,,107.17,C
ESFUERZO LANGÜEÑO,9,2019,0.0,E,40.67,E,0.0,E,,,0.49,C,,,106.99,C
ESFUERZO LANGÜEÑO,10,2019,0.0,E,40.09,E,0.0,E,,,0.52,B,,,106.6,C
ESFUERZO LANGÜEÑO,11,2019,0.0,E,35.77,E,0.0,E,,,0.56,B,,,106.46,C
ESFUERZO LANGÜEÑO,12,2019,0.0,E,32.55,E,0.0,E,,,0.58,B,,,105.95,C
ESFUERZO LANGÜEÑO,1,2020,0.0,E,26.98,E,0.0,E,,,0.04,E,,,106.12,C
ESFUERZO LANGÜEÑO,2,2020,0.0,E,25.83,E,0.0,E,,,0.13,E,,,108.65,C
ESFUERZO LANGÜEÑO,3,2020,0.0,E,28.74,E,0.0,E,,,0.18,E,,,108.01,C
ESFUERZO LANGÜEÑO,4,2020,0.0,E,27.97,E,0.0,E,,,0.2,E,,,106.9,C
ESFUERZO LANGÜEÑO,5,2020,0.0,E,30.05,E,0.0,E,,,0.19,E,,,105.76,C
ESFUERZO LANGÜEÑO,6,2020,0.0,E,38.94,E,0.0,E,,,0.21,E,,,105.32,C
ESFUERZO LANGÜEÑO,8,2020,0.0,E,36.89,E,0.0,E,,,0.25,E,,,104.74,C
ESFUERZO LANGÜEÑO,9,2020,0.0,E,32.56,E,0.0,E,,,0.47,C,,,108.11,C
ESFUERZO LANGÜEÑO,10,2020,0.0,E,30.68,E,0.0,E,,,0.58,B,,,109.14,C
ESFUERZO LANGÜEÑO,11,2020,0.0,E,29.4,E,0.0,E,,,0.61,B,,,108.92,C
ESFUERZO LANGÜEÑO,2,2021,0.0,E,28.12,E,0.0,E,,,0.24,E,,,121.44,B
ESFUERZO LANGÜEÑO,3,2021,0.0,E,28.24,E,0.0,E,,,0.29,E,,,117.43,B
ESFUERZO LANGÜEÑO,4,2021,0.0,E,31.28,E,0.0,E,,,0.38,D,,,117.09,B
ESFUERZO LANGÜEÑO,5,2021,0.0,E,31.29,E,0.0,E,,,0.53,B,,,118.75,B
ESFUERZO LANGÜEÑO,6,2021,0.0,E,28.46,E,0.0,E,,,0.72,A,,,121.66,B
ESFUERZO LANGÜEÑO,7,2021,0.0,E,29.32,E,0.0,E,,,0.82,A,,,121.59,B
ESFUERZO LANGÜEÑO,8,2021,0.0,E,32.23,E,0.0,E,,,0.89,A,,,120.58,B
ESFUERZO LANGÜEÑO,9,2021,0.0,E,32.06,E,0.0,E,,,0.98,A,,,120.55,B
ESFUERZO LANGÜEÑO,10,2021,0.0,E,34.25,E,0.0,E,,,1.08,A,,,120.61,B
ESFUERZO LANGÜEÑO,11,2021,0.0,E,33.58,E,0.0,E,,,1.16,A,,,119.98,B
ESFUERZO LANGÜEÑO,12,2021,0.0,E,33.29,E,0.0,E,,,0.47,C,,,106.46,C
ESFUERZO LANGÜEÑO,1,2022,0.0,E,33.79,E,0.0,E,,,0.03,E,,,107.15,C
ESFUERZO LANGÜEÑO,2,2022,0.0,E,32.6,E,0.0,E,,,0.13,E,,,113.26,B
ESFUERZO LANGÜEÑO,3,2022,0.0,E,33.2,E,0.0,E,,,0.26,E,,,117.21,B
ESFUERZO LANGÜEÑO,4,2022,0.0,E,33.25,E,0.0,E,,,0.32,D,,,116.0,B
ESFUERZO LANGÜEÑO,5,2022,0.0,E,33.94,E,0.0,E,,,0.45,C,,,118.52,B
ESFUERZO LANGÜEÑO,6,2022,0.0,E,33.67,E,0.0,E,,,0.5,B,,,117.32,B
ESFUERZO LANGÜEÑO,7,2022,0.0,E,29.47,E,0.0,E,,,0.65,B,,,118.96,B
ESFUERZO LANGÜEÑO,8,2022,0.0,E,25.7,E,0.0,E,,,0.81,A,,,120.09,B
ESFUERZO LANGÜEÑO,9,2022,0.0,E,21.76,E,0.0,E,,,0.86,A,,,118.96,B
ESFUERZO LANGÜEÑO,10,2022,0.0,E,20.23,E,0.0,E,,,0.98,A,,,119.17,B
ESFUERZO LANGÜEÑO,11,2022,0.0,E,18.73,E,0.0,E,,,1.03,A,,,118.31,B
ESFUERZO LANGÜEÑO,12,2022,0.0,E,17.0,E,0.0,E,,,0.49,C,,,107.17,C
ESFUERZO LANGÜEÑO,1,2023,0.0,E,16.68,E,0.0,E,,,0.1,E,,,120.98,B
ESFUERZO LANGÜEÑO,2,2023,0.0,E,14.75,E,0.0,E,,,0.18,E,,,117.54,B
ESFUERZO LANGÜEÑO,3,2023,0.0,E,13.17,E,0.0,E,,,0.22,E,,,113.38,B
ESFUERZO LANGÜEÑO,4,2023,0.0,E,12.38,E,0.0,E,,,0.38,D,,,117.66,B
ESFUERZO LANGÜEÑO,5,2023,0.0,E,11.88,E,0.0,E,,,0.7,A,,,126.17,B
ESFUERZO LANGÜEÑO,6,2023,0.0,E,12.71,E,0.0,E,,,0.88,A,,,127.28,B
ESFUERZO LANGÜEÑO,7,2023,0.0,E,14.37,E,0.0,E,,,1.05,A,,,128.05,B
ESFUERZO LANGÜEÑO,8,2023,0.0,E,11.83,E,0.0,E,,,1.17,A,,,126.54,B
ESFUERZO LANGÜEÑO,9,2023,0.0,E,11.1,E,0.0,E,,,1.58,A,,,131.82,B
ESFUERZO LANGÜEÑO,10,2023,0.0,E,10.44,E,0.0,E,,,1.75,A,,,131.58,B
ESFUERZO LANGÜEÑO,11,2023,0.0,E,10.55,E,0.0,E,,,1.97,A,,,131.88,B
ESFUERZO LANGÜEÑO,12,2023,0.0,E,8.64,D,0.0,E,,,0.62,B,,,107.16,C
ESFUERZO LANGÜEÑO,1,2024,0.0,E,8.25,D,0.0,E,,,0.18,E,,,125.19,B
ESFUERZO LANGÜEÑO,2,2024,0.0,E,8.84,D,0.0,E,,,0.27,E,,,117.93,B
ESFUERZO LANGÜEÑO,3,2024,26.69,A,10.66,E,161.41,A,7.03,D,0.54,B,1.83,E,125.41,B
ESFUERZO LANGÜEÑO,4,2024,26.68,A,13.21,E,131.95,A,9.18,B,0.72,A,2.42,E,125.06,B
ESFUERZO LANGÜEÑO,5,2024,27.16,A,11.83,E,147.57,A,10.0,B,1.12,A,3.72,E,131.66,B
ESFUERZO LANGÜEÑO,6,2024,27.44,A,10.74,E,161.71,A,10.02,B,1.4,A,4.61,E,134.06,B
ESFUERZO LANGÜEÑO,7,2024,27.26,A,9.39,D,175.51,A,7.39,D,1.98,A,6.56,D,141.6,B
ESFUERZO LANGÜEÑO,8,2024,27.37,A,7.56,D,212.75,A,6.47,D,2.23,A,7.38,D,141.1,B
ESFUERZO LANGÜEÑO,9,2024,27.48,A,6.56,C,243.93,A,5.8,D,2.5,A,8.22,D,141.0,B
ESFUERZO LANGÜEÑO,10,2024,27.45,A,6.7,C,236.1,A,6.57,D,2.74,A,9.02,C,140.71,B
ESFUERZO LANGÜEÑO,11,2024,27.35,A,7.12,D,210.08,A,5.32,E,2.88,A,9.57,C,139.52,B
ESFUERZO LANGÜEÑO,12,2024,27.05,A,7.06,D,203.43,A,4.83,E,1.34,A,4.5,E,113.44,B
ESFUERZO LANGÜEÑO,1,2025,26.01,A,6.81,C,202.83,A,5.43,D,0.16,E,0.56,E,118.88,B
ESFUERZO LANGÜEÑO,2,2025,25.7,A,7.03,D,195.55,A,7.9,C,0.41,D,1.47,E,127.09,B
ESFUERZO LANGÜEÑO,3,2025,25.46,A,6.35,C,214.75,A,9.87,B,0.55,B,1.99,E,123.63,B
ESFUERZO LANGÜEÑO,4,2025,25.25,A,8.77,D,152.41,A,11.95,A,0.83,A,3.01,E,127.56,B
ESFUERZO LANGÜEÑO,5,2025,25.93,A,8.48,D,155.4,A,12.61,A,0.96,A,3.39,E,125.35,B
ESFUERZO LANGÜEÑO,6,2025,25.98,A,9.89,D,120.05,B,14.44,A,1.2,A,4.28,E,127.53,B
ESFUERZO LANGÜEÑO,7,2025,25.56,A,9.83,D,120.87,B,16.99,A,1.43,A,5.19,E,129.23,B
ESFUERZO LANGÜEÑO,8,2025,25.61,A,8.54,D,137.06,A,16.27,A,1.72,A,6.22,D,130.91,B
ESFUERZO LANGÜEÑO,9,2025,25.34,A,9.88,D,117.45,B,18.55,A,1.92,A,7.02,D,131.53,B
ESFUERZO LANGÜEÑO,10,2025,24.65,A,8.7,D,130.14,A,18.09,A,1.92,A,7.25,D,129.02,B
ESFUERZO LANGÜEÑO,11,2025,24.7,A,10.23,E,109.88,B,17.87,A,2.1,A,7.91,D,129.19,B
ESFUERZO LANGÜEÑO,12,2025,24.01,A,6.89,C,158.24,A,13.74,A,0.96,A,3.73,E,110.52,B
ESFUERZO LANGÜEÑO,1,2026,23.02,A,7.05,D,155.27,A,14.72,A,0.27,E,1.1,E,143.28,A
ESFUERZO LANGÜEÑO,2,2026,22.87,A,6.44,C,167.12,A,13.02,A,0.49,C,2.01,E,137.6,B
ESFUERZO LANGÜEÑO,3,2026,22.82,A,,,,,14.58,A,0.63,B,2.58,E,130.86,B
FE Y ESPERANZA,1,2019,0.0,E,8.29,D,0.0,E,,,0.39,D,,,134.7,B
FE Y ESPERANZA,4,2019,0.0,E,14.7,E,0.0,E,,,0.45,C,,,107.85,C
FE Y ESPERANZA,5,2019,0.0,E,16.31,E,0.0,E,,,0.55,B,,,108.6,C
FE Y ESPERANZA,7,2019,0.0,E,14.55,E,0.0,E,,,0.51,B,,,105.07,C
FE Y ESPERANZA,8,2019,0.0,E,11.55,E,0.0,E,,,0.52,B,,,104.44,C
FE Y ESPERANZA,9,2019,0.0,E,12.82,E,0.0,E,,,0.54,B,,,104.05,C
FE Y ESPERANZA,10,2019,0.0,E,13.07,E,0.0,E,,,0.37,D,,,102.49,C
FE Y ESPERANZA,11,2019,0.0,E,12.71,E,0.0,E,,,0.68,A,,,104.27,C
FE Y ESPERANZA,12,2019,0.0,E,9.67,D,0.0,E,,,0.82,A,,,104.68,C
FE Y ESPERANZA,1,2020,0.0,E,9.37,D,0.0,E,,,0.39,D,,,131.56,B
FE Y ESPERANZA,2,2020,0.0,E,14.58,E,0.0,E,,,0.55,B,,,121.26,B
FE Y ESPERANZA,3,2020,0.0,E,19.33,E,0.0,E,,,0.43,C,,,110.38,B
FE Y ESPERANZA,4,2020,0.0,E,9.98,D,0.0,E,,,0.84,A,,,115.68,B
FE Y ESPERANZA,5,2020,0.0,E,16.31,E,0.0,E,,,0.55,B,,,108.6,C
FE Y ESPERANZA,6,2020,0.0,E,19.92,E,0.0,E,,,0.4,D,,,105.12,C
FE Y ESPERANZA,7,2020,0.0,E,22.92,E,0.0,E,,,0.2,E,,,102.17,C
FE Y ESPERANZA,8,2020,0.0,E,15.12,E,0.0,E,,,0.25,E,,,102.41,C
FE Y ESPERANZA,9,2020,0.0,E,14.01,E,0.0,E,,,0.48,C,,,104.27,C
FE Y ESPERANZA,10,2020,0.0,E,9.03,D,0.0,E,,,0.44,C,,,103.92,C
FE Y ESPERANZA,11,2020,0.0,E,8.74,D,0.0,E,,,0.85,A,,,107.05,C
FE Y ESPERANZA,12,2020,0.0,E,7.62,D,0.0,E,,,0.69,A,,,104.9,C
FE Y ESPERANZA,1,2021,0.0,E,5.25,C,0.0,E,,,0.69,A,,,170.56,A
FE Y ESPERANZA,2,2021,0.0,E,5.45,C,0.0,E,,,1.45,A,,,177.38,A
FE Y ESPERANZA,3,2021,0.0,E,5.19,C,0.0,E,,,1.45,A,,,144.09,A
FE Y ESPERANZA,4,2021,0.0,E,6.32,C,0.0,E,,,1.75,A,,,139.76,B
FE Y ESPERANZA,5,2021,0.0,E,5.04,C,0.0,E,,,2.61,A,,,147.5,A
FE Y ESPERANZA,6,2021,0.0,E,5.31,C,0.0,E,,,3.02,A,,,145.25,A
FE Y ESPERANZA,7,2021,0.0,E,5.29,C,0.0,E,,,3.45,A,,,144.47,A
FE Y ESPERANZA,8,2021,0.0,E,5.91,C,0.0,E,,,3.73,A,,,142.11,B
FE Y ESPERANZA,9,2021,0.0,E,6.45,C,0.0,E,,,3.9,A,,,138.23,B
FE Y ESPERANZA,10,2021,0.0,E,6.32,C,0.0,E,,,3.92,A,,,137.55,B
FE Y ESPERANZA,11,2021,0.0,E,6.58,C,0.0,E,,,4.19,A,,,136.34,B
FE Y ESPERANZA,12,2021,0.0,E,4.48,B,0.0,E,,,4.17,A,,,132.28,B
FE Y ESPERANZA,1,2022,0.0,E,5.23,C,0.0,E,,,0.43,C,,,144.39,A
FE Y ESPERANZA,2,2022,0.0,E,5.17,C,0.0,E,,,0.83,A,,,140.67,B
FE Y ESPERANZA,3,2022,0.0,E,5.12,C,0.0,E,,,0.61,B,,,116.52,B
FE Y ESPERANZA,4,2022,0.0,E,5.65,C,0.0,E,,,0.8,A,,,115.67,B
FE Y ESPERANZA,5,2022,0.0,E,7.82,D,0.0,E,,,0.83,A,,,112.61,B
FE Y ESPERANZA,6,2022,0.0,E,7.53,D,0.0,E,,,1.0,A,,,112.96,B
FE Y ESPERANZA,7,2022,0.0,E,7.77,D,0.0,E,,,0.9,A,,,110.02,B
FE Y ESPERANZA,8,2022,0.0,E,7.63,D,0.0,E,,,0.91,A,,,109.07,C
FE Y ESPERANZA,9,2022,0.0,E,5.41,C,0.0,E,,,0.92,A,,,108.05,C
FE Y ESPERANZA,10,2022,0.0,E,6.04,C,0.0,E,,,1.06,A,,,108.32,C
FE Y ESPERANZA,11,2022,0.0,E,7.44,D,0.0,E,,,0.94,A,,,107.21,C
FE Y ESPERANZA,12,2022,0.0,E,5.06,C,0.0,E,,,1.94,A,,,113.49,B
FE Y ESPERANZA,1,2023,0.0,E,5.6,C,0.0,E,,,0.42,D,,,146.47,A
FE Y ESPERANZA,2,2023,0.0,E,5.63,C,0.0,E,,,0.32,D,,,113.51,B
FE Y ESPERANZA,3,2023,0.0,E,4.93,B,0.0,E,,,-0.17,E,,,95.78,C
FE Y ESPERANZA,4,2023,0.0,E,6.01,C,0.0,E,,,-0.47,E,,,91.8,D
FE Y ESPERANZA,5,2023,0.0,E,7.74,D,0.0,E,,,0.0,E,,,100.03,C
FE Y ESPERANZA,6,2023,0.0,E,6.48,C,0.0,E,,,0.01,E,,,100.11,C
FE Y ESPERANZA,7,2023,0.0,E,5.9,C,0.0,E,,,0.02,E,,,100.2,C
FE Y ESPERANZA,8,2023,0.0,E,4.56,B,0.0,E,,,0.0,E,,,100.0,C
FE Y ESPERANZA,9,2023,0.0,E,5.86,C,0.0,E,,,0.16,E,,,101.35,C
FE Y ESPERANZA,10,2023,0.0,E,5.28,C,0.0,E,,,0.13,E,,,100.99,C
FE Y ESPERANZA,11,2023,0.0,E,5.6,C,0.0,E,,,0.16,E,,,101.1,C
FE Y ESPERANZA,12,2023,0.0,E,5.23,C,0.0,E,,,0.4,D,,,102.48,C
FE Y ESPERANZA,1,2024,0.0,E,7.33,D,0.0,E,,,0.16,E,,,113.33,B
FE Y ESPERANZA,2,2024,0.0,E,7.92,D,0.0,E,,,0.16,E,,,106.58,C
FE Y ESPERANZA,3,2024,41.31,A,8.44,D,69.88,D,14.66,A,0.19,E,0.44,E,105.66,C
FE Y ESPERANZA,4,2024,40.33,A,10.29,E,57.54,E,15.18,A,-0.04,E,-0.09,E,99.2,C
FE Y ESPERANZA,5,2024,40.78,A,12.14,E,50.19,E,12.97,A,-0.19,E,-0.45,E,96.75,C
FE Y ESPERANZA,6,2024,41.34,A,12.05,E,53.91,E,11.1,B,-0.14,E,-0.33,E,97.96,C
FE Y ESPERANZA,7,2024,41.97,A,11.69,E,41.44,E,11.11,B,0.03,E,0.06,E,100.31,C
FE Y ESPERANZA,8,2024,41.64,A,11.28,E,44.54,E,13.15,A,0.16,E,0.38,E,101.74,C
FE Y ESPERANZA,9,2024,42.11,A,10.74,E,49.51,E,12.8,A,0.19,E,0.44,E,101.79,C
FE Y ESPERANZA,10,2024,42.44,A,11.58,E,46.74,E,13.45,A,0.16,E,0.36,E,101.33,C
FE Y ESPERANZA,11,2024,41.19,A,11.33,E,47.73,E,10.32,B,0.05,E,0.13,E,100.43,C
FE Y ESPERANZA,12,2024,41.92,A,8.57,D,58.93,E,10.08,B,0.22,E,0.5,E,101.53,C
FE Y ESPERANZA,1,2025,42.19,A,8.5,D,62.24,D,12.66,A,0.08,E,0.19,E,107.71,C
FE Y ESPERANZA,2,2025,42.36,A,9.52,D,57.3,E,11.65,B,0.14,E,0.31,E,106.51,C
FE Y ESPERANZA,3,2025,42.27,A,10.5,E,56.03,E,10.02,B,-0.32,E,-0.73,E,91.11,D
FE Y ESPERANZA,4,2025,41.91,A,11.93,E,51.24,E,13.86,A,-0.49,E,-1.12,E,89.98,D
FE Y ESPERANZA,5,2025,41.74,A,12.65,E,51.84,E,15.64,A,-0.84,E,-1.92,E,86.61,D
FE Y ESPERANZA,6,2025,41.52,A,7.84,D,84.19,D,14.48,A,-0.64,E,-1.46,E,91.35,D
FE Y ESPERANZA,7,2025,41.94,A,7.17,D,93.84,C,15.53,A,-0.64,E,-1.44,E,92.5,D
FE Y ESPERANZA,8,2025,41.62,A,8.1,D,85.28,C,17.61,A,-0.58,E,-1.32,E,93.99,C
FE Y ESPERANZA,9,2025,41.86,A,5.53,C,95.16,C,16.37,A,-0.28,E,-0.64,E,97.3,C
FE Y ESPERANZA,10,2025,42.6,A,6.84,C,77.71,D,15.38,A,-0.07,E,-0.16,E,99.37,C
FE Y ESPERANZA,11,2025,42.91,A,8.26,D,66.98,D,14.4,A,-0.04,E,-0.08,E,99.7,C
FE Y ESPERANZA,12,2025,43.99,A,7.03,D,80.82,D,13.63,A,0.28,E,0.62,E,102.03,C
FE Y ESPERANZA,1,2026,44.1,A,7.18,D,81.78,D,18.47,A,0.22,E,0.48,E,124.03,B
FE Y ESPERANZA,2,2026,43.47,A,7.49,D,79.11,D,18.65,A,0.17,E,0.37,E,107.92,C
FE Y ESPERANZA,3,2026,43.57,A,,,,,21.01,A,0.19,E,0.42,E,105.93,C
FINACOOP,1,2019,0.0,E,21.31,E,0.0,E,,,-0.08,E,,,94.68,C
FINACOOP,2,2019,0.0,E,24.5,E,0.0,E,,,0.18,E,,,105.94,C
FINACOOP,3,2019,0.0,E,26.31,E,0.0,E,,,0.14,E,,,102.88,C
FINACOOP,4,2019,0.0,E,29.21,E,0.0,E,,,0.1,E,,,101.5,C
FINACOOP,5,2019,0.0,E,30.81,E,0.0,E,,,-1.15,E,,,85.91,D
FINACOOP,6,2019,0.0,E,27.32,E,0.0,E,,,0.12,E,,,101.22,C
FINACOOP,7,2019,0.0,E,26.81,E,0.0,E,,,-0.11,E,,,99.03,C
FINACOOP,8,2019,0.0,E,25.37,E,0.0,E,,,-0.32,E,,,97.55,C
FINACOOP,9,2019,0.0,E,24.72,E,0.0,E,,,-0.42,E,,,97.23,C
FINACOOP,10,2019,0.0,E,24.21,E,0.0,E,,,-0.55,E,,,96.6,C
FINACOOP,11,2019,0.0,E,22.92,E,0.0,E,,,0.33,D,,,101.77,C
FINACOOP,12,2019,0.0,E,23.55,E,0.0,E,,,0.14,E,,,100.66,C
FINACOOP,1,2020,0.0,E,26.29,E,0.0,E,,,-0.16,E,,,90.07,D
FINACOOP,2,2020,0.0,E,26.37,E,0.0,E,,,-0.34,E,,,89.43,D
FINACOOP,3,2020,0.0,E,38.78,E,0.0,E,,,-0.49,E,,,90.12,D
FINACOOP,4,2020,0.0,E,37.79,E,0.0,E,,,-0.53,E,,,91.9,D
FINACOOP,5,2020,0.0,E,30.81,E,0.0,E,,,-1.15,E,,,85.91,D
FINACOOP,6,2020,0.0,E,25.49,E,0.0,E,,,-1.32,E,,,86.31,D
FINACOOP,7,2020,0.0,E,23.4,E,0.0,E,,,-1.52,E,,,86.45,D
FINACOOP,8,2020,,,,,,,,,,,,,,
FINACOOP,10,2020,0.0,E,19.51,E,0.0,E,,,-1.68,E,,,88.9,D
FINACOOP,11,2020,0.0,E,19.85,E,0.0,E,,,-1.93,E,,,88.66,D
FINACOOP,12,2020,0.0,E,18.61,E,0.0,E,,,-1.86,E,,,89.7,D
FINACOOP,1,2021,0.0,E,32.44,E,0.0,E,,,-0.04,E,,,97.43,C
FINACOOP,2,2021,0.0,E,29.42,E,0.0,E,,,-0.11,E,,,96.25,C
FINACOOP,3,2021,0.0,E,26.74,E,0.0,E,,,0.05,E,,,101.24,C
FINACOOP,4,2021,0.0,E,28.31,E,0.0,E,,,0.26,E,,,104.46,C
FINACOOP,5,2021,0.0,E,26.8,E,0.0,E,,,0.1,E,,,101.37,C
FINACOOP,6,2021,0.0,E,26.77,E,0.0,E,,,0.1,E,,,101.16,C
FINACOOP,7,2021,0.0,E,25.53,E,0.0,E,,,0.09,E,,,100.88,C
FINACOOP,8,2021,0.0,E,23.91,E,0.0,E,,,0.12,E,,,100.99,C
FINACOOP,9,2021,0.0,E,26.66,E,0.0,E,,,0.2,E,,,101.49,C
FINACOOP,10,2021,0.0,E,27.71,E,0.0,E,,,0.27,E,,,101.84,C
FINACOOP,11,2021,0.0,E,27.17,E,0.0,E,,,0.27,E,,,101.71,C
FINACOOP,12,2021,0.0,E,24.77,E,0.0,E,,,0.17,E,,,100.96,C
FINACOOP,1,2022,0.0,E,26.33,E,0.0,E,,,0.18,E,,,113.03,B
FINACOOP,2,2022,0.0,E,26.35,E,0.0,E,,,0.12,E,,,104.28,C
FINACOOP,3,2022,0.0,E,25.93,E,0.0,E,,,0.21,E,,,105.27,C
FINACOOP,4,2022,0.0,E,28.13,E,0.0,E,,,0.26,E,,,104.61,C
FINACOOP,5,2022,0.0,E,26.08,E,0.0,E,,,0.34,D,,,104.83,C
FINACOOP,6,2022,0.0,E,27.46,E,0.0,E,,,0.42,D,,,105.01,C
FINACOOP,7,2022,0.0,E,25.23,E,0.0,E,,,0.47,C,,,104.79,C
FINACOOP,8,2022,0.0,E,24.2,E,0.0,E,,,0.49,C,,,104.35,C
FINACOOP,9,2022,0.0,E,23.87,E,0.0,E,,,0.51,B,,,104.05,C
FINACOOP,10,2022,0.0,E,25.79,E,0.0,E,,,0.53,B,,,103.82,C
FINACOOP,11,2022,0.0,E,25.37,E,0.0,E,,,0.18,E,,,101.16,C
FINACOOP,12,2022,0.0,E,26.97,E,0.0,E,,,0.23,E,,,101.37,C
FINACOOP,1,2023,0.0,E,26.31,E,0.0,E,,,0.07,E,,,104.88,C
FINACOOP,2,2023,0.0,E,23.69,E,0.0,E,,,0.12,E,,,104.7,C
FINACOOP,3,2023,0.0,E,26.84,E,0.0,E,,,0.2,E,,,104.96,C
FINACOOP,4,2023,0.0,E,27.18,E,0.0,E,,,0.28,E,,,105.25,C
FINACOOP,5,2023,0.0,E,27.0,E,0.0,E,,,0.35,D,,,105.3,C
FINACOOP,6,2023,0.0,E,28.37,E,0.0,E,,,0.44,C,,,105.48,C
FINACOOP,7,2023,0.0,E,26.38,E,0.0,E,,,0.54,B,,,105.5,C
FINACOOP,8,2023,0.0,E,25.36,E,0.0,E,,,0.59,B,,,105.26,C
FINACOOP,9,2023,0.0,E,24.84,E,0.0,E,,,0.67,A,,,105.33,C
FINACOOP,10,2023,0.0,E,25.73,E,0.0,E,,,0.7,A,,,105.14,C
FINACOOP,11,2023,0.0,E,23.43,E,0.0,E,,,0.77,A,,,105.12,C
FINACOOP,12,2023,0.0,E,22.06,E,0.0,E,,,0.86,A,,,105.2,C
FINACOOP,1,2024,0.0,E,22.25,E,0.0,E,,,0.01,E,,,100.83,C
FINACOOP,2,2024,0.0,E,9.64,D,0.0,E,,,0.06,E,,,102.34,C
FINACOOP,3,2024,34.71,A,12.79,E,208.52,A,14.78,A,0.05,E,0.12,E,101.36,C
FINACOOP,4,2024,34.3,A,12.09,E,214.2,A,12.5,A,0.04,E,0.09,E,100.8,C
FINACOOP,5,2024,35.4,A,10.14,E,254.35,A,9.79,B,0.13,E,0.31,E,102.15,C
FINACOOP,6,2024,35.21,A,9.56,D,264.29,A,8.95,C,0.22,E,0.53,E,103.07,C
FINACOOP,7,2024,35.48,A,10.27,E,245.1,A,7.4,D,0.27,E,0.62,E,103.08,C
FINACOOP,8,2024,35.79,A,10.87,E,223.24,A,4.42,E,0.34,D,0.79,E,103.42,C
FINACOOP,9,2024,35.84,A,10.9,E,222.95,A,4.05,E,0.36,D,0.83,E,103.19,C
FINACOOP,10,2024,35.94,A,10.59,E,234.31,A,7.32,D,0.38,D,0.88,E,103.02,C
FINACOOP,11,2024,36.56,A,8.95,D,276.22,A,5.81,D,0.47,C,1.05,E,103.3,C
FINACOOP,12,2024,36.8,A,9.03,D,268.81,A,8.41,C,0.58,B,1.32,E,103.82,C
FINACOOP,1,2025,35.93,A,9.27,D,269.71,A,16.75,A,-0.1,E,-0.24,E,92.21,D
FINACOOP,2,2025,35.64,A,14.32,E,177.51,A,19.4,A,-0.15,E,-0.36,E,93.99,C
FINACOOP,3,2025,34.77,A,17.13,E,150.24,A,23.17,A,-0.07,E,-0.16,E,98.21,C
FINACOOP,4,2025,36.73,A,13.09,E,195.58,A,14.32,A,-0.02,E,-0.05,E,99.63,C
FINACOOP,5,2025,36.77,A,16.93,E,150.21,A,14.1,A,0.09,E,0.2,E,101.35,C
FINACOOP,6,2025,36.56,A,17.46,E,139.18,A,11.42,B,0.24,E,0.54,E,103.0,C
FINACOOP,7,2025,36.45,A,18.22,E,133.94,A,11.56,B,0.28,E,0.65,E,103.08,C
FINACOOP,8,2025,36.39,A,17.39,E,153.23,A,13.28,A,0.36,D,0.8,E,103.33,C
FINACOOP,9,2025,36.49,A,15.79,E,169.43,A,13.12,A,0.46,C,1.02,E,103.75,C
FINACOOP,10,2025,36.66,A,16.4,E,162.57,A,11.5,B,0.51,B,1.15,E,103.8,C
FINACOOP,11,2025,35.83,A,14.04,E,183.04,A,13.76,A,0.55,B,1.27,E,103.82,C
FINACOOP,12,2025,35.31,A,13.7,E,185.84,A,14.78,A,0.58,B,1.36,E,103.69,C
FINACOOP,1,2026,34.69,A,13.05,E,199.78,A,20.48,A,-0.06,E,-0.14,E,96.07,C
FINACOOP,2,2026,34.48,A,11.34,E,232.09,A,18.74,A,-0.08,E,-0.18,E,97.23,C
FINACOOP,3,2026,33.63,A,,,,,16.37,A,0.02,E,0.05,E,100.51,C
FRATERNIDAD HONDURAS,7,2022,0.0,E,73.37,E,0.0,E,,,-8.41,E,,,40.6,E
FRATERNIDAD HONDURAS,8,2022,0.0,E,75.84,E,0.0,E,,,-9.57,E,,,40.11,E
FRATERNIDAD HONDURAS,9,2022,0.0,E,76.9,E,0.0,E,,,-10.97,E,,,38.91,E
FRATERNIDAD HONDURAS,10,2022,0.0,E,76.42,E,0.0,E,,,-12.54,E,,,38.19,E
FRATERNIDAD HONDURAS,11,2022,0.0,E,55.41,E,0.0,E,,,-22.33,E,,,37.75,E
FRATERNIDAD HONDURAS,12,2022,0.0,E,64.39,E,0.0,E,,,-27.2,E,,,35.62,E
FRATERNIDAD HONDURAS,1,2023,0.0,E,62.97,E,0.0,E,,,-3.65,E,,,18.91,E
FRATERNIDAD HONDURAS,2,2023,0.0,E,66.77,E,0.0,E,,,-5.35,E,,,29.52,E
FRATERNIDAD HONDURAS,3,2023,0.0,E,64.75,E,0.0,E,,,-7.14,E,,,32.42,E
FRATERNIDAD HONDURAS,4,2023,0.0,E,62.36,E,0.0,E,,,-9.34,E,,,32.62,E
FRATERNIDAD HONDURAS,5,2023,0.0,E,63.47,E,0.0,E,,,-12.59,E,,,30.86,E
FRATERNIDAD HONDURAS,7,2023,0.0,E,65.26,E,0.0,E,,,-18.52,E,,,29.04,E
FRATERNIDAD HONDURAS,8,2023,0.0,E,64.78,E,0.0,E,,,-21.09,E,,,29.05,E
FRATERNIDAD HONDURAS,9,2023,0.0,E,65.16,E,0.0,E,,,-23.71,E,,,29.09,E
FRATERNIDAD HONDURAS,10,2023,0.0,E,65.9,E,0.0,E,,,-26.09,E,,,29.22,E
FRATERNIDAD HONDURAS,12,2023,0.0,E,71.31,E,0.0,E,,,-33.11,E,,,30.11,E
FRATERNIDAD HONDURAS,1,2024,0.0,E,70.01,E,0.0,E,,,-4.25,E,,,16.41,E
FRATERNIDAD HONDURAS,2,2024,0.0,E,73.04,E,0.0,E,,,-6.96,E,,,18.03,E
FRATERNIDAD HONDURAS,3,2024,-26.3,E,71.68,E,60.35,D,0.47,E,-7.44,E,22.03,A,19.59,E
FRATERNIDAD PESPIRENSE,1,2019,0.0,E,3.85,B,0.0,E,,,0.06,E,,,106.04,C
FRATERNIDAD PESPIRENSE,2,2019,0.0,E,4.32,B,0.0,E,,,0.13,E,,,107.12,C
FRATERNIDAD PESPIRENSE,3,2019,0.0,E,4.01,B,0.0,E,,,0.24,E,,,108.67,C
FRATERNIDAD PESPIRENSE,4,2019,0.0,E,5.09,C,0.0,E,,,0.29,E,,,108.19,C
FRATERNIDAD PESPIRENSE,5,2019,0.0,E,0.63,A,0.0,E,,,0.16,E,,,103.64,C
FRATERNIDAD PESPIRENSE,6,2019,0.0,E,4.72,B,0.0,E,,,0.47,C,,,108.77,C
FRATERNIDAD PESPIRENSE,7,2019,0.0,E,4.57,B,0.0,E,,,0.56,B,,,108.93,C
FRATERNIDAD PESPIRENSE,8,2019,0.0,E,5.18,C,0.0,E,,,0.64,B,,,109.01,C
FRATERNIDAD PESPIRENSE,9,2019,0.0,E,5.37,C,0.0,E,,,0.75,A,,,109.41,C
FRATERNIDAD PESPIRENSE,10,2019,0.0,E,2.77,B,0.0,E,,,0.89,A,,,110.19,B
FRATERNIDAD PESPIRENSE,11,2019,0.0,E,3.03,B,0.0,E,,,0.68,A,,,106.02,C
FRATERNIDAD PESPIRENSE,12,2019,0.0,E,3.03,B,0.0,E,,,0.68,A,,,106.02,C
FRATERNIDAD PESPIRENSE,1,2020,0.0,E,3.0,B,0.0,E,,,0.11,E,,,111.28,B
FRATERNIDAD PESPIRENSE,2,2020,0.0,E,3.52,B,0.0,E,,,0.29,E,,,115.83,B
FRATERNIDAD PESPIRENSE,3,2020,0.0,E,0.67,A,0.0,E,,,0.21,E,,,107.81,C
FRATERNIDAD PESPIRENSE,4,2020,0.0,E,0.55,A,0.0,E,,,0.13,E,,,103.66,C
FRATERNIDAD PESPIRENSE,5,2020,0.0,E,0.63,A,0.0,E,,,0.16,E,,,103.64,C
FRATERNIDAD PESPIRENSE,6,2020,0.0,E,0.84,A,0.0,E,,,0.18,E,,,103.5,C
FRATERNIDAD PESPIRENSE,7,2020,0.0,E,0.92,A,0.0,E,,,0.36,D,,,106.17,C
FRATERNIDAD PESPIRENSE,8,2020,0.0,E,1.16,A,0.0,E,,,0.58,B,,,109.0,C
FRATERNIDAD PESPIRENSE,9,2020,0.0,E,1.46,A,0.0,E,,,0.75,A,,,110.49,B
FRATERNIDAD PESPIRENSE,10,2020,0.0,E,1.57,A,0.0,E,,,0.87,A,,,111.19,B
FRATERNIDAD PESPIRENSE,11,2020,0.0,E,1.64,A,0.0,E,,,1.0,A,,,111.91,B
FRATERNIDAD PESPIRENSE,12,2020,0.0,E,1.65,A,0.0,E,,,0.56,B,,,105.76,C
FRATERNIDAD PESPIRENSE,1,2021,0.0,E,1.67,A,0.0,E,,,0.1,E,,,113.91,B
FRATERNIDAD PESPIRENSE,2,2021,0.0,E,1.82,A,0.0,E,,,0.2,E,,,113.71,B
FRATERNIDAD PESPIRENSE,3,2021,0.0,E,1.95,A,0.0,E,,,0.35,D,,,115.56,B
FRATERNIDAD PESPIRENSE,4,2021,0.0,E,1.99,A,0.0,E,,,0.5,C,,,116.72,B
FRATERNIDAD PESPIRENSE,5,2021,0.0,E,2.25,A,0.0,E,,,0.59,B,,,115.87,B
FRATERNIDAD PESPIRENSE,6,2021,0.0,E,2.53,B,0.0,E,,,0.66,A,,,115.21,B
FRATERNIDAD PESPIRENSE,7,2021,0.0,E,2.49,A,0.0,E,,,0.84,A,,,116.52,B
FRATERNIDAD PESPIRENSE,8,2021,0.0,E,2.3,A,0.0,E,,,0.93,A,,,116.3,B
FRATERNIDAD PESPIRENSE,9,2021,0.0,E,2.25,A,0.0,E,,,0.97,A,,,115.19,B
FRATERNIDAD PESPIRENSE,10,2021,0.0,E,2.25,A,0.0,E,,,1.0,A,,,114.16,B
FRATERNIDAD PESPIRENSE,11,2021,0.0,E,1.94,A,0.0,E,,,1.09,A,,,114.11,B
FRATERNIDAD PESPIRENSE,12,2021,0.0,E,1.73,A,0.0,E,,,0.67,A,,,107.31,C
FRATERNIDAD PESPIRENSE,1,2022,0.0,E,1.59,A,0.0,E,,,0.11,E,,,117.75,B
FRATERNIDAD PESPIRENSE,2,2022,0.0,E,1.66,A,0.0,E,,,0.18,E,,,114.29,B
FRATERNIDAD PESPIRENSE,3,2022,0.0,E,1.65,A,0.0,E,,,0.32,D,,,116.35,B
FRATERNIDAD PESPIRENSE,4,2022,0.0,E,1.6,A,0.0,E,,,0.38,D,,,114.7,B
FRATERNIDAD PESPIRENSE,5,2022,0.0,E,1.3,A,0.0,E,,,0.5,B,,,115.8,B
FRATERNIDAD PESPIRENSE,6,2022,0.0,E,1.24,A,0.0,E,,,0.63,B,,,116.7,B
FRATERNIDAD PESPIRENSE,7,2022,0.0,E,1.25,A,0.0,E,,,0.74,A,,,116.72,B
FRATERNIDAD PESPIRENSE,8,2022,0.0,E,1.28,A,0.0,E,,,0.85,A,,,116.75,B
FRATERNIDAD PESPIRENSE,9,2022,0.0,E,1.04,A,0.0,E,,,1.06,A,,,118.67,B
FRATERNIDAD PESPIRENSE,10,2022,0.0,E,1.22,A,0.0,E,,,1.16,A,,,118.61,B
FRATERNIDAD PESPIRENSE,11,2022,0.0,E,1.25,A,0.0,E,,,1.26,A,,,118.44,B
FRATERNIDAD PESPIRENSE,12,2022,0.0,E,1.36,A,0.0,E,,,0.57,B,,,106.95,C
FRATERNIDAD PESPIRENSE,1,2023,0.0,E,1.44,A,0.0,E,,,0.09,E,,,114.6,B
FRATERNIDAD PESPIRENSE,2,2023,0.0,E,1.15,A,0.0,E,,,0.18,E,,,114.27,B
FRATERNIDAD PESPIRENSE,3,2023,0.0,E,1.14,A,0.0,E,,,0.43,C,,,122.26,B
FRATERNIDAD PESPIRENSE,4,2023,0.0,E,1.17,A,0.0,E,,,0.45,C,,,117.2,B
FRATERNIDAD PESPIRENSE,5,2023,0.0,E,1.35,A,0.0,E,,,0.81,A,,,124.01,B
FRATERNIDAD PESPIRENSE,6,2023,0.0,E,1.48,A,0.0,E,,,0.98,A,,,124.92,B
FRATERNIDAD PESPIRENSE,7,2023,0.0,E,1.79,A,0.0,E,,,1.07,A,,,123.32,B
FRATERNIDAD PESPIRENSE,8,2023,0.0,E,1.78,A,0.0,E,,,1.21,A,,,123.31,B
FRATERNIDAD PESPIRENSE,9,2023,0.0,E,1.81,A,0.0,E,,,1.46,A,,,124.89,B
FRATERNIDAD PESPIRENSE,10,2023,0.0,E,1.99,A,0.0,E,,,1.56,A,,,123.95,B
FRATERNIDAD PESPIRENSE,11,2023,0.0,E,2.05,A,0.0,E,,,1.75,A,,,124.38,B
FRATERNIDAD PESPIRENSE,12,2023,0.0,E,2.07,A,0.0,E,,,1.97,A,,,125.06,B
FRATERNIDAD PESPIRENSE,1,2024,0.0,E,2.18,A,0.0,E,,,0.16,E,,,123.42,B
FRATERNIDAD PESPIRENSE,2,2024,0.0,E,2.14,A,0.0,E,,,0.27,E,,,119.66,B
FRATERNIDAD PESPIRENSE,3,2024,56.12,A,2.24,A,212.53,A,5.67,D,0.41,D,0.71,E,120.4,B
FRATERNIDAD PESPIRENSE,4,2024,56.26,A,2.2,A,216.53,A,8.12,C,0.55,B,0.94,E,120.39,B
FRATERNIDAD PESPIRENSE,5,2024,56.02,A,1.97,A,243.55,A,5.38,E,0.66,A,1.13,E,119.52,B
FRATERNIDAD PESPIRENSE,6,2024,55.68,A,1.89,A,253.05,A,5.93,D,0.83,A,1.45,E,121.03,B
FRATERNIDAD PESPIRENSE,7,2024,55.58,A,2.31,A,214.97,A,3.82,E,1.06,A,1.83,E,122.32,B
FRATERNIDAD PESPIRENSE,8,2024,55.66,A,1.11,A,375.95,A,4.04,E,1.22,A,2.13,E,122.51,B
FRATERNIDAD PESPIRENSE,9,2024,55.79,A,1.4,A,255.91,A,5.12,E,1.4,A,2.44,E,123.12,B
FRATERNIDAD PESPIRENSE,10,2024,55.76,A,1.47,A,245.4,A,4.05,E,1.56,A,2.73,E,123.34,B
FRATERNIDAD PESPIRENSE,11,2024,56.09,A,1.62,A,231.24,A,4.87,E,1.89,A,3.29,E,125.58,B
FRATERNIDAD PESPIRENSE,12,2024,56.35,A,1.58,A,243.55,A,6.38,D,2.1,A,3.63,E,125.79,B
FRATERNIDAD PESPIRENSE,1,2025,55.19,A,1.79,A,221.71,A,4.33,E,0.3,E,0.53,E,142.01,B
FRATERNIDAD PESPIRENSE,2,2025,55.29,A,1.29,A,275.52,A,3.99,E,0.48,C,0.85,E,133.57,B
FRATERNIDAD PESPIRENSE,3,2025,55.29,A,1.18,A,309.98,A,5.25,E,0.72,A,1.28,E,133.44,B
FRATERNIDAD PESPIRENSE,4,2025,55.65,A,1.17,A,322.58,A,5.49,D,0.95,A,1.67,E,132.42,B
FRATERNIDAD PESPIRENSE,5,2025,55.67,A,1.12,A,341.93,A,5.43,D,1.13,A,1.99,E,130.87,B
FRATERNIDAD PESPIRENSE,6,2025,55.18,A,1.25,A,313.87,A,5.37,E,1.29,A,2.29,E,129.58,B
FRATERNIDAD PESPIRENSE,7,2025,54.92,A,1.44,A,280.86,A,5.44,D,1.46,A,2.6,E,128.77,B
FRATERNIDAD PESPIRENSE,8,2025,54.72,A,1.61,A,254.41,A,4.75,E,1.8,A,3.21,E,131.16,B
FRATERNIDAD PESPIRENSE,9,2025,54.81,A,1.7,A,243.42,A,5.53,D,1.97,A,3.51,E,130.53,B
FRATERNIDAD PESPIRENSE,10,2025,54.61,A,2.13,A,198.73,A,5.34,E,2.12,A,3.79,E,129.64,B
FRATERNIDAD PESPIRENSE,11,2025,54.71,A,1.8,A,238.27,A,5.52,D,2.26,A,4.02,E,128.81,B
FRATERNIDAD PESPIRENSE,12,2025,54.87,A,2.24,A,193.93,A,4.76,E,2.39,A,4.26,E,128.02,B
FRATERNIDAD PESPIRENSE,1,2026,53.32,A,1.85,A,225.48,A,4.8,E,0.13,E,0.23,E,117.85,B
FRATERNIDAD PESPIRENSE,2,2026,53.27,A,1.74,A,239.19,A,4.3,E,0.24,E,0.43,E,116.84,B
FRATERNIDAD PESPIRENSE,3,2026,53.79,A,,,,,4.76,E,0.32,D,0.59,E,115.36,B
FRONTERIZA INTIBUCANA,1,2019,0.0,E,8.64,D,0.0,E,,,0.1,E,,,113.41,B
FRONTERIZA INTIBUCANA,2,2019,0.0,E,8.83,D,0.0,E,,,0.17,E,,,111.53,B
FRONTERIZA INTIBUCANA,3,2019,0.0,E,9.91,D,0.0,E,,,0.27,E,,,112.23,B
FRONTERIZA INTIBUCANA,4,2019,0.0,E,8.07,D,0.0,E,,,0.37,D,,,112.69,B
FRONTERIZA INTIBUCANA,5,2019,0.0,E,9.95,D,0.0,E,,,0.67,A,,,119.71,B
FRONTERIZA INTIBUCANA,7,2019,0.0,E,12.52,E,0.0,E,,,0.63,B,,,112.25,B
FRONTERIZA INTIBUCANA,8,2019,0.0,E,12.1,E,0.0,E,,,0.82,A,,,114.4,B
FRONTERIZA INTIBUCANA,9,2019,0.0,E,12.71,E,0.0,E,,,1.06,A,,,117.15,B
FRONTERIZA INTIBUCANA,10,2019,0.0,E,13.09,E,0.0,E,,,1.24,A,,,118.72,B
FRONTERIZA INTIBUCANA,11,2019,0.0,E,11.17,E,0.0,E,,,1.37,A,,,118.45,B
FRONTERIZA INTIBUCANA,12,2019,0.0,E,10.15,E,0.0,E,,,1.47,A,,,118.47,B
FRONTERIZA INTIBUCANA,1,2020,0.0,E,12.22,E,0.0,E,,,0.12,E,,,116.8,B
FRONTERIZA INTIBUCANA,2,2020,0.0,E,14.21,E,0.0,E,,,0.25,E,,,117.28,B
FRONTERIZA INTIBUCANA,3,2020,0.0,E,18.53,E,0.0,E,,,0.4,D,,,119.17,B
FRONTERIZA INTIBUCANA,4,2020,0.0,E,7.93,D,0.0,E,,,0.54,B,,,119.54,B
FRONTERIZA INTIBUCANA,5,2020,0.0,E,9.95,D,0.0,E,,,0.67,A,,,119.71,B
FRONTERIZA INTIBUCANA,6,2020,0.0,E,18.86,E,0.0,E,,,0.75,A,,,119.04,B
FRONTERIZA INTIBUCANA,7,2020,0.0,E,20.87,E,0.0,E,,,0.83,A,,,118.33,B
FRONTERIZA INTIBUCANA,8,2020,0.0,E,19.11,E,0.0,E,,,0.97,A,,,118.83,B
FRONTERIZA INTIBUCANA,9,2020,0.0,E,17.61,E,0.0,E,,,1.1,A,,,119.19,B
FRONTERIZA INTIBUCANA,10,2020,0.0,E,15.29,E,0.0,E,,,1.13,A,,,118.84,B
FRONTERIZA INTIBUCANA,11,2020,0.0,E,14.03,E,0.0,E,,,1.17,A,,,117.6,B
FRONTERIZA INTIBUCANA,12,2020,0.0,E,9.79,D,0.0,E,,,1.11,A,,,114.98,B
FRONTERIZA INTIBUCANA,1,2021,0.0,E,10.62,E,0.0,E,,,0.16,E,,,126.24,B
FRONTERIZA INTIBUCANA,2,2021,0.0,E,10.63,E,0.0,E,,,0.38,D,,,134.21,B
FRONTERIZA INTIBUCANA,3,2021,0.0,E,9.76,D,0.0,E,,,0.47,C,,,126.05,B
FRONTERIZA INTIBUCANA,4,2021,0.0,E,11.3,E,0.0,E,,,0.61,B,,,126.0,B
FRONTERIZA INTIBUCANA,5,2021,0.0,E,11.13,E,0.0,E,,,0.74,A,,,125.17,B
FRONTERIZA INTIBUCANA,6,2021,0.0,E,9.87,D,0.0,E,,,0.83,A,,,123.19,B
FRONTERIZA INTIBUCANA,7,2021,0.0,E,10.17,E,0.0,E,,,0.87,A,,,120.6,B
FRONTERIZA INTIBUCANA,8,2021,0.0,E,9.7,D,0.0,E,,,0.95,A,,,119.87,B
FRONTERIZA INTIBUCANA,9,2021,0.0,E,6.33,C,0.0,E,,,1.22,A,,,123.28,B
FRONTERIZA INTIBUCANA,10,2021,0.0,E,5.3,C,0.0,E,,,1.43,A,,,125.0,B
FRONTERIZA INTIBUCANA,11,2021,0.0,E,4.78,B,0.0,E,,,1.51,A,,,124.2,B
FRONTERIZA INTIBUCANA,12,2021,0.0,E,3.53,B,0.0,E,,,0.71,A,,,109.21,C
FRONTERIZA INTIBUCANA,1,2022,0.0,E,3.53,B,0.0,E,,,0.16,E,,,130.96,B
FRONTERIZA INTIBUCANA,2,2022,0.0,E,3.53,B,0.0,E,,,0.16,E,,,130.96,B
FRONTERIZA INTIBUCANA,3,2022,0.0,E,3.57,B,0.0,E,,,0.49,C,,,129.39,B
FRONTERIZA INTIBUCANA,4,2022,0.0,E,3.9,B,0.0,E,,,0.66,A,,,131.04,B
FRONTERIZA INTIBUCANA,5,2022,0.0,E,3.43,B,0.0,E,,,0.86,A,,,132.02,B
FRONTERIZA INTIBUCANA,6,2022,0.0,E,3.19,B,0.0,E,,,1.01,A,,,133.36,B
FRONTERIZA INTIBUCANA,7,2022,0.0,E,4.12,B,0.0,E,,,1.18,A,,,134.06,B
FRONTERIZA INTIBUCANA,8,2022,0.0,E,3.9,B,0.0,E,,,1.33,A,,,134.17,B
FRONTERIZA INTIBUCANA,9,2022,0.0,E,3.4,B,0.0,E,,,1.41,A,,,132.4,B
FRONTERIZA INTIBUCANA,10,2022,0.0,E,3.07,B,0.0,E,,,1.51,A,,,131.87,B
FRONTERIZA INTIBUCANA,11,2022,0.0,E,3.03,B,0.0,E,,,1.55,A,,,129.99,B
FRONTERIZA INTIBUCANA,12,2022,0.0,E,3.8,B,0.0,E,,,0.74,A,,,111.22,B
FRONTERIZA INTIBUCANA,1,2023,0.0,E,3.67,B,0.0,E,,,0.08,E,,,114.76,B
FRONTERIZA INTIBUCANA,2,2023,0.0,E,3.04,B,0.0,E,,,0.16,E,,,115.67,B
FRONTERIZA INTIBUCANA,3,2023,0.0,E,3.93,B,0.0,E,,,0.17,E,,,110.46,B
FRONTERIZA INTIBUCANA,4,2023,0.0,E,4.32,B,0.0,E,,,0.27,E,,,113.07,B
FRONTERIZA INTIBUCANA,5,2023,0.0,E,4.75,B,0.0,E,,,0.38,D,,,114.81,B
FRONTERIZA INTIBUCANA,6,2023,0.0,E,4.63,B,0.0,E,,,0.49,C,,,115.85,B
FRONTERIZA INTIBUCANA,7,2023,0.0,E,4.33,B,0.0,E,,,0.63,B,,,117.95,B
FRONTERIZA INTIBUCANA,8,2023,0.0,E,4.0,B,0.0,E,,,0.78,A,,,119.94,B
FRONTERIZA INTIBUCANA,9,2023,0.0,E,5.12,C,0.0,E,,,0.98,A,,,122.47,B
FRONTERIZA INTIBUCANA,10,2023,0.0,E,5.12,C,0.0,E,,,0.98,A,,,122.47,B
FRONTERIZA INTIBUCANA,11,2023,0.0,E,4.25,B,0.0,E,,,1.46,A,,,128.56,B
FRONTERIZA INTIBUCANA,12,2023,0.0,E,4.54,B,0.0,E,,,0.6,B,,,108.88,C
FRONTERIZA INTIBUCANA,1,2024,0.0,E,4.69,B,0.0,E,,,0.25,E,,,149.67,A
FRONTERIZA INTIBUCANA,2,2024,0.0,E,4.87,B,0.0,E,,,0.45,C,,,143.23,A
FRONTERIZA INTIBUCANA,3,2024,15.86,A,5.14,C,63.44,D,20.1,A,0.49,C,3.04,E,129.15,B
FRONTERIZA INTIBUCANA,4,2024,16.57,A,5.64,C,55.43,E,18.28,A,0.7,A,4.12,E,131.69,B
FRONTERIZA INTIBUCANA,5,2024,16.6,A,5.97,C,50.99,E,18.54,A,0.91,A,5.41,E,134.15,B
FRONTERIZA INTIBUCANA,6,2024,16.67,A,5.53,C,53.39,E,18.93,A,1.14,A,6.72,D,136.07,B
FRONTERIZA INTIBUCANA,7,2024,16.71,A,5.57,C,50.56,E,18.71,A,1.32,A,7.78,D,136.13,B
FRONTERIZA INTIBUCANA,8,2024,16.92,A,7.36,D,36.88,E,16.48,A,1.6,A,9.27,C,138.82,B
FRONTERIZA INTIBUCANA,9,2024,17.14,A,7.86,D,32.64,E,15.19,A,1.9,A,10.91,B,142.18,B
FRONTERIZA INTIBUCANA,10,2024,17.35,A,6.52,C,37.4,E,13.52,A,2.23,A,12.63,B,145.04,A
FRONTERIZA INTIBUCANA,11,2024,17.34,A,6.57,C,35.46,E,8.83,C,2.47,A,14.0,A,146.11,A
FRONTERIZA INTIBUCANA,12,2024,17.49,A,5.95,C,41.5,E,11.22,B,1.23,A,6.93,D,116.4,B
FRONTERIZA INTIBUCANA,1,2025,16.28,A,5.46,C,43.92,E,10.92,B,0.33,D,1.99,E,158.4,A
FRONTERIZA INTIBUCANA,2,2025,16.32,A,6.14,C,38.81,E,12.08,A,0.64,B,3.85,E,157.96,A
FRONTERIZA INTIBUCANA,3,2025,16.19,A,6.79,C,35.45,E,15.69,A,0.81,A,4.91,E,147.19,A
FRONTERIZA INTIBUCANA,4,2025,17.34,A,6.28,C,36.67,E,17.32,A,1.08,A,6.11,D,148.07,A
FRONTERIZA INTIBUCANA,5,2025,17.23,A,8.51,D,26.86,E,18.71,A,1.34,A,7.65,D,148.82,A
FRONTERIZA INTIBUCANA,6,2025,17.18,A,8.46,D,26.92,E,20.68,A,1.6,A,9.17,C,149.65,A
FRONTERIZA INTIBUCANA,7,2025,17.0,A,11.31,E,19.96,E,22.11,A,1.71,A,9.92,C,144.88,A
FRONTERIZA INTIBUCANA,8,2025,17.09,A,10.9,E,20.36,E,22.18,A,1.97,A,11.33,B,144.86,A
FRONTERIZA INTIBUCANA,9,2025,17.05,A,10.87,E,20.15,E,23.12,A,2.2,A,12.72,B,145.67,A
FRONTERIZA INTIBUCANA,10,2025,17.02,A,9.7,D,22.33,E,23.95,A,2.43,A,14.05,A,146.01,A
FRONTERIZA INTIBUCANA,11,2025,17.02,A,9.92,D,21.29,E,22.65,A,2.59,A,15.03,A,144.99,A
FRONTERIZA INTIBUCANA,12,2025,16.86,A,7.99,D,30.98,E,23.08,A,1.24,A,7.25,D,115.72,B
FRONTERIZA INTIBUCANA,1,2026,15.89,A,6.55,C,37.83,E,23.2,A,0.32,D,2.01,E,161.72,A
FRONTERIZA INTIBUCANA,2,2026,16.12,A,6.1,C,40.96,E,24.39,A,0.67,A,4.11,E,169.05,A
FRONTERIZA INTIBUCANA,3,2026,17.38,A,,,,,26.05,A,0.8,A,4.53,E,149.2,A
GUANAJA,1,2019,0.0,E,15.17,E,0.0,E,,,-0.04,E,,,95.73,C
GUANAJA,2,2019,0.0,E,16.23,E,0.0,E,,,-0.13,E,,,93.68,C
GUANAJA,3,2019,0.0,E,14.42,E,0.0,E,,,-0.19,E,,,94.01,C
GUANAJA,4,2019,0.0,E,14.88,E,0.0,E,,,-0.18,E,,,95.62,C
GUANAJA,5,2019,0.0,E,6.26,C,0.0,E,,,0.35,D,,,107.55,C
GUANAJA,7,2019,0.0,E,38.88,E,0.0,E,,,-0.49,E,,,93.04,D
GUANAJA,8,2019,0.0,E,25.96,E,0.0,E,,,-0.4,E,,,94.86,C
GUANAJA,9,2019,0.0,E,24.89,E,0.0,E,,,-0.05,E,,,99.43,C
GUANAJA,10,2019,0.0,E,24.04,E,0.0,E,,,-0.06,E,,,99.41,C
GUANAJA,11,2019,0.0,E,36.64,E,0.0,E,,,1.09,A,,,110.45,B
GUANAJA,12,2019,0.0,E,22.85,E,0.0,E,,,1.0,A,,,108.61,C
GUANAJA,1,2020,0.0,E,13.11,E,0.0,E,,,0.21,E,,,124.62,B
GUANAJA,2,2020,0.0,E,8.86,D,0.0,E,,,0.5,B,,,126.8,B
GUANAJA,3,2020,0.0,E,9.08,D,0.0,E,,,0.51,B,,,118.91,B
GUANAJA,4,2020,0.0,E,23.31,E,0.0,E,,,0.43,C,,,111.81,B
GUANAJA,5,2020,0.0,E,6.26,C,0.0,E,,,0.35,D,,,107.55,C
GUANAJA,6,2020,0.0,E,6.18,C,0.0,E,,,0.17,E,,,103.09,C
GUANAJA,7,2020,0.0,E,6.39,C,0.0,E,,,0.04,E,,,100.66,C
GUANAJA,8,2020,0.0,E,6.43,C,0.0,E,,,-0.04,E,,,99.52,C
GUANAJA,9,2020,0.0,E,6.27,C,0.0,E,,,-0.04,E,,,99.44,C
GUANAJA,10,2020,0.0,E,13.53,E,0.0,E,,,0.14,E,,,101.65,C
GUANAJA,11,2020,0.0,E,13.7,E,0.0,E,,,0.26,E,,,102.74,C
GUANAJA,12,2020,0.0,E,0.58,A,0.0,E,,,0.74,A,,,107.3,C
GUANAJA,1,2021,0.0,E,0.69,A,0.0,E,,,0.2,E,,,126.6,B
GUANAJA,2,2021,0.0,E,0.63,A,0.0,E,,,0.4,D,,,127.37,B
GUANAJA,3,2021,0.0,E,4.95,B,0.0,E,,,0.37,D,,,115.92,B
GUANAJA,4,2021,0.0,E,5.99,C,0.0,E,,,0.62,B,,,119.41,B
GUANAJA,5,2021,0.0,E,6.67,C,0.0,E,,,0.74,A,,,118.8,B
GUANAJA,6,2021,0.0,E,8.9,D,0.0,E,,,0.95,A,,,120.38,B
GUANAJA,7,2021,0.0,E,9.59,D,0.0,E,,,1.26,A,,,123.79,B
GUANAJA,8,2021,0.0,E,12.57,E,0.0,E,,,1.52,A,,,126.15,B
GUANAJA,9,2021,0.0,E,11.46,E,0.0,E,,,1.81,A,,,128.21,B
GUANAJA,10,2021,0.0,E,10.52,E,0.0,E,,,0.8,A,,,109.96,C
GUANAJA,11,2021,0.0,E,8.01,D,0.0,E,,,0.94,A,,,111.04,B
GUANAJA,12,2021,0.0,E,4.26,B,0.0,E,,,1.08,A,,,111.42,B
GUANAJA,1,2022,0.0,E,5.73,C,0.0,E,,,0.25,E,,,139.21,B
GUANAJA,2,2022,0.0,E,6.16,C,0.0,E,,,0.35,D,,,125.49,B
GUANAJA,3,2022,0.0,E,4.98,B,0.0,E,,,0.25,E,,,110.79,B
GUANAJA,4,2022,0.0,E,6.95,C,0.0,E,,,0.44,C,,,114.66,B
GUANAJA,5,2022,0.0,E,6.82,C,0.0,E,,,0.53,B,,,114.17,B
GUANAJA,6,2022,0.0,E,5.58,C,0.0,E,,,0.66,A,,,114.68,B
GUANAJA,7,2022,0.0,E,6.13,C,0.0,E,,,0.86,A,,,116.3,B
GUANAJA,8,2022,0.0,E,3.55,B,0.0,E,,,1.07,A,,,118.2,B
GUANAJA,9,2022,0.0,E,2.52,B,0.0,E,,,1.29,A,,,119.79,B
GUANAJA,10,2022,0.0,E,4.93,B,0.0,E,,,1.46,A,,,120.53,B
GUANAJA,11,2022,0.0,E,7.6,D,0.0,E,,,1.59,A,,,120.53,B
GUANAJA,12,2022,0.0,E,6.79,C,0.0,E,,,1.77,A,,,120.51,B
GUANAJA,1,2023,0.0,E,6.62,C,0.0,E,,,0.14,E,,,117.97,B
GUANAJA,2,2023,0.0,E,5.33,C,0.0,E,,,0.28,E,,,118.0,B
GUANAJA,3,2023,0.0,E,5.68,C,0.0,E,,,0.38,D,,,116.8,B
GUANAJA,4,2023,0.0,E,4.68,B,0.0,E,,,0.62,B,,,120.48,B
GUANAJA,5,2023,0.0,E,7.93,D,0.0,E,,,3.2,A,,,180.78,A
GUANAJA,6,2023,0.0,E,7.3,D,0.0,E,,,3.4,A,,,173.94,A
GUANAJA,7,2023,0.0,E,6.96,C,0.0,E,,,3.69,A,,,169.53,A
GUANAJA,8,2023,0.0,E,5.77,C,0.0,E,,,3.92,A,,,166.04,A
GUANAJA,9,2023,0.0,E,10.27,E,0.0,E,,,4.22,A,,,163.52,A
GUANAJA,10,2023,0.0,E,16.18,E,0.0,E,,,4.44,A,,,161.23,A
GUANAJA,11,2023,0.0,E,15.51,E,0.0,E,,,4.59,A,,,156.53,A
GUANAJA,12,2023,0.0,E,14.87,E,0.0,E,,,4.64,A,,,148.9,A
GUANAJA,1,2024,0.0,E,18.63,E,0.0,E,,,0.09,E,,,110.8,B
GUANAJA,2,2024,0.0,E,19.43,E,0.0,E,,,0.26,E,,,116.24,B
GUANAJA,3,2024,34.46,A,13.84,E,58.8,E,11.91,A,0.58,B,1.6,E,126.48,B
GUANAJA,4,2024,34.44,A,14.81,E,55.05,E,11.34,B,0.74,A,2.06,E,125.93,B
GUANAJA,5,2024,34.67,A,15.36,E,53.58,E,15.25,A,0.88,A,2.42,E,124.77,B
GUANAJA,6,2024,34.97,A,12.32,E,65.34,D,11.99,A,1.03,A,2.82,E,124.17,B
GUANAJA,7,2024,35.67,A,14.98,E,54.27,E,11.96,A,1.16,A,3.11,E,122.86,B
GUANAJA,8,2024,35.34,A,10.13,E,83.04,D,16.58,A,1.51,A,4.08,E,126.52,B
GUANAJA,9,2024,35.22,A,10.4,E,70.81,D,19.46,A,1.91,A,5.21,E,130.87,B
GUANAJA,10,2024,35.18,A,10.13,E,71.71,D,18.4,A,2.08,A,5.68,E,130.46,B
GUANAJA,11,2024,35.47,A,9.86,D,72.84,D,17.07,A,2.39,A,6.47,D,132.31,B
GUANAJA,12,2024,37.74,A,7.58,D,95.89,C,14.99,A,2.65,A,6.74,D,131.7,B
GUANAJA,1,2025,34.9,A,7.29,D,97.85,C,13.44,A,0.21,E,0.57,E,130.08,B
GUANAJA,2,2025,34.37,A,8.92,D,79.62,D,12.51,A,0.37,D,1.04,E,125.49,B
GUANAJA,3,2025,34.28,A,8.13,D,88.23,C,14.83,A,0.62,B,1.74,E,129.6,B
GUANAJA,4,2025,34.74,A,6.7,C,103.25,B,13.02,A,0.96,A,2.65,E,134.54,B
GUANAJA,5,2025,34.63,A,4.61,B,146.41,A,13.52,A,1.12,A,3.11,E,132.27,B
GUANAJA,6,2025,34.4,A,4.38,B,153.15,A,14.12,A,1.34,A,3.73,E,132.42,B
GUANAJA,7,2025,34.53,A,2.92,B,237.59,A,16.97,A,1.5,A,4.18,E,130.74,B
GUANAJA,8,2025,33.75,A,4.92,B,142.31,A,23.79,A,1.64,A,4.66,E,130.31,B
GUANAJA,9,2025,33.88,A,4.27,B,162.42,A,24.28,A,1.79,A,5.09,E,129.35,B
GUANAJA,10,2025,34.02,A,10.53,E,66.81,D,23.32,A,1.95,A,5.52,E,128.48,B
GUANAJA,11,2025,34.32,A,10.71,E,66.46,D,22.65,A,2.13,A,5.95,E,128.07,B
GUANAJA,12,2025,37.07,A,8.63,D,82.0,D,16.85,A,2.32,A,6.01,D,126.65,B
GUANAJA,1,2026,34.51,A,8.68,D,82.89,D,19.11,A,0.21,E,0.57,E,129.51,B
GUANAJA,2,2026,34.12,A,10.63,E,66.9,D,19.13,A,0.22,E,0.62,E,114.74,B
GUANAJA,3,2026,34.12,A,,,,,16.4,A,0.33,D,0.93,E,114.33,B
INVERSIONES HONDURAS,1,2019,0.0,E,9.19,D,0.0,E,,,0.02,E,,,101.64,C
INVERSIONES HONDURAS,2,2019,0.0,E,11.76,E,0.0,E,,,0.02,E,,,100.85,C
INVERSIONES HONDURAS,3,2019,0.0,E,10.79,E,0.0,E,,,0.08,E,,,102.18,C
INVERSIONES HONDURAS,4,2019,0.0,E,13.28,E,0.0,E,,,0.09,E,,,101.74,C
INVERSIONES HONDURAS,6,2019,0.0,E,8.01,D,0.0,E,,,0.11,E,,,101.53,C
INVERSIONES HONDURAS,7,2019,0.0,E,6.46,C,0.0,E,,,0.17,E,,,102.0,C
INVERSIONES HONDURAS,8,2019,0.0,E,5.87,C,0.0,E,,,0.19,E,,,102.02,C
INVERSIONES HONDURAS,9,2019,0.0,E,5.87,C,0.0,E,,,0.12,E,,,101.18,C
INVERSIONES HONDURAS,10,2019,0.0,E,8.08,D,0.0,E,,,0.16,E,,,101.38,C
INVERSIONES HONDURAS,11,2019,0.0,E,8.61,D,0.0,E,,,0.2,E,,,101.57,C
INVERSIONES HONDURAS,12,2019,0.0,E,4.37,B,0.0,E,,,0.09,E,,,100.71,C
INVERSIONES HONDURAS,1,2020,0.0,E,7.29,D,0.0,E,,,0.02,E,,,102.05,C
INVERSIONES HONDURAS,2,2020,0.0,E,6.35,C,0.0,E,,,0.05,E,,,102.06,C
INVERSIONES HONDURAS,3,2020,0.0,E,8.05,D,0.0,E,,,0.15,E,,,104.42,C
INVERSIONES HONDURAS,4,2020,0.0,E,11.35,E,0.0,E,,,0.23,E,,,105.21,C
INVERSIONES HONDURAS,5,2020,0.0,E,11.13,E,0.0,E,,,0.28,E,,,105.14,C
INVERSIONES HONDURAS,6,2020,0.0,E,8.14,D,0.0,E,,,0.25,E,,,103.75,C
INVERSIONES HONDURAS,7,2020,0.0,E,6.22,C,0.0,E,,,0.31,D,,,103.92,C
INVERSIONES HONDURAS,8,2020,0.0,E,6.7,C,0.0,E,,,0.37,D,,,104.09,C
INVERSIONES HONDURAS,9,2020,0.0,E,6.11,C,0.0,E,,,0.39,D,,,103.8,C
INVERSIONES HONDURAS,10,2020,0.0,E,3.27,B,0.0,E,,,0.42,D,,,103.67,C
INVERSIONES HONDURAS,11,2020,0.0,E,3.99,B,0.0,E,,,0.45,C,,,103.69,C
INVERSIONES HONDURAS,12,2020,0.0,E,9.18,D,0.0,E,,,0.18,E,,,101.32,C
INVERSIONES HONDURAS,1,2021,0.0,E,9.74,D,0.0,E,,,0.04,E,,,103.63,C
INVERSIONES HONDURAS,2,2021,0.0,E,6.62,C,0.0,E,,,0.22,E,,,109.86,C
INVERSIONES HONDURAS,3,2021,0.0,E,7.52,D,0.0,E,,,0.26,E,,,107.92,C
INVERSIONES HONDURAS,4,2021,0.0,E,6.62,C,0.0,E,,,0.42,D,,,109.56,C
INVERSIONES HONDURAS,5,2021,0.0,E,4.28,B,0.0,E,,,0.5,B,,,109.3,C
INVERSIONES HONDURAS,6,2021,0.0,E,4.37,B,0.0,E,,,0.49,C,,,107.47,C
INVERSIONES HONDURAS,7,2021,0.0,E,4.67,B,0.0,E,,,0.54,B,,,107.05,C
INVERSIONES HONDURAS,8,2021,0.0,E,5.23,C,0.0,E,,,0.62,B,,,106.74,C
INVERSIONES HONDURAS,9,2021,0.0,E,4.95,B,0.0,E,,,0.64,B,,,106.35,C
INVERSIONES HONDURAS,10,2021,0.0,E,5.01,C,0.0,E,,,0.67,A,,,106.12,C
INVERSIONES HONDURAS,11,2021,0.0,E,4.17,B,0.0,E,,,0.72,A,,,105.97,C
INVERSIONES HONDURAS,12,2021,0.0,E,4.12,B,0.0,E,,,0.26,E,,,101.94,C
INVERSIONES HONDURAS,1,2022,0.0,E,4.55,B,0.0,E,,,0.05,E,,,105.03,C
INVERSIONES HONDURAS,2,2022,0.0,E,5.02,C,0.0,E,,,0.06,E,,,102.95,C
INVERSIONES HONDURAS,3,2022,0.0,E,6.58,C,0.0,E,,,0.05,E,,,101.59,C
INVERSIONES HONDURAS,4,2022,0.0,E,5.29,C,0.0,E,,,0.05,E,,,101.21,C
INVERSIONES HONDURAS,5,2022,0.0,E,5.42,C,0.0,E,,,0.05,E,,,100.96,C
INVERSIONES HONDURAS,6,2022,0.0,E,5.01,C,0.0,E,,,0.05,E,,,100.81,C
INVERSIONES HONDURAS,7,2022,0.0,E,5.26,C,0.0,E,,,0.08,E,,,101.14,C
INVERSIONES HONDURAS,8,2022,0.0,E,5.23,C,0.0,E,,,0.16,E,,,102.03,C
INVERSIONES HONDURAS,9,2022,0.0,E,3.86,B,0.0,E,,,0.25,E,,,102.79,C
INVERSIONES HONDURAS,10,2022,0.0,E,4.96,B,0.0,E,,,0.29,E,,,102.93,C
INVERSIONES HONDURAS,11,2022,0.0,E,4.67,B,0.0,E,,,0.3,E,,,102.68,C
INVERSIONES HONDURAS,12,2022,0.0,E,4.05,B,0.0,E,,,0.1,E,,,100.81,C
INVERSIONES HONDURAS,1,2023,0.0,E,3.21,B,0.0,E,,,0.06,E,,,106.11,C
INVERSIONES HONDURAS,2,2023,0.0,E,3.16,B,0.0,E,,,0.11,E,,,105.64,C
INVERSIONES HONDURAS,3,2023,0.0,E,3.15,B,0.0,E,,,0.13,E,,,104.39,C
INVERSIONES HONDURAS,4,2023,0.0,E,3.77,B,0.0,E,,,0.1,E,,,102.41,C
INVERSIONES HONDURAS,5,2023,0.0,E,3.49,B,0.0,E,,,1.22,A,,,122.56,B
INVERSIONES HONDURAS,6,2023,0.0,E,4.18,B,0.0,E,,,1.26,A,,,120.26,B
INVERSIONES HONDURAS,7,2023,0.0,E,2.16,A,0.0,E,,,1.51,A,,,120.73,B
INVERSIONES HONDURAS,8,2023,0.0,E,2.11,A,0.0,E,,,1.54,A,,,118.48,B
INVERSIONES HONDURAS,9,2023,0.0,E,2.13,A,0.0,E,,,1.67,A,,,117.95,B
INVERSIONES HONDURAS,10,2023,0.0,E,2.25,A,0.0,E,,,1.74,A,,,117.41,B
INVERSIONES HONDURAS,11,2023,0.0,E,1.74,A,0.0,E,,,1.84,A,,,116.65,B
INVERSIONES HONDURAS,12,2023,0.0,E,1.14,A,0.0,E,,,0.4,D,,,102.95,C
INVERSIONES HONDURAS,1,2024,0.0,E,1.55,A,0.0,E,,,0.24,E,,,125.29,B
INVERSIONES HONDURAS,2,2024,0.0,E,1.33,A,0.0,E,,,0.43,C,,,123.07,B
INVERSIONES HONDURAS,3,2024,45.9,A,1.53,A,127.62,B,22.36,A,0.53,B,1.14,E,121.31,B
INVERSIONES HONDURAS,4,2024,41.92,A,2.47,A,80.27,D,16.5,A,0.68,A,1.6,E,119.63,B
INVERSIONES HONDURAS,5,2024,41.73,A,2.45,A,81.05,D,18.01,A,0.76,A,1.81,E,117.74,B
INVERSIONES HONDURAS,6,2024,42.4,A,3.15,B,64.95,D,16.56,A,0.88,A,2.04,E,116.67,B
INVERSIONES HONDURAS,7,2024,41.89,A,2.79,B,71.98,D,18.46,A,0.98,A,2.29,E,116.09,B
INVERSIONES HONDURAS,8,2024,41.95,A,2.48,A,79.63,D,15.8,A,1.11,A,2.61,E,116.13,B
INVERSIONES HONDURAS,9,2024,41.97,A,1.98,A,101.05,B,15.83,A,1.36,A,3.2,E,117.56,B
INVERSIONES HONDURAS,10,2024,41.79,A,1.73,A,114.43,B,13.94,A,1.55,A,3.66,E,118.18,B
INVERSIONES HONDURAS,11,2024,42.64,A,2.19,A,91.02,C,12.79,A,1.78,A,4.11,E,118.62,B
INVERSIONES HONDURAS,12,2024,43.81,A,3.86,B,52.53,E,8.3,C,0.8,A,1.8,E,106.67,C
INVERSIONES HONDURAS,1,2025,43.44,A,5.5,C,38.11,E,9.49,B,0.17,E,0.37,E,117.74,B
INVERSIONES HONDURAS,2,2025,43.19,A,7.29,D,29.37,E,11.12,B,0.27,E,0.62,E,114.93,B
INVERSIONES HONDURAS,3,2025,42.91,A,7.99,D,24.5,E,16.39,A,0.39,D,0.89,E,114.13,B
INVERSIONES HONDURAS,4,2025,43.35,A,8.72,D,23.57,E,17.01,A,0.53,B,1.2,E,114.4,B
INVERSIONES HONDURAS,5,2025,43.74,A,8.14,D,26.35,E,22.05,A,0.67,A,1.5,E,114.71,B
INVERSIONES HONDURAS,6,2025,43.95,A,7.85,D,28.69,E,25.61,A,0.81,A,1.81,E,114.82,B
INVERSIONES HONDURAS,7,2025,41.65,A,7.66,D,30.06,E,19.78,A,0.99,A,2.33,E,115.12,B
INVERSIONES HONDURAS,8,2025,42.39,A,6.37,C,36.2,E,17.8,A,1.08,A,2.51,E,114.31,B
INVERSIONES HONDURAS,9,2025,42.08,A,7.82,D,25.86,E,19.69,A,1.19,A,2.8,E,114.08,B
INVERSIONES HONDURAS,10,2025,41.88,A,8.24,D,25.15,E,22.61,A,1.29,A,3.03,E,113.87,B
INVERSIONES HONDURAS,11,2025,42.32,A,10.17,E,20.73,E,19.76,A,1.44,A,3.35,E,113.97,B
INVERSIONES HONDURAS,12,2025,42.32,A,7.21,D,31.74,E,26.81,A,0.63,B,1.47,E,105.11,C
INVERSIONES HONDURAS,1,2026,42.94,A,6.38,C,37.11,E,22.68,A,0.11,E,0.25,E,111.23,B
INVERSIONES HONDURAS,2,2026,42.97,A,8.74,D,26.89,E,21.58,A,0.19,E,0.43,E,109.78,C
INVERSIONES HONDURAS,3,2026,42.32,A,,,,,24.5,A,0.28,E,0.66,E,109.97,C
JUTICALPA,1,2019,0.0,E,9.7,D,0.0,E,,,0.33,D,,,145.39,A
JUTICALPA,2,2019,0.0,E,10.39,E,0.0,E,,,0.71,A,,,148.99,A
JUTICALPA,3,2019,0.0,E,10.64,E,0.0,E,,,0.84,A,,,134.76,B
JUTICALPA,4,2019,0.0,E,9.92,D,0.0,E,,,0.46,C,,,111.85,B
JUTICALPA,5,2019,0.0,E,10.27,E,0.0,E,,,0.6,B,,,112.1,B
JUTICALPA,6,2019,0.0,E,21.15,E,0.0,E,,,0.83,A,,,114.76,B
JUTICALPA,7,2019,0.0,E,21.7,E,0.0,E,,,1.18,A,,,118.46,B
JUTICALPA,8,2019,0.0,E,20.36,E,0.0,E,,,1.5,A,,,120.86,B
JUTICALPA,9,2019,0.0,E,18.55,E,0.0,E,,,1.68,A,,,121.03,B
JUTICALPA,10,2019,0.0,E,21.03,E,0.0,E,,,1.81,A,,,120.99,B
JUTICALPA,11,2019,0.0,E,21.44,E,0.0,E,,,2.0,A,,,121.46,B
JUTICALPA,12,2019,0.0,E,20.17,E,0.0,E,,,2.95,A,,,128.94,B
JUTICALPA,1,2020,0.0,E,21.56,E,0.0,E,,,0.32,D,,,143.61,A
JUTICALPA,2,2020,0.0,E,20.33,E,0.0,E,,,0.65,B,,,142.58,B
JUTICALPA,3,2020,0.0,E,42.02,E,0.0,E,,,0.9,A,,,139.56,B
JUTICALPA,5,2020,0.0,E,10.33,E,0.0,E,,,1.51,A,,,141.75,B
JUTICALPA,6,2020,0.0,E,14.42,E,0.0,E,,,1.56,A,,,135.47,B
JUTICALPA,7,2020,0.0,E,18.19,E,0.0,E,,,1.67,A,,,132.57,B
JUTICALPA,8,2020,0.0,E,16.74,E,0.0,E,,,1.92,A,,,133.43,B
JUTICALPA,9,2020,0.0,E,14.51,E,0.0,E,,,2.12,A,,,133.52,B
JUTICALPA,10,2020,0.0,E,11.09,E,0.0,E,,,2.4,A,,,134.63,B
JUTICALPA,11,2020,0.0,E,9.26,D,0.0,E,,,2.65,A,,,135.45,B
JUTICALPA,12,2020,0.0,E,5.82,C,0.0,E,,,1.89,A,,,120.77,B
JUTICALPA,1,2021,0.0,E,5.61,C,0.0,E,,,0.66,A,,,211.46,A
JUTICALPA,2,2021,0.0,E,4.78,B,0.0,E,,,0.96,A,,,178.77,A
JUTICALPA,3,2021,0.0,E,5.44,C,0.0,E,,,1.21,A,,,165.14,A
JUTICALPA,4,2021,0.0,E,5.04,C,0.0,E,,,1.33,A,,,152.7,A
JUTICALPA,5,2021,0.0,E,5.59,C,0.0,E,,,1.57,A,,,149.13,A
JUTICALPA,6,2021,0.0,E,5.37,C,0.0,E,,,1.57,A,,,138.71,B
JUTICALPA,7,2021,0.0,E,5.19,C,0.0,E,,,1.8,A,,,138.3,B
JUTICALPA,8,2021,0.0,E,4.73,B,0.0,E,,,2.02,A,,,138.48,B
JUTICALPA,9,2021,0.0,E,4.67,B,0.0,E,,,2.2,A,,,137.44,B
JUTICALPA,10,2021,0.0,E,4.85,B,0.0,E,,,2.36,A,,,136.59,B
JUTICALPA,11,2021,0.0,E,4.9,B,0.0,E,,,2.31,A,,,132.4,B
JUTICALPA,12,2021,0.0,E,4.39,B,0.0,E,,,1.91,A,,,122.61,B
JUTICALPA,1,2022,0.0,E,4.61,B,0.0,E,,,0.25,E,,,140.7,B
JUTICALPA,2,2022,0.0,E,4.34,B,0.0,E,,,0.48,C,,,141.15,B
JUTICALPA,3,2022,0.0,E,4.58,B,0.0,E,,,0.58,B,,,130.77,B
JUTICALPA,4,2022,0.0,E,4.85,B,0.0,E,,,0.53,B,,,119.69,B
JUTICALPA,5,2022,0.0,E,4.81,B,0.0,E,,,0.46,C,,,112.84,B
JUTICALPA,6,2022,0.0,E,4.75,B,0.0,E,,,0.61,B,,,114.73,B
JUTICALPA,7,2022,0.0,E,4.27,B,0.0,E,,,0.8,A,,,116.95,B
JUTICALPA,8,2022,0.0,E,4.13,B,0.0,E,,,1.03,A,,,119.28,B
JUTICALPA,9,2022,0.0,E,3.98,B,0.0,E,,,1.27,A,,,121.1,B
JUTICALPA,10,2022,0.0,E,4.04,B,0.0,E,,,1.46,A,,,122.78,B
JUTICALPA,11,2022,0.0,E,3.81,B,0.0,E,,,1.66,A,,,124.21,B
JUTICALPA,12,2022,0.0,E,3.51,B,0.0,E,,,1.38,A,,,117.4,B
JUTICALPA,1,2023,0.0,E,3.56,B,0.0,E,,,0.26,E,,,146.06,A
JUTICALPA,2,2023,0.0,E,3.65,B,0.0,E,,,0.54,B,,,147.94,A
JUTICALPA,3,2023,0.0,E,3.67,B,0.0,E,,,0.8,A,,,146.67,A
JUTICALPA,4,2023,0.0,E,3.68,B,0.0,E,,,1.08,A,,,147.66,A
JUTICALPA,5,2023,0.0,E,3.41,B,0.0,E,,,1.33,A,,,142.41,B
JUTICALPA,6,2023,0.0,E,3.41,B,0.0,E,,,1.52,A,,,140.49,B
JUTICALPA,7,2023,0.0,E,3.4,B,0.0,E,,,1.77,A,,,140.22,B
JUTICALPA,8,2023,0.0,E,3.31,B,0.0,E,,,2.07,A,,,141.33,B
JUTICALPA,9,2023,0.0,E,3.13,B,0.0,E,,,2.34,A,,,142.25,B
JUTICALPA,10,2023,0.0,E,3.03,B,0.0,E,,,2.51,A,,,140.66,B
JUTICALPA,11,2023,0.0,E,3.15,B,0.0,E,,,2.54,A,,,136.45,B
JUTICALPA,12,2023,0.0,E,3.29,B,0.0,E,,,2.24,A,,,127.04,B
JUTICALPA,1,2024,0.0,E,3.65,B,0.0,E,,,0.21,E,,,130.18,B
JUTICALPA,2,2024,0.0,E,3.5,B,0.0,E,,,0.46,C,,,134.8,B
JUTICALPA,3,2024,34.58,A,3.89,B,90.07,C,16.5,A,0.65,A,1.84,E,133.12,B
JUTICALPA,4,2024,34.67,A,3.91,B,89.26,C,15.44,A,0.73,A,2.04,E,126.48,B
JUTICALPA,5,2024,34.86,A,3.55,B,96.91,C,14.33,A,0.88,A,2.45,E,125.23,B
JUTICALPA,6,2024,35.01,A,3.33,B,102.05,B,13.2,A,1.12,A,3.12,E,127.15,B
JUTICALPA,7,2024,35.3,A,3.47,B,96.23,C,11.21,B,1.36,A,3.76,E,128.41,B
JUTICALPA,8,2024,35.33,A,3.51,B,94.76,C,14.74,A,1.48,A,4.09,E,126.81,B
JUTICALPA,9,2024,35.51,A,3.54,B,93.38,C,13.67,A,1.61,A,4.43,E,126.02,B
JUTICALPA,10,2024,35.92,A,3.48,B,95.58,C,14.18,A,1.83,A,4.98,E,126.58,B
JUTICALPA,11,2024,36.34,A,3.58,B,92.92,C,13.23,A,2.1,A,5.64,E,127.78,B
JUTICALPA,12,2024,36.48,A,3.54,B,92.38,C,13.05,A,1.74,A,4.66,E,119.76,B
JUTICALPA,1,2025,35.8,A,3.54,B,93.05,C,14.84,A,0.21,E,0.56,E,128.03,B
JUTICALPA,2,2025,35.29,A,3.66,B,88.82,C,15.5,A,0.4,D,1.11,E,127.0,B
JUTICALPA,3,2025,35.07,A,3.96,B,81.41,D,16.65,A,0.22,E,0.62,E,108.56,C
JUTICALPA,4,2025,34.78,A,4.11,B,79.16,D,19.12,A,0.33,D,0.92,E,109.63,C
JUTICALPA,5,2025,34.63,A,3.92,B,82.95,D,20.81,A,0.56,B,1.57,E,113.77,B
JUTICALPA,6,2025,34.51,A,3.89,B,81.29,D,21.51,A,0.75,A,2.12,E,115.97,B
JUTICALPA,7,2025,34.3,A,4.11,B,77.04,D,23.26,A,0.99,A,2.83,E,118.91,B
JUTICALPA,8,2025,34.05,A,4.04,B,77.26,D,23.33,A,1.3,A,3.74,E,122.44,B
JUTICALPA,9,2025,34.36,A,3.92,B,80.01,D,24.17,A,1.48,A,4.21,E,122.88,B
JUTICALPA,10,2025,34.32,A,4.06,B,77.56,D,24.79,A,1.57,A,4.47,E,121.76,B
JUTICALPA,11,2025,34.2,A,3.99,B,79.03,D,24.95,A,1.81,A,5.17,E,123.24,B
JUTICALPA,12,2025,33.76,A,4.11,B,79.08,D,21.81,A,1.13,A,3.26,E,111.91,B
JUTICALPA,1,2026,32.24,A,4.13,B,79.36,D,24.92,A,0.18,E,0.56,E,125.21,B
JUTICALPA,2,2026,32.22,A,4.42,B,74.74,D,26.06,A,0.36,D,1.08,E,124.88,B
JUTICALPA,3,2026,31.88,A,,,,,29.17,A,0.53,B,1.62,E,125.01,B
LA GUADALUPE,1,2019,0.0,E,0.0,A,,,,,0.12,E,,,115.0,B
LA GUADALUPE,2,2019,0.0,E,10.94,E,0.0,E,,,0.24,E,,,114.49,B
LA GUADALUPE,3,2019,0.0,E,11.52,E,0.0,E,,,0.36,D,,,113.7,B
LA GUADALUPE,4,2019,0.0,E,12.91,E,0.0,E,,,0.32,D,,,108.5,C
LA GUADALUPE,5,2019,0.0,E,12.21,E,0.0,E,,,0.4,D,,,108.37,C
LA GUADALUPE,6,2019,0.0,E,10.94,E,0.0,E,,,0.51,B,,,108.63,C
LA GUADALUPE,7,2019,0.0,E,14.61,E,0.0,E,,,0.58,B,,,108.67,C
LA GUADALUPE,8,2019,0.0,E,14.93,E,0.0,E,,,0.81,A,,,110.79,B
LA GUADALUPE,9,2019,0.0,E,14.82,E,0.0,E,,,1.46,A,,,117.16,B
LA GUADALUPE,10,2019,0.0,E,14.76,E,0.0,E,,,1.6,A,,,116.89,B
LA GUADALUPE,11,2019,0.0,E,14.6,E,0.0,E,,,1.83,A,,,117.78,B
LA GUADALUPE,12,2019,0.0,E,6.93,C,0.0,E,,,1.02,A,,,108.45,C
LA GUADALUPE,1,2020,0.0,E,9.41,D,0.0,E,,,0.3,E,,,139.01,B
LA GUADALUPE,2,2020,0.0,E,10.27,E,0.0,E,,,0.42,D,,,125.24,B
LA GUADALUPE,3,2020,0.0,E,13.59,E,0.0,E,,,0.58,B,,,123.07,B
LA GUADALUPE,4,2020,0.0,E,7.85,D,0.0,E,,,0.65,A,,,119.63,B
LA GUADALUPE,5,2020,0.0,E,10.95,E,0.0,E,,,0.92,A,,,121.29,B
LA GUADALUPE,6,2020,0.0,E,16.87,E,0.0,E,,,0.65,B,,,112.24,B
LA GUADALUPE,7,2020,0.0,E,19.73,E,0.0,E,,,0.56,B,,,109.2,C
LA GUADALUPE,8,2020,0.0,E,20.76,E,0.0,E,,,0.58,B,,,108.53,C
LA GUADALUPE,9,2020,0.0,E,17.28,E,0.0,E,,,0.41,D,,,105.55,C
LA GUADALUPE,10,2020,0.0,E,14.12,E,0.0,E,,,0.96,A,,,111.7,B
LA GUADALUPE,11,2020,0.0,E,12.01,E,0.0,E,,,1.14,A,,,112.67,B
LA GUADALUPE,12,2020,0.0,E,8.29,D,0.0,E,,,1.0,A,,,109.76,C
LA GUADALUPE,1,2021,0.0,E,8.05,D,0.0,E,,,0.28,E,,,139.58,B
LA GUADALUPE,2,2021,0.0,E,8.36,D,0.0,E,,,0.33,D,,,119.42,B
LA GUADALUPE,3,2021,0.0,E,7.93,D,0.0,E,,,0.47,C,,,118.24,B
LA GUADALUPE,4,2021,0.0,E,7.95,D,0.0,E,,,0.63,B,,,118.3,B
LA GUADALUPE,5,2021,0.0,E,8.76,D,0.0,E,,,0.77,A,,,118.11,B
LA GUADALUPE,6,2021,0.0,E,7.5,D,0.0,E,,,1.12,A,,,122.82,B
LA GUADALUPE,7,2021,0.0,E,7.35,D,0.0,E,,,1.43,A,,,125.65,B
LA GUADALUPE,8,2021,0.0,E,8.3,D,0.0,E,,,1.66,A,,,126.44,B
LA GUADALUPE,9,2021,0.0,E,7.68,D,0.0,E,,,1.93,A,,,127.89,B
LA GUADALUPE,10,2021,0.0,E,7.68,D,0.0,E,,,2.17,A,,,128.66,B
LA GUADALUPE,11,2021,0.0,E,7.09,D,0.0,E,,,2.35,A,,,128.07,B
LA GUADALUPE,12,2021,0.0,E,5.29,C,0.0,E,,,1.43,A,,,113.95,B
LA GUADALUPE,1,2022,0.0,E,6.3,C,0.0,E,,,0.28,E,,,145.22,A
LA GUADALUPE,2,2022,0.0,E,7.07,D,0.0,E,,,0.32,D,,,120.74,B
LA GUADALUPE,3,2022,0.0,E,6.39,C,0.0,E,,,0.53,B,,,122.96,B
LA GUADALUPE,4,2022,0.0,E,6.64,C,0.0,E,,,0.61,B,,,119.35,B
LA GUADALUPE,5,2022,0.0,E,6.57,C,0.0,E,,,0.7,A,,,118.25,B
LA GUADALUPE,6,2022,0.0,E,5.94,C,0.0,E,,,0.89,A,,,119.44,B
LA GUADALUPE,7,2022,0.0,E,6.07,C,0.0,E,,,1.03,A,,,119.59,B
LA GUADALUPE,8,2022,0.0,E,5.76,C,0.0,E,,,1.2,A,,,120.14,B
LA GUADALUPE,9,2022,0.0,E,5.97,C,0.0,E,,,1.32,A,,,119.81,B
LA GUADALUPE,10,2022,0.0,E,6.21,C,0.0,E,,,1.46,A,,,119.9,B
LA GUADALUPE,11,2022,0.0,E,5.77,C,0.0,E,,,1.63,A,,,120.35,B
LA GUADALUPE,12,2022,0.0,E,4.22,B,0.0,E,,,1.38,A,,,114.88,B
LA GUADALUPE,1,2023,0.0,E,4.06,B,0.0,E,,,0.25,E,,,138.28,B
LA GUADALUPE,2,2023,0.0,E,3.82,B,0.0,E,,,0.42,D,,,131.63,B
LA GUADALUPE,3,2023,0.0,E,4.67,B,0.0,E,,,0.43,C,,,119.54,B
LA GUADALUPE,4,2023,0.0,E,5.1,C,0.0,E,,,0.49,C,,,116.06,B
LA GUADALUPE,5,2023,0.0,E,5.71,C,0.0,E,,,0.59,B,,,115.68,B
LA GUADALUPE,6,2023,0.0,E,5.79,C,0.0,E,,,0.75,A,,,116.74,B
LA GUADALUPE,7,2023,0.0,E,5.17,C,0.0,E,,,0.91,A,,,117.63,B
LA GUADALUPE,8,2023,0.0,E,4.78,B,0.0,E,,,1.05,A,,,117.84,B
LA GUADALUPE,9,2023,0.0,E,5.0,B,0.0,E,,,1.27,A,,,119.24,B
LA GUADALUPE,10,2023,0.0,E,5.6,C,0.0,E,,,1.4,A,,,119.35,B
LA GUADALUPE,11,2023,0.0,E,4.73,B,0.0,E,,,1.55,A,,,119.6,B
LA GUADALUPE,12,2023,0.0,E,4.8,B,0.0,E,,,1.17,A,,,112.7,B
LA GUADALUPE,1,2024,0.0,E,5.19,C,0.0,E,,,0.23,E,,,134.16,B
LA GUADALUPE,2,2024,0.0,E,5.9,C,0.0,E,,,0.35,D,,,124.33,B
LA GUADALUPE,3,2024,44.87,A,6.19,C,81.89,D,8.35,C,0.39,D,0.83,E,118.07,B
LA GUADALUPE,4,2024,44.49,A,5.72,C,88.88,C,9.85,B,0.44,C,0.95,E,115.21,B
LA GUADALUPE,5,2024,44.63,A,5.69,C,89.02,C,8.32,C,0.49,C,1.06,E,113.43,B
LA GUADALUPE,6,2024,44.45,A,5.88,C,86.55,C,8.8,C,0.61,B,1.31,E,114.04,B
LA GUADALUPE,7,2024,45.16,A,5.81,C,86.93,C,7.99,C,0.74,A,1.57,E,114.51,B
LA GUADALUPE,8,2024,45.3,A,5.74,C,87.19,C,6.52,D,0.85,A,1.82,E,114.77,B
LA GUADALUPE,9,2024,45.46,A,6.07,C,82.75,D,5.82,D,1.05,A,2.21,E,116.09,B
LA GUADALUPE,10,2024,45.8,A,6.22,C,81.16,D,5.19,E,1.16,A,2.44,E,116.09,B
LA GUADALUPE,11,2024,46.15,A,6.15,C,82.05,D,5.36,E,1.41,A,2.94,E,117.77,B
LA GUADALUPE,12,2024,46.12,A,5.31,C,96.58,C,5.81,D,1.16,A,2.41,E,112.58,B
LA GUADALUPE,1,2025,46.28,A,5.77,C,89.6,C,6.2,D,0.22,E,0.45,E,133.0,B
LA GUADALUPE,2,2025,46.35,A,6.07,C,85.31,C,7.93,C,0.36,D,0.74,E,125.57,B
LA GUADALUPE,3,2025,46.11,A,6.25,C,83.11,D,8.32,C,0.42,D,0.87,E,118.63,B
LA GUADALUPE,4,2025,46.23,A,6.18,C,84.71,D,8.63,C,0.48,C,0.99,E,115.46,B
LA GUADALUPE,5,2025,46.16,A,6.74,C,78.51,D,9.98,B,0.61,B,1.27,E,115.89,B
LA GUADALUPE,6,2025,45.93,A,6.99,C,75.77,D,10.76,B,0.7,A,1.46,E,115.25,B
LA GUADALUPE,7,2025,45.57,A,6.33,C,84.31,D,13.54,A,0.84,A,1.78,E,115.81,B
LA GUADALUPE,8,2025,45.62,A,6.26,C,84.39,D,12.6,A,1.05,A,2.22,E,117.54,B
LA GUADALUPE,9,2025,45.72,A,5.81,C,91.79,C,11.53,B,1.26,A,2.64,E,118.8,B
LA GUADALUPE,10,2025,45.78,A,5.22,C,103.22,B,13.32,A,1.46,A,3.07,E,120.01,B
LA GUADALUPE,11,2025,46.19,A,5.07,C,103.62,B,10.6,B,1.68,A,3.49,E,121.09,B
LA GUADALUPE,12,2025,45.71,A,5.06,C,107.15,B,11.95,A,1.34,A,2.8,E,114.57,B
LA GUADALUPE,1,2026,45.8,A,5.89,C,91.97,C,12.14,A,0.27,E,0.56,E,144.43,A
LA GUADALUPE,2,2026,45.23,A,6.05,C,89.32,C,13.68,A,0.4,D,0.86,E,130.52,B
LA GUADALUPE,3,2026,44.49,A,,,,,15.18,A,0.54,B,1.16,E,125.37,B
MARIA CLARET,3,2026,21.48,A,,,,,10.36,B,0.18,E,0.79,E,105.38,C
MARIA CLARET,1,2019,0.0,E,34.64,E,0.0,E,,,-0.11,E,,,90.62,D
MARIA CLARET,2,2019,0.0,E,39.15,E,0.0,E,,,-0.12,E,,,95.02,C
MARIA CLARET,3,2019,0.0,E,39.79,E,0.0,E,,,-0.13,E,,,96.48,C
MARIA CLARET,4,2019,0.0,E,31.96,E,0.0,E,,,-0.03,E,,,99.3,C
MARIA CLARET,5,2019,0.0,E,65.94,E,0.0,E,,,0.54,B,,,108.34,C
MARIA CLARET,6,2019,0.0,E,31.96,E,0.0,E,,,-0.19,E,,,97.57,C
MARIA CLARET,7,2019,0.0,E,30.15,E,0.0,E,,,0.03,E,,,100.36,C
MARIA CLARET,8,2019,0.0,E,29.1,E,0.0,E,,,0.05,E,,,100.44,C
MARIA CLARET,9,2019,0.0,E,29.36,E,0.0,E,,,0.29,E,,,102.54,C
MARIA CLARET,10,2019,0.0,E,34.45,E,0.0,E,,,0.08,E,,,100.65,C
MARIA CLARET,11,2019,0.0,E,36.5,E,0.0,E,,,0.18,E,,,101.3,C
MARIA CLARET,12,2019,0.0,E,27.26,E,0.0,E,,,0.18,E,,,101.02,C
MARIA CLARET,1,2020,0.0,E,34.79,E,0.0,E,,,-0.07,E,,,94.46,C
MARIA CLARET,2,2020,0.0,E,31.28,E,0.0,E,,,-0.17,E,,,93.8,C
MARIA CLARET,3,2020,0.0,E,45.72,E,0.0,E,,,-0.53,E,,,87.04,D
MARIA CLARET,4,2020,0.0,E,63.97,E,0.0,E,,,0.51,B,,,109.71,C
MARIA CLARET,5,2020,0.0,E,65.94,E,0.0,E,,,0.54,B,,,108.34,C
MARIA CLARET,6,2020,0.0,E,65.94,E,0.0,E,,,0.54,B,,,108.34,C
MARIA CLARET,7,2020,0.0,E,48.92,E,0.0,E,,,0.03,E,,,100.39,C
MARIA CLARET,8,2020,0.0,E,46.73,E,0.0,E,,,0.38,D,,,104.01,C
MARIA CLARET,9,2020,0.0,E,37.15,E,0.0,E,,,0.74,A,,,107.23,C
MARIA CLARET,10,2020,0.0,E,31.17,E,0.0,E,,,0.45,C,,,103.79,C
MARIA CLARET,11,2020,0.0,E,35.58,E,0.0,E,,,0.45,C,,,103.54,C
MARIA CLARET,12,2020,0.0,E,15.15,E,0.0,E,,,0.13,E,,,100.91,C
MARIA CLARET,1,2021,0.0,E,21.68,E,0.0,E,,,0.11,E,,,109.3,C
MARIA CLARET,2,2021,0.0,E,28.2,E,0.0,E,,,0.28,E,,,112.48,B
MARIA CLARET,3,2021,0.0,E,21.26,E,0.0,E,,,0.34,D,,,109.63,C
MARIA CLARET,4,2021,0.0,E,21.57,E,0.0,E,,,0.4,D,,,108.55,C
MARIA CLARET,5,2021,0.0,E,25.9,E,0.0,E,,,0.45,C,,,107.59,C
MARIA CLARET,6,2021,0.0,E,25.75,E,0.0,E,,,0.3,E,,,104.15,C
MARIA CLARET,7,2021,0.0,E,26.47,E,0.0,E,,,0.35,D,,,104.18,C
MARIA CLARET,9,2021,0.0,E,19.71,E,0.0,E,,,0.44,C,,,104.33,C
MARIA CLARET,10,2021,0.0,E,19.71,E,0.0,E,,,0.44,C,,,104.33,C
MARIA CLARET,11,2021,0.0,E,25.37,E,0.0,E,,,0.52,B,,,104.25,C
MARIA CLARET,12,2021,0.0,E,17.29,E,0.0,E,,,0.53,B,,,103.96,C
MARIA CLARET,1,2022,0.0,E,21.86,E,0.0,E,,,0.06,E,,,105.73,C
MARIA CLARET,2,2022,0.0,E,23.41,E,0.0,E,,,0.13,E,,,106.33,C
MARIA CLARET,3,2022,0.0,E,21.58,E,0.0,E,,,0.17,E,,,105.47,C
MARIA CLARET,4,2022,0.0,E,17.17,E,0.0,E,,,0.2,E,,,104.93,C
MARIA CLARET,5,2022,0.0,E,20.16,E,0.0,E,,,0.24,E,,,104.67,C
MARIA CLARET,6,2022,0.0,E,17.98,E,0.0,E,,,0.26,E,,,104.37,C
MARIA CLARET,7,2022,0.0,E,19.18,E,0.0,E,,,0.29,E,,,104.11,C
MARIA CLARET,8,2022,0.0,E,20.31,E,0.0,E,,,0.32,D,,,104.07,C
MARIA CLARET,9,2022,0.0,E,22.13,E,0.0,E,,,0.32,D,,,103.69,C
MARIA CLARET,10,2022,0.0,E,23.89,E,0.0,E,,,0.34,D,,,103.4,C
MARIA CLARET,11,2022,0.0,E,25.53,E,0.0,E,,,0.36,D,,,103.32,C
MARIA CLARET,12,2022,0.0,E,23.41,E,0.0,E,,,0.24,E,,,102.01,C
MARIA CLARET,1,2023,0.0,E,22.76,E,0.0,E,,,0.01,E,,,100.72,C
MARIA CLARET,2,2023,0.0,E,23.75,E,0.0,E,,,0.02,E,,,100.95,C
MARIA CLARET,3,2023,0.0,E,22.56,E,0.0,E,,,0.03,E,,,100.85,C
MARIA CLARET,4,2023,0.0,E,1.61,A,0.0,E,,,0.01,E,,,100.3,C
MARIA CLARET,5,2023,0.0,E,1.44,A,0.0,E,,,0.13,E,,,102.22,C
MARIA CLARET,6,2023,0.0,E,1.71,A,0.0,E,,,-0.88,E,,,88.69,D
MARIA CLARET,7,2023,0.0,E,1.67,A,0.0,E,,,-0.98,E,,,89.07,D
MARIA CLARET,8,2023,0.0,E,1.99,A,0.0,E,,,-1.1,E,,,89.19,D
MARIA CLARET,9,2023,0.0,E,2.14,A,0.0,E,,,-0.06,E,,,99.47,C
MARIA CLARET,10,2023,0.0,E,1.85,A,0.0,E,,,-0.16,E,,,98.73,C
MARIA CLARET,11,2023,0.0,E,2.11,A,0.0,E,,,-0.26,E,,,98.08,C
MARIA CLARET,12,2023,0.0,E,1.55,A,0.0,E,,,0.13,E,,,100.93,C
MARIA CLARET,1,2024,0.0,E,1.36,A,0.0,E,,,0.02,E,,,101.92,C
MARIA CLARET,2,2024,0.0,E,1.62,A,0.0,E,,,0.06,E,,,102.82,C
MARIA CLARET,3,2024,25.31,A,2.05,A,273.23,A,8.33,C,0.07,E,0.27,E,102.3,C
MARIA CLARET,4,2024,25.1,A,2.01,A,279.79,A,9.52,B,0.09,E,0.33,E,102.11,C
MARIA CLARET,5,2024,24.62,A,2.39,A,235.23,A,12.42,A,0.09,E,0.37,E,101.88,C
MARIA CLARET,6,2024,24.59,A,1.74,A,319.19,A,10.18,B,0.11,E,0.43,E,101.82,C
MARIA CLARET,7,2024,24.29,A,1.17,A,462.35,A,10.35,B,0.13,E,0.5,E,101.77,C
MARIA CLARET,8,2024,24.36,A,1.16,A,459.68,A,8.09,C,0.18,E,0.7,E,102.13,C
MARIA CLARET,9,2024,23.99,A,2.05,A,257.93,A,10.04,B,0.2,E,0.81,E,102.23,C
MARIA CLARET,10,2024,24.11,A,2.5,B,211.78,A,10.29,B,0.23,E,0.91,E,102.26,C
MARIA CLARET,11,2024,23.66,A,1.9,A,278.37,A,8.26,C,0.21,E,0.85,E,101.9,C
MARIA CLARET,12,2024,23.58,A,1.38,A,379.66,A,9.26,B,0.21,E,0.87,E,101.75,C
MARIA CLARET,1,2025,23.56,A,1.32,A,407.51,A,12.75,A,0.03,E,0.14,E,103.28,C
MARIA CLARET,2,2025,23.62,A,1.3,A,425.93,A,12.66,A,0.07,E,0.27,E,103.09,C
MARIA CLARET,3,2025,23.83,A,1.2,A,460.2,A,9.9,B,0.09,E,0.36,E,102.71,C
MARIA CLARET,4,2025,23.98,A,1.34,A,416.15,A,9.31,B,0.17,E,0.66,E,103.62,C
MARIA CLARET,5,2025,23.99,A,1.51,A,372.2,A,9.63,B,0.19,E,0.76,E,103.36,C
MARIA CLARET,6,2025,23.78,A,2.28,A,248.52,A,11.63,B,0.2,E,0.8,E,102.96,C
MARIA CLARET,7,2025,23.45,A,1.26,A,462.51,A,12.73,A,0.22,E,0.9,E,102.85,C
MARIA CLARET,8,2025,23.46,A,1.72,A,336.84,A,8.35,C,0.26,E,1.06,E,102.91,C
MARIA CLARET,9,2025,23.38,A,1.33,A,434.19,A,9.99,B,0.28,E,1.14,E,102.79,C
MARIA CLARET,10,2025,22.98,A,1.6,A,368.12,A,11.94,A,0.3,D,1.26,E,102.75,C
MARIA CLARET,11,2025,22.98,A,1.72,A,350.98,A,11.13,B,0.32,D,1.34,E,102.68,C
MARIA CLARET,12,2025,22.55,A,1.31,A,464.04,A,11.02,B,0.32,D,1.36,E,102.5,C
MARIA CLARET,1,2026,22.44,A,1.15,A,543.14,A,13.91,A,0.03,E,0.14,E,102.95,C
MARIA CLARET,2,2026,22.68,A,0.94,A,661.29,A,12.63,A,0.13,E,0.54,E,105.6,C
MAS QUE VENCEDORES,1,2019,0.0,E,0.0,A,,,,,-0.18,E,,,84.22,D
MAS QUE VENCEDORES,2,2019,0.0,E,0.0,A,,,,,-0.45,E,,,80.69,D
MAS QUE VENCEDORES,3,2019,0.0,E,0.0,A,,,,,-0.95,E,,,74.51,D
MAS QUE VENCEDORES,4,2019,0.0,E,0.0,A,,,,,-0.91,E,,,80.97,D
MAS QUE VENCEDORES,6,2019,0.0,E,0.0,A,,,,,-1.0,E,,,86.01,D
MAS QUE VENCEDORES,7,2019,0.0,E,0.0,A,,,,,-1.1,E,,,86.93,D
MAS QUE VENCEDORES,8,2019,0.0,E,0.0,A,,,,,-1.1,E,,,86.93,D
MAS QUE VENCEDORES,9,2019,0.0,E,0.0,A,,,,,-0.99,E,,,90.61,D
MAS QUE VENCEDORES,10,2019,0.0,E,0.0,A,,,,,-1.05,E,,,90.95,D
MAS QUE VENCEDORES,11,2019,0.0,E,0.0,A,,,,,-1.03,E,,,91.9,D
MAS QUE VENCEDORES,12,2019,0.0,E,0.0,A,,,,,0.08,E,,,100.58,C
MAS QUE VENCEDORES,1,2020,0.0,E,0.0,A,,,,,-0.24,E,,,79.16,D
MAS QUE VENCEDORES,2,2020,0.0,E,0.0,A,,,,,-0.28,E,,,87.39,D
MAS QUE VENCEDORES,3,2020,0.0,E,0.0,A,,,,,-0.76,E,,,77.78,D
MAS QUE VENCEDORES,10,2020,0.0,E,0.0,A,,,,,-1.56,E,,,86.55,D
MAS QUE VENCEDORES,3,2021,0.0,E,0.0,A,,,,,-0.66,E,,,80.56,D
MAS QUE VENCEDORES,4,2021,0.0,E,0.0,A,,,,,-0.95,E,,,79.19,D
MAS QUE VENCEDORES,5,2021,0.0,E,0.0,A,,,,,-1.05,E,,,81.63,D
MAS QUE VENCEDORES,7,2021,0.0,E,0.0,A,,,,,-1.62,E,,,80.39,D
MAS QUE VENCEDORES,8,2021,0.0,E,0.0,A,,,,,-1.59,E,,,82.78,D
MAS QUE VENCEDORES,9,2021,0.0,E,0.0,A,,,,,-1.8,E,,,82.49,D
MAS QUE VENCEDORES,10,2021,0.0,E,0.0,A,,,,,-1.9,E,,,83.26,D
MAS QUE VENCEDORES,11,2021,0.0,E,0.0,A,,,,,-1.71,E,,,86.15,D
MAS QUE VENCEDORES,12,2021,0.0,E,0.0,A,,,,,-1.76,E,,,86.79,D
MAS QUE VENCEDORES,1,2022,0.0,E,0.0,A,,,,,-0.18,E,,,83.85,D
MAS QUE VENCEDORES,2,2022,0.0,E,0.0,A,,,,,-0.43,E,,,80.82,D
MAS QUE VENCEDORES,3,2022,0.0,E,24.53,E,0.0,E,,,-0.67,E,,,80.71,D
MAS QUE VENCEDORES,4,2022,0.0,E,0.0,A,,,,,-0.88,E,,,80.49,D
MAS QUE VENCEDORES,5,2022,0.0,E,0.0,A,,,,,-1.08,E,,,81.19,D
MAS QUE VENCEDORES,6,2022,0.0,E,0.2,A,0.0,E,,,-1.35,E,,,80.54,D
MAS QUE VENCEDORES,7,2022,0.0,E,0.2,A,0.0,E,,,-1.56,E,,,80.52,D
MAS QUE VENCEDORES,8,2022,0.0,E,0.19,A,0.0,E,,,-1.76,E,,,80.61,D
MAS QUE VENCEDORES,9,2022,0.0,E,0.17,A,0.0,E,,,-1.94,E,,,80.72,D
MAS QUE VENCEDORES,10,2022,0.0,E,0.17,A,0.0,E,,,-2.0,E,,,82.38,D
MAS QUE VENCEDORES,11,2022,0.0,E,19.63,E,0.0,E,,,-2.19,E,,,82.54,D
MAS QUE VENCEDORES,12,2022,0.0,E,0.0,A,,,,,-2.08,E,,,84.28,D
MAS QUE VENCEDORES,1,2023,0.0,E,0.0,A,,,,,-0.13,E,,,86.96,D
MAS QUE VENCEDORES,2,2023,0.0,E,0.0,A,,,,,-0.28,E,,,86.87,D
MAS QUE VENCEDORES,3,2023,0.0,E,16.24,E,0.0,E,,,-0.53,E,,,83.85,D
MAS QUE VENCEDORES,4,2023,0.0,E,3.75,B,0.0,E,,,-0.7,E,,,84.19,D
MAS QUE VENCEDORES,5,2023,0.0,E,0.0,A,,,,,-0.89,E,,,83.99,D
MAS QUE VENCEDORES,6,2023,0.0,E,17.09,E,0.0,E,,,-1.04,E,,,84.12,D
MAS QUE VENCEDORES,7,2023,0.0,E,3.84,B,0.0,E,,,-1.14,E,,,85.23,D
MAS QUE VENCEDORES,8,2023,0.0,E,3.84,B,0.0,E,,,-1.08,E,,,87.53,D
MAS QUE VENCEDORES,9,2023,0.0,E,3.46,B,0.0,E,,,-1.02,E,,,89.19,D
MAS QUE VENCEDORES,10,2023,0.0,E,3.35,B,0.0,E,,,-0.93,E,,,91.14,D
MAS QUE VENCEDORES,11,2023,0.0,E,3.27,B,0.0,E,,,-0.88,E,,,92.24,D
MAS QUE VENCEDORES,12,2023,0.0,E,0.26,A,0.0,E,,,-1.03,E,,,91.77,D
MAS QUE VENCEDORES,1,2024,0.0,E,0.25,A,0.0,E,,,0.04,E,,,104.24,C
MAS QUE VENCEDORES,2,2024,0.0,E,0.25,A,0.0,E,,,0.06,E,,,103.03,C
MAS QUE VENCEDORES,3,2024,58.74,A,0.26,A,952.14,A,28.01,A,-0.18,E,-0.3,E,94.47,C
MAS QUE VENCEDORES,4,2024,58.73,A,0.25,A,961.13,A,27.12,A,-0.21,E,-0.35,E,95.05,C
MAS QUE VENCEDORES,5,2024,58.96,A,0.25,A,997.02,A,31.36,A,-0.21,E,-0.34,E,96.08,C
MAS QUE VENCEDORES,6,2024,59.29,A,0.25,A,1006.26,A,30.15,A,-0.47,E,-0.77,E,92.67,D
MAS QUE VENCEDORES,7,2024,59.96,A,0.51,A,487.9,A,28.68,A,-0.38,E,-0.61,E,94.84,C
MAS QUE VENCEDORES,8,2024,60.39,A,0.5,A,492.34,A,25.02,A,-0.43,E,-0.7,E,94.84,C
MAS QUE VENCEDORES,9,2024,60.56,A,0.48,A,496.77,A,19.0,A,-0.41,E,-0.66,E,95.64,C
MAS QUE VENCEDORES,10,2024,61.12,A,0.25,A,903.38,A,13.72,A,-0.28,E,-0.45,E,97.28,C
MAS QUE VENCEDORES,11,2024,61.04,A,0.25,A,911.7,A,13.92,A,-0.21,E,-0.34,E,98.11,C
MAS QUE VENCEDORES,12,2024,61.49,A,0.25,A,921.82,A,18.39,A,0.15,E,0.25,E,101.28,C
MAS QUE VENCEDORES,1,2025,60.81,A,0.25,A,932.07,A,20.44,A,0.03,E,0.05,E,103.3,C
MAS QUE VENCEDORES,2,2025,60.56,A,0.25,A,942.46,A,24.08,A,0.05,E,0.08,E,102.73,C
MAS QUE VENCEDORES,3,2025,61.29,A,0.25,A,953.42,A,23.42,A,0.04,E,0.07,E,101.35,C
MAS QUE VENCEDORES,4,2025,61.17,A,0.25,A,964.38,A,26.88,A,0.05,E,0.08,E,101.19,C
MAS QUE VENCEDORES,5,2025,61.32,A,0.26,A,975.34,A,32.58,A,0.0,E,0.0,E,100.04,C
MAS QUE VENCEDORES,6,2025,60.36,A,0.26,A,986.3,A,36.05,A,-0.05,E,-0.08,E,99.17,C
MAS QUE VENCEDORES,7,2025,61.23,A,0.25,A,997.25,A,30.43,A,0.0,E,0.01,E,100.06,C
MAS QUE VENCEDORES,8,2025,61.02,A,0.0,A,,,21.22,A,-0.01,E,-0.01,E,99.9,C
MAS QUE VENCEDORES,9,2025,60.97,A,0.0,A,,,19.32,A,0.04,E,0.07,E,100.46,C
MAS QUE VENCEDORES,10,2025,60.58,A,0.0,A,,,17.44,A,0.02,E,0.02,E,100.15,C
MAS QUE VENCEDORES,11,2025,59.9,A,0.0,A,,,22.3,A,0.05,E,0.07,E,100.42,C
MAS QUE VENCEDORES,12,2025,60.96,A,0.0,A,,,23.46,A,0.09,E,0.14,E,100.75,C
MAS QUE VENCEDORES,1,2026,60.06,A,0.0,A,,,19.9,A,0.06,E,0.09,E,105.89,C
MAS QUE VENCEDORES,2,2026,60.61,A,0.0,A,,,30.61,A,0.15,E,0.24,E,107.55,C
MAS QUE VENCEDORES,3,2026,60.68,A,,,,,33.39,A,-0.06,E,-0.09,E,98.17,C
MX AHORRA MAS,8,2019,0.0,E,0.0,A,,,,,0.66,A,,,118.27,B
MX AHORRA MAS,9,2019,0.0,E,0.0,A,,,,,1.66,A,,,152.03,A
MX AHORRA MAS,10,2019,0.0,E,0.0,A,,,,,1.78,A,,,148.93,A
MX AHORRA MAS,11,2019,0.0,E,0.0,A,,,,,1.61,A,,,137.48,B
MX AHORRA MAS,12,2020,0.0,E,0.0,A,,,,,-0.14,E,,,98.68,C
MX AHORRA MAS,1,2021,0.0,E,0.0,A,,,,,0.02,E,,,104.58,C
MX AHORRA MAS,4,2021,0.0,E,0.0,A,,,,,0.03,E,,,101.21,C
MX AHORRA MAS,5,2021,0.0,E,0.0,A,,,,,0.09,E,,,103.17,C
MX AHORRA MAS,6,2021,0.0,E,0.0,A,,,,,0.19,E,,,105.41,C
MX AHORRA MAS,7,2021,0.0,E,0.0,A,,,,,0.29,E,,,107.5,C
MX AHORRA MAS,8,2021,0.0,E,0.0,A,,,,,0.33,D,,,107.66,C
MX AHORRA MAS,9,2021,0.0,E,0.0,A,,,,,0.93,A,,,119.86,B
MX AHORRA MAS,10,2021,0.0,E,0.0,A,,,,,0.99,A,,,119.05,B
MX AHORRA MAS,11,2021,0.0,E,0.0,A,,,,,1.03,A,,,118.01,B
MX AHORRA MAS,12,2021,0.0,E,0.0,A,,,,,0.19,E,,,102.87,C
MX AHORRA MAS,1,2022,0.0,E,0.0,A,,,,,0.0,E,,,100.41,C
MX AHORRA MAS,2,2022,0.0,E,0.0,A,,,,,0.03,E,,,102.1,C
MX AHORRA MAS,3,2022,0.0,E,0.0,A,,,,,0.1,E,,,105.7,C
MX AHORRA MAS,4,2022,0.0,E,0.0,A,,,,,0.18,E,,,107.71,C
MX AHORRA MAS,5,2022,0.0,E,0.0,A,,,,,0.21,E,,,107.51,C
MX AHORRA MAS,6,2022,0.0,E,0.0,A,,,,,0.23,E,,,106.67,C
MX AHORRA MAS,7,2022,0.0,E,0.0,A,,,,,0.28,E,,,106.95,C
MX AHORRA MAS,8,2022,0.0,E,0.0,A,,,,,0.14,E,,,102.86,C
MX AHORRA MAS,9,2022,0.0,E,0.0,A,,,,,0.18,E,,,103.4,C
MX AHORRA MAS,10,2022,0.0,E,0.0,A,,,,,0.2,E,,,103.24,C
MX AHORRA MAS,11,2022,0.0,E,0.0,A,,,,,0.24,E,,,103.65,C
MX AHORRA MAS,12,2022,0.0,E,0.0,A,,,,,0.21,E,,,102.83,C
MX AHORRA MAS,1,2023,0.0,E,0.0,A,,,,,0.1,E,,,116.87,B
MX AHORRA MAS,2,2023,0.0,E,0.0,A,,,,,0.28,E,,,126.98,B
MX AHORRA MAS,3,2023,0.0,E,0.0,A,,,,,0.47,C,,,128.43,B
MX AHORRA MAS,4,2023,0.0,E,0.0,A,,,,,0.63,B,,,130.48,B
MX AHORRA MAS,5,2023,0.0,E,0.0,A,,,,,0.94,A,,,137.13,B
MX AHORRA MAS,6,2023,0.0,E,0.0,A,,,,,1.09,A,,,132.28,B
MX AHORRA MAS,7,2023,0.0,E,0.0,A,,,,,1.29,A,,,133.4,B
MX AHORRA MAS,8,2023,0.0,E,0.0,A,,,,,1.49,A,,,133.83,B
MX AHORRA MAS,9,2023,0.0,E,0.0,A,,,,,1.61,A,,,133.26,B
MX AHORRA MAS,10,2023,0.0,E,0.0,A,,,,,1.74,A,,,133.82,B
MX AHORRA MAS,11,2023,0.0,E,0.0,A,,,,,2.12,A,,,138.21,B
MX AHORRA MAS,12,2023,0.0,E,0.0,A,,,,,0.7,A,,,108.85,C
MX AHORRA MAS,1,2024,0.0,E,0.0,A,,,,,0.13,E,,,126.1,B
MX AHORRA MAS,2,2024,0.0,E,0.0,A,,,,,0.25,E,,,122.65,B
MX AHORRA MAS,3,2024,92.86,A,0.0,A,,,73.79,A,0.42,D,0.45,E,127.07,B
MX AHORRA MAS,4,2024,93.12,A,0.0,A,,,66.43,A,0.56,B,0.6,E,126.64,B
MX AHORRA MAS,5,2024,93.13,A,0.0,A,,,85.9,A,0.68,A,0.73,E,126.12,B
MX AHORRA MAS,6,2024,93.08,A,0.0,A,,,102.01,A,0.83,A,0.89,E,126.21,B
MX AHORRA MAS,7,2024,91.56,A,0.0,A,,,95.2,A,0.96,A,1.05,E,126.96,B
MX AHORRA MAS,8,2024,92.27,A,0.0,A,,,95.71,A,1.12,A,1.21,E,127.52,B
MX AHORRA MAS,9,2024,92.03,A,0.0,A,,,98.68,A,1.24,A,1.35,E,127.63,B
MX AHORRA MAS,10,2024,91.49,A,0.0,A,,,100.33,A,1.61,A,1.76,E,129.98,B
MX AHORRA MAS,11,2024,91.95,A,0.0,A,,,146.66,A,1.87,A,2.04,E,132.0,B
MX AHORRA MAS,12,2024,92.34,A,0.0,A,,,167.39,A,0.98,A,1.06,E,112.98,B
MX AHORRA MAS,1,2025,91.5,A,0.0,A,,,161.35,A,0.1,E,0.11,E,119.86,B
MX AHORRA MAS,2,2025,91.04,A,0.0,A,,,174.85,A,0.24,E,0.27,E,125.14,B
MX AHORRA MAS,3,2025,91.88,A,0.0,A,,,128.01,A,0.37,D,0.4,E,124.68,B
MX AHORRA MAS,4,2025,91.13,A,0.0,A,,,63.01,A,0.5,C,0.54,E,122.57,B
MX AHORRA MAS,5,2025,91.11,A,0.0,A,,,20.28,A,0.62,B,0.68,E,122.04,B
MX AHORRA MAS,6,2025,88.89,A,0.0,A,,,32.44,A,0.77,A,0.87,E,121.95,B
MX AHORRA MAS,7,2025,88.61,A,0.0,A,,,33.35,A,0.94,A,1.07,E,121.76,B
MX AHORRA MAS,8,2025,88.47,A,0.0,A,,,57.63,A,1.15,A,1.3,E,123.38,B
MX AHORRA MAS,9,2025,88.34,A,0.0,A,,,26.84,A,1.3,A,1.47,E,123.83,B
MX AHORRA MAS,10,2025,88.51,A,0.0,A,,,15.25,A,1.6,A,1.81,E,127.33,B
MX AHORRA MAS,11,2025,88.76,A,0.0,A,,,16.31,A,2.0,A,2.26,E,131.46,B
MX AHORRA MAS,12,2025,88.39,A,0.0,A,,,45.63,A,1.59,A,1.8,E,121.02,B
MX AHORRA MAS,1,2026,86.4,A,0.0,A,,,25.66,A,0.1,E,0.12,E,118.14,B
MX AHORRA MAS,2,2026,86.45,A,0.0,A,,,33.4,A,0.22,E,0.26,E,119.43,B
MX AHORRA MAS,3,2026,86.84,A,,,,,65.19,A,0.36,D,0.41,E,120.16,B
MX EMPLEADOS BANCOCCI,3,2026,91.54,A,,,,,35.03,A,0.32,D,0.35,E,116.51,B
MX CEMENTEROS DEL NORTE,1,2019,0.0,E,0.0,A,,,,,0.16,E,,,108.75,C
MX CEMENTEROS DEL NORTE,2,2019,0.0,E,0.0,A,,,,,0.29,E,,,107.91,C
MX CEMENTEROS DEL NORTE,3,2019,0.0,E,0.0,A,,,,,0.9,A,,,116.84,B
MX CEMENTEROS DEL NORTE,4,2019,0.0,E,0.0,A,,,,,0.88,A,,,111.82,B
MX CEMENTEROS DEL NORTE,5,2019,0.0,E,0.0,A,,,,,0.6,B,,,105.77,C
MX CEMENTEROS DEL NORTE,6,2019,0.0,E,0.0,A,,,,,1.91,A,,,116.1,B
MX CEMENTEROS DEL NORTE,7,2019,0.0,E,0.0,A,,,,,1.68,A,,,112.29,B
MX CEMENTEROS DEL NORTE,8,2019,0.0,E,0.0,A,,,,,1.73,A,,,111.62,B
MX CEMENTEROS DEL NORTE,9,2019,0.0,E,0.0,A,,,,,1.92,A,,,111.78,B
MX CEMENTEROS DEL NORTE,10,2019,0.0,E,0.0,A,,,,,2.26,A,,,112.88,B
MX CEMENTEROS DEL NORTE,11,2019,0.0,E,0.0,A,,,,,2.75,A,,,114.63,B
MX CEMENTEROS DEL NORTE,12,2019,0.0,E,0.0,A,,,,,1.61,A,,,106.88,C
MX CEMENTEROS DEL NORTE,1,2020,0.0,E,0.0,A,,,,,0.27,E,,,112.43,B
MX CEMENTEROS DEL NORTE,2,2020,0.0,E,0.0,A,,,,,0.91,A,,,124.49,B
MX CEMENTEROS DEL NORTE,3,2020,0.0,E,0.0,A,,,,,0.46,C,,,107.7,C
MX CEMENTEROS DEL NORTE,4,2020,0.0,E,0.0,A,,,,,0.09,E,,,101.04,C
MX CEMENTEROS DEL NORTE,5,2020,0.0,E,0.0,A,,,,,0.6,B,,,105.77,C
MX CEMENTEROS DEL NORTE,6,2020,0.0,E,0.0,A,,,,,0.62,B,,,104.87,C
MX CEMENTEROS DEL NORTE,7,2020,0.0,E,0.0,A,,,,,0.53,B,,,103.66,C
MX CEMENTEROS DEL NORTE,8,2020,0.0,E,0.0,A,,,,,-0.38,E,,,97.62,C
MX CEMENTEROS DEL NORTE,9,2020,0.0,E,0.0,A,,,,,0.46,C,,,102.65,C
MX CEMENTEROS DEL NORTE,10,2020,0.0,E,0.0,A,,,,,0.94,A,,,105.09,C
MX CEMENTEROS DEL NORTE,11,2020,0.0,E,0.0,A,,,,,0.75,A,,,103.54,C
MX CEMENTEROS DEL NORTE,12,2020,0.0,E,0.0,A,,,,,0.55,B,,,102.16,C
MX CEMENTEROS DEL NORTE,1,2021,0.0,E,0.0,A,,,,,-0.12,E,,,92.97,D
MX CEMENTEROS DEL NORTE,2,2021,0.0,E,0.0,A,,,,,0.16,E,,,104.67,C
MX CEMENTEROS DEL NORTE,3,2021,0.0,E,0.0,A,,,,,0.12,E,,,102.35,C
MX CEMENTEROS DEL NORTE,4,2021,0.0,E,0.0,A,,,,,-0.04,E,,,99.36,C
MX CEMENTEROS DEL NORTE,5,2021,0.0,E,0.0,A,,,,,0.11,E,,,101.36,C
MX CEMENTEROS DEL NORTE,6,2021,0.0,E,0.0,A,,,,,0.63,B,,,106.1,C
MX CEMENTEROS DEL NORTE,7,2021,0.0,E,0.0,A,,,,,0.55,B,,,104.81,C
MX CEMENTEROS DEL NORTE,8,2021,0.0,E,0.0,A,,,,,0.41,D,,,103.26,C
MX CEMENTEROS DEL NORTE,9,2021,0.0,E,0.0,A,,,,,0.54,B,,,103.83,C
MX CEMENTEROS DEL NORTE,10,2021,0.0,E,0.0,A,,,,,1.39,A,,,109.65,C
MX CEMENTEROS DEL NORTE,11,2021,0.0,E,0.0,A,,,,,1.68,A,,,110.53,B
MX CEMENTEROS DEL NORTE,12,2021,0.0,E,0.0,A,,,,,1.84,A,,,109.22,C
MX CEMENTEROS DEL NORTE,1,2022,0.0,E,0.0,A,,,,,1.58,A,,,170.27,A
MX CEMENTEROS DEL NORTE,2,2022,0.0,E,0.0,A,,,,,3.52,A,,,200.04,A
MX CEMENTEROS DEL NORTE,3,2022,0.0,E,0.0,A,,,,,3.75,A,,,173.24,A
MX CEMENTEROS DEL NORTE,4,2022,0.0,E,0.0,A,,,,,4.04,A,,,159.55,A
MX CEMENTEROS DEL NORTE,5,2022,0.0,E,0.0,A,,,,,3.41,A,,,137.1,B
MX CEMENTEROS DEL NORTE,6,2022,0.0,E,0.0,A,,,,,4.07,A,,,135.38,B
MX CEMENTEROS DEL NORTE,7,2022,0.0,E,0.0,A,,,,,4.11,A,,,132.26,B
MX CEMENTEROS DEL NORTE,8,2022,0.0,E,-1.3,A,-0.0,E,,,4.26,A,,,129.78,B
MX CEMENTEROS DEL NORTE,9,2022,0.0,E,-1.34,A,-0.0,E,,,4.33,A,,,127.65,B
MX CEMENTEROS DEL NORTE,10,2022,0.0,E,0.21,A,0.0,E,,,4.44,A,,,125.5,B
MX CEMENTEROS DEL NORTE,11,2022,0.0,E,0.09,A,0.0,E,,,5.56,A,,,130.76,B
MX CEMENTEROS DEL NORTE,12,2022,0.0,E,0.13,A,0.0,E,,,5.31,A,,,125.88,B
MX CEMENTEROS DEL NORTE,1,2023,0.0,E,0.1,A,0.0,E,,,0.18,E,,,109.21,C
MX CEMENTEROS DEL NORTE,2,2023,0.0,E,0.1,A,0.0,E,,,0.35,D,,,109.46,C
MX CEMENTEROS DEL NORTE,3,2023,0.0,E,0.0,A,,,,,0.52,B,,,109.76,C
MX CEMENTEROS DEL NORTE,4,2023,0.0,E,0.0,A,,,,,0.61,B,,,108.6,C
MX CEMENTEROS DEL NORTE,5,2023,0.0,E,0.04,A,0.0,E,,,0.85,A,,,109.42,C
MX CEMENTEROS DEL NORTE,6,2023,0.0,E,0.0,A,0.0,E,,,1.04,A,,,109.5,C
MX CEMENTEROS DEL NORTE,7,2023,0.0,E,0.09,A,0.0,E,,,1.18,A,,,109.59,C
MX CEMENTEROS DEL NORTE,8,2023,0.0,E,0.08,A,0.0,E,,,1.41,A,,,110.5,B
MX CEMENTEROS DEL NORTE,9,2023,0.0,E,0.0,A,0.0,E,,,1.61,A,,,111.07,B
MX CEMENTEROS DEL NORTE,10,2023,0.0,E,0.0,A,,,,,2.54,A,,,116.46,B
MX CEMENTEROS DEL NORTE,11,2023,0.0,E,0.0,A,,,,,2.82,A,,,116.84,B
MX CEMENTEROS DEL NORTE,12,2023,0.0,E,0.1,A,0.0,E,,,3.16,A,,,115.96,B
MX CEMENTEROS DEL NORTE,1,2024,0.0,E,0.06,A,0.0,E,,,0.25,E,,,112.82,B
MX CEMENTEROS DEL NORTE,2,2024,0.0,E,0.0,A,0.0,E,,,0.51,B,,,114.33,B
MX CEMENTEROS DEL NORTE,3,2024,87.96,A,0.03,A,1137.78,A,20.83,A,0.69,A,0.79,E,114.48,B
MX CEMENTEROS DEL NORTE,4,2024,84.54,A,0.0,A,118813.24,A,9.73,B,1.08,A,1.27,E,117.93,B
MX CEMENTEROS DEL NORTE,5,2024,83.48,A,0.0,A,65969.69,A,10.87,B,1.39,A,1.67,E,118.61,B
MX CEMENTEROS DEL NORTE,6,2024,87.06,A,0.01,A,2394.58,A,17.96,A,1.76,A,2.01,E,119.28,B
MX CEMENTEROS DEL NORTE,7,2024,86.6,A,0.01,A,2434.39,A,2.28,E,2.03,A,2.33,E,119.76,B
MX CEMENTEROS DEL NORTE,8,2024,86.14,A,0.13,A,252.62,A,15.08,A,2.36,A,2.73,E,120.14,B
MX CEMENTEROS DEL NORTE,9,2024,86.51,A,0.07,A,422.9,A,12.67,A,2.62,A,3.02,E,120.26,B
MX CEMENTEROS DEL NORTE,10,2024,86.02,A,0.0,A,,,6.22,D,2.9,A,3.37,E,120.65,B
MX CEMENTEROS DEL NORTE,11,2024,84.93,A,0.0,A,,,14.02,A,3.16,A,3.72,E,120.97,B
MX CEMENTEROS DEL NORTE,12,2024,85.0,A,0.0,A,,,27.88,A,3.13,A,3.67,E,117.58,B
MX CEMENTEROS DEL NORTE,1,2025,85.31,A,0.29,A,103.14,B,0.23,E,0.38,D,0.45,E,122.55,B
MX CEMENTEROS DEL NORTE,2,2025,82.8,A,0.0,A,,,2.42,E,0.66,A,0.79,E,121.39,B
MX CEMENTEROS DEL NORTE,3,2025,83.29,A,0.22,A,137.02,A,12.19,A,1.07,A,1.28,E,124.34,B
MX CEMENTEROS DEL NORTE,4,2025,83.29,A,0.18,A,159.41,A,9.23,B,1.4,A,1.67,E,124.56,B
MX CEMENTEROS DEL NORTE,5,2025,84.03,A,0.15,A,198.04,A,3.43,E,1.79,A,2.12,E,125.23,B
MX CEMENTEROS DEL NORTE,6,2025,87.47,A,0.0,A,17065.02,A,21.05,A,2.06,A,2.35,E,124.27,B
MX CEMENTEROS DEL NORTE,7,2025,84.17,A,0.0,A,3575856.25,A,13.47,A,2.37,A,2.81,E,124.13,B
MX CEMENTEROS DEL NORTE,8,2025,84.62,A,0.0,A,,,12.59,A,2.72,A,3.2,E,124.4,B
MX CEMENTEROS DEL NORTE,9,2025,84.22,A,0.0,A,,,6.03,D,3.04,A,3.6,E,124.63,B
MX CEMENTEROS DEL NORTE,10,2025,84.54,A,0.02,A,1415.89,A,10.76,B,3.39,A,4.0,E,125.07,B
MX CEMENTEROS DEL NORTE,11,2025,84.69,A,0.0,A,,,8.68,C,3.67,A,4.32,E,124.78,B
MX CEMENTEROS DEL NORTE,12,2025,86.74,A,0.02,A,3932.26,A,33.57,A,3.19,A,3.65,E,117.16,B
MX CEMENTEROS DEL NORTE,1,2026,84.36,A,0.01,A,4919.33,A,16.63,A,0.33,D,0.39,E,119.19,B
MX CEMENTEROS DEL NORTE,2,2026,84.86,A,0.0,A,,,18.24,A,0.66,A,0.78,E,120.84,B
MX CEMENTEROS DEL NORTE,3,2026,85.07,A,,,,,24.25,A,1.09,A,1.28,E,124.29,B
MX JUBILADOS 17 SEPTIEMBRE,3,2026,78.02,A,,,,,105.29,A,1.47,A,1.87,E,167.44,A
MX COMEGA,1,2019,0.0,E,0.0,A,,,,,0.15,E,,,104.18,C
MX COMEGA,2,2019,0.0,E,0.0,A,,,,,0.29,E,,,104.31,C
MX COMEGA,3,2019,0.0,E,0.0,A,,,,,0.19,E,,,101.85,C
MX COMEGA,4,2019,0.0,E,0.0,A,,,,,0.39,D,,,102.94,C
MX COMEGA,5,2019,0.0,E,23.09,E,0.0,E,,,1.3,A,,,109.43,C
MX COMEGA,6,2019,0.0,E,0.0,A,,,,,0.6,B,,,103.04,C
MX COMEGA,7,2019,0.0,E,0.0,A,,,,,0.68,A,,,102.88,C
MX COMEGA,8,2019,0.0,E,0.0,A,,,,,0.72,A,,,102.72,C
MX COMEGA,9,2019,0.0,E,0.0,A,,,,,0.03,E,,,100.11,C
MX COMEGA,10,2019,0.0,E,0.0,A,,,,,0.0,E,,,100.0,C
MX COMEGA,11,2019,0.0,E,0.0,A,,,,,0.0,E,,,100.0,C
MX COMEGA,1,2020,0.0,E,8.59,D,0.0,E,,,0.17,E,,,106.75,C
MX COMEGA,2,2020,0.0,E,8.04,D,0.0,E,,,0.35,D,,,107.83,C
MX COMEGA,3,2020,0.0,E,11.87,E,0.0,E,,,0.64,B,,,109.12,C
MX COMEGA,4,2020,0.0,E,19.13,E,0.0,E,,,1.01,A,,,109.96,C
MX COMEGA,5,2020,0.0,E,23.09,E,0.0,E,,,1.3,A,,,109.43,C
MX COMEGA,6,2020,0.0,E,11.14,E,0.0,E,,,1.16,A,,,106.81,C
MX COMEGA,7,2020,0.0,E,9.5,D,0.0,E,,,1.12,A,,,105.47,C
MX COMEGA,8,2020,0.0,E,8.33,D,0.0,E,,,1.41,A,,,105.72,C
MX COMEGA,9,2020,0.0,E,7.88,D,0.0,E,,,1.65,A,,,106.3,C
MX COMEGA,10,2020,0.0,E,7.35,D,0.0,E,,,1.86,A,,,106.42,C
MX COMEGA,11,2020,0.0,E,7.36,D,0.0,E,,,2.29,A,,,107.06,C
MX COMEGA,12,2020,0.0,E,7.76,D,0.0,E,,,1.84,A,,,105.04,C
MX COMEGA,1,2021,0.0,E,4.0,B,0.0,E,,,0.43,C,,,115.79,B
MX COMEGA,5,2021,0.0,E,2.31,A,0.0,E,,,1.36,A,,,110.8,B
MX COMEGA,6,2021,0.0,E,2.5,B,0.0,E,,,1.62,A,,,111.21,B
MX COMEGA,7,2021,0.0,E,2.04,A,0.0,E,,,2.13,A,,,112.77,B
MX COMEGA,8,2021,0.0,E,1.99,A,0.0,E,,,2.33,A,,,112.61,B
MX COMEGA,9,2021,0.0,E,2.33,A,0.0,E,,,2.66,A,,,112.56,B
MX COMEGA,10,2021,0.0,E,1.67,A,0.0,E,,,2.91,A,,,112.5,B
MX COMEGA,11,2021,0.0,E,2.03,A,0.0,E,,,3.07,A,,,111.91,B
MX COMEGA,12,2021,0.0,E,2.6,B,0.0,E,,,2.68,A,,,108.99,C
MX COMEGA,1,2022,0.0,E,3.37,B,0.0,E,,,0.14,E,,,105.42,C
MX COMEGA,2,2022,0.0,E,2.28,A,0.0,E,,,0.3,D,,,105.96,C
MX COMEGA,3,2022,0.0,E,2.26,A,0.0,E,,,0.46,C,,,106.06,C
MX COMEGA,4,2022,0.0,E,2.07,A,0.0,E,,,0.65,A,,,106.08,C
MX COMEGA,5,2022,0.0,E,1.34,A,0.0,E,,,0.89,A,,,106.35,C
MX COMEGA,6,2022,0.0,E,1.62,A,0.0,E,,,1.06,A,,,106.23,C
MX COMEGA,7,2022,0.0,E,1.47,A,0.0,E,,,1.21,A,,,106.13,C
MX COMEGA,8,2022,0.0,E,1.57,A,0.0,E,,,1.41,A,,,106.3,C
MX COMEGA,9,2022,0.0,E,1.5,A,0.0,E,,,1.63,A,,,106.58,C
MX COMEGA,10,2022,0.0,E,1.24,A,0.0,E,,,1.95,A,,,106.93,C
MX COMEGA,11,2022,0.0,E,0.86,A,0.0,E,,,2.12,A,,,107.09,C
MX COMEGA,12,2022,0.0,E,1.11,A,0.0,E,,,2.5,A,,,107.45,C
MX COMEGA,1,2023,0.0,E,1.25,A,0.0,E,,,0.36,D,,,113.09,B
MX COMEGA,2,2023,0.0,E,1.29,A,0.0,E,,,0.47,C,,,109.21,C
MX COMEGA,3,2023,0.0,E,1.19,A,0.0,E,,,0.52,B,,,106.84,C
MX COMEGA,4,2023,0.0,E,1.4,A,0.0,E,,,0.79,A,,,107.75,C
MX COMEGA,5,2023,0.0,E,1.07,A,0.0,E,,,10.96,A,,,186.81,A
MX COMEGA,6,2023,0.0,E,1.08,A,0.0,E,,,11.16,A,,,175.86,A
MX COMEGA,7,2023,0.0,E,1.4,A,0.0,E,,,11.83,A,,,168.05,A
MX COMEGA,8,2023,0.0,E,1.41,A,0.0,E,,,11.8,A,,,162.01,A
MX COMEGA,9,2023,0.0,E,1.39,A,0.0,E,,,12.17,A,,,157.67,A
MX COMEGA,10,2023,0.0,E,1.48,A,0.0,E,,,12.56,A,,,153.73,A
MX COMEGA,11,2023,0.0,E,1.38,A,0.0,E,,,12.75,A,,,150.28,A
MX COMEGA,12,2023,0.0,E,1.35,A,0.0,E,,,10.17,A,,,134.58,B
MX COMEGA,1,2024,0.0,E,0.73,A,0.0,E,,,0.4,D,,,117.76,B
MX COMEGA,2,2024,0.0,E,0.75,A,0.0,E,,,0.63,B,,,113.53,B
MX COMEGA,3,2024,58.99,A,0.76,A,566.73,A,3.83,E,0.93,A,1.52,E,114.68,B
MX COMEGA,4,2024,59.29,A,0.9,A,472.26,A,17.44,A,1.17,A,1.92,E,113.96,B
MX COMEGA,5,2024,59.0,A,0.79,A,533.82,A,16.35,A,1.41,A,2.31,E,113.4,B
MX COMEGA,6,2024,60.27,A,0.87,A,498.78,A,20.67,A,1.73,A,2.78,E,113.41,B
MX COMEGA,7,2024,60.77,A,0.89,A,476.23,A,34.32,A,1.99,A,3.17,E,113.33,B
MX COMEGA,8,2024,61.54,A,0.84,A,485.39,A,26.71,A,2.23,A,3.51,E,113.07,B
MX COMEGA,9,2024,61.57,A,0.78,A,503.05,A,17.29,A,2.5,A,3.93,E,113.02,B
MX COMEGA,10,2024,56.61,A,0.83,A,474.72,A,44.7,A,2.42,A,4.15,E,112.24,B
MX COMEGA,11,2024,57.11,A,0.96,A,408.79,A,17.38,A,2.62,A,4.45,E,111.99,B
MX COMEGA,12,2024,57.87,A,0.98,A,424.7,A,35.29,A,2.76,A,4.63,E,111.44,B
MX COMEGA,1,2025,55.28,A,0.83,A,496.42,A,15.86,A,0.14,E,0.24,E,106.54,C
MX COMEGA,2,2025,54.83,A,0.86,A,470.53,A,13.39,A,0.36,D,0.64,E,108.66,C
MX COMEGA,3,2025,54.15,A,0.88,A,468.74,A,15.53,A,0.54,B,0.97,E,108.65,C
MX COMEGA,4,2025,54.68,A,0.86,A,472.02,A,16.69,A,0.72,A,1.27,E,108.55,C
MX COMEGA,5,2025,54.52,A,0.82,A,495.8,A,15.33,A,0.85,A,1.51,E,108.0,C
MX COMEGA,6,2025,54.65,A,0.94,A,453.42,A,25.21,A,0.95,A,1.68,E,107.52,C
MX COMEGA,7,2025,53.16,A,0.95,A,445.21,A,22.48,A,1.1,A,2.0,E,107.54,C
MX COMEGA,8,2025,53.9,A,0.92,A,461.97,A,17.76,A,1.27,A,2.28,E,107.54,C
MX COMEGA,9,2025,53.72,A,0.98,A,434.97,A,16.04,A,1.41,A,2.55,E,107.45,C
MX COMEGA,10,2025,58.15,A,1.01,A,419.75,A,13.67,A,1.61,A,2.68,E,107.43,C
MX COMEGA,11,2025,55.86,A,1.1,A,386.11,A,19.0,A,1.71,A,2.97,E,107.53,C
MX COMEGA,12,2025,59.54,A,1.06,A,417.46,A,27.82,A,1.87,A,3.05,E,107.53,C
MX COMEGA,1,2026,57.05,A,1.02,A,426.69,A,16.43,A,0.04,E,0.07,E,101.91,C
MX COMEGA,2,2026,51.27,A,1.04,A,421.69,A,34.34,A,0.1,E,0.19,E,102.6,C
MX COMEGA,3,2026,51.52,A,,,,,24.37,A,0.18,E,0.33,E,103.13,C
MX COMESA,1,2019,0.0,E,0.0,A,,,,,0.01,E,,,102.05,C
MX COMESA,2,2019,0.0,E,0.0,A,,,,,0.63,B,,,159.59,A
MX COMESA,3,2019,0.0,E,0.0,A,,,,,0.87,A,,,135.72,B
MX COMESA,4,2019,0.0,E,0.0,A,,,,,1.52,A,,,148.63,A
MX COMESA,6,2019,0.0,E,0.0,A,,,,,3.0,A,,,164.67,A
MX COMESA,7,2019,0.0,E,0.0,A,,,,,3.36,A,,,161.57,A
MX COMESA,9,2019,0.0,E,0.0,A,,,,,4.6,A,,,166.63,A
MX COMESA,10,2019,0.0,E,0.0,A,,,,,5.09,A,,,165.57,A
MX COMESA,11,2019,0.0,E,0.0,A,,,,,5.96,A,,,170.43,A
MX COMESA,12,2019,0.0,E,0.0,A,,,,,5.03,A,,,149.1,A
MX COMESA,1,2020,0.0,E,0.0,A,,,,,0.18,E,,,122.08,B
MX COMESA,2,2020,0.0,E,0.0,A,,,,,0.73,A,,,142.31,B
MX COMESA,3,2020,0.0,E,0.0,A,,,,,0.7,A,,,128.62,B
MX COMESA,6,2020,0.0,E,0.0,A,,,,,0.29,E,,,109.67,C
MX COMESA,7,2020,0.0,E,0.0,A,,,,,0.23,E,,,107.19,C
MX COMESA,8,2020,0.0,E,0.0,A,,,,,-1.28,E,,,79.52,D
MX COMESA,9,2020,0.0,E,0.0,A,,,,,-0.84,E,,,88.27,D
MX COMESA,10,2020,0.0,E,0.0,A,,,,,0.42,D,,,105.3,C
MX COMESA,11,2020,0.0,E,0.0,A,,,,,1.31,A,,,115.39,B
MX COMESA,12,2020,0.0,E,0.0,A,,,,,1.13,A,,,111.94,B
MX COMESA,1,2021,0.0,E,0.0,A,,,,,0.24,E,,,130.22,B
MX COMESA,2,2021,0.0,E,0.0,A,,,,,1.22,A,,,181.23,A
MX COMESA,3,2021,0.0,E,0.0,A,,,,,2.28,A,,,190.43,A
MX COMESA,4,2021,0.0,E,0.0,A,,,,,3.03,A,,,192.53,A
MX COMESA,5,2021,0.0,E,0.0,A,,,,,4.29,A,,,204.05,A
MX COMESA,6,2021,0.0,E,0.0,A,,,,,5.13,A,,,208.21,A
MX COMESA,7,2021,0.0,E,0.0,A,,,,,6.12,A,,,212.86,A
MX COMESA,8,2021,0.0,E,0.0,A,,,,,6.98,A,,,213.13,A
MX COMESA,9,2021,0.0,E,0.0,A,,,,,7.43,A,,,208.1,A
MX COMESA,10,2021,0.0,E,0.0,A,,,,,8.24,A,,,210.22,A
MX COMESA,11,2021,0.0,E,0.0,A,,,,,8.24,A,,,194.36,A
MX COMESA,12,2021,0.0,E,0.0,A,,,,,7.39,A,,,170.92,A
MX COMESA,1,2022,0.0,E,0.0,A,,,,,-0.06,E,,,91.78,D
MX COMESA,2,2022,0.0,E,0.0,A,,,,,0.49,C,,,134.29,B
MX COMESA,3,2022,0.0,E,0.0,A,,,,,0.54,B,,,119.62,B
MX COMESA,4,2022,0.0,E,0.0,A,,,,,1.21,A,,,132.84,B
MX COMESA,5,2022,0.0,E,0.0,A,,,,,1.37,A,,,128.79,B
MX COMESA,6,2022,0.0,E,0.0,A,,,,,1.84,A,,,131.97,B
MX COMESA,7,2022,0.0,E,0.0,A,,,,,2.47,A,,,137.67,B
MX COMESA,8,2022,0.0,E,0.0,A,,,,,2.78,A,,,136.77,B
MX COMESA,9,2022,0.0,E,0.0,A,,,,,3.02,A,,,136.24,B
MX COMESA,10,2022,0.0,E,0.0,A,,,,,3.66,A,,,139.61,B
MX COMESA,11,2022,0.0,E,0.0,A,,,,,3.52,A,,,132.87,B
MX COMESA,12,2022,0.0,E,0.0,A,,,,,2.04,A,,,115.42,B
MX COMESA,1,2023,0.0,E,0.0,A,,,,,-0.07,E,,,92.25,D
MX COMESA,2,2023,0.0,E,0.0,A,,,,,0.09,E,,,104.47,C
MX COMESA,3,2023,0.0,E,0.0,A,,,,,0.55,B,,,116.74,B
MX COMESA,4,2023,0.0,E,0.0,A,,,,,0.88,A,,,121.11,B
MX COMESA,5,2023,0.0,E,0.0,A,,,,,1.08,A,,,120.42,B
MX COMESA,6,2023,0.0,E,0.0,A,,,,,1.69,A,,,127.08,B
MX COMESA,7,2023,0.0,E,0.0,A,,,,,2.34,A,,,132.43,B
MX COMESA,8,2023,0.0,E,0.0,A,,,,,2.66,A,,,131.96,B
MX COMESA,9,2023,0.0,E,0.0,A,,,,,3.19,A,,,134.78,B
MX COMESA,10,2023,0.0,E,0.0,A,,,,,3.35,A,,,133.53,B
MX COMESA,11,2023,0.0,E,0.0,A,,,,,3.61,A,,,131.75,B
MX COMESA,12,2023,0.0,E,0.0,A,,,,,2.41,A,,,117.1,B
MX COMESA,1,2024,0.0,E,0.0,A,,,,,-0.37,E,,,63.67,E
MX COMESA,2,2024,0.0,E,0.0,A,,,,,0.03,E,,,101.32,C
MX COMESA,3,2024,92.14,A,0.0,A,,,452.52,A,0.22,E,0.23,E,107.16,C
MX COMESA,4,2024,93.2,A,0.0,A,,,485.59,A,0.8,A,0.85,E,120.1,B
MX COMESA,5,2024,92.76,A,0.0,A,,,280.26,A,1.08,A,1.15,E,121.56,B
MX COMESA,6,2024,92.55,A,0.0,A,,,308.19,A,1.85,A,1.98,E,132.0,B
MX COMESA,7,2024,91.04,A,0.0,A,,,247.01,A,2.07,A,2.26,E,130.75,B
MX COMESA,8,2024,90.5,A,0.0,A,,,205.06,A,2.4,A,2.64,E,131.8,B
MX COMESA,9,2024,90.13,A,0.0,A,,,193.93,A,2.96,A,3.26,E,135.83,B
MX COMESA,10,2024,89.74,A,0.0,A,,,210.29,A,3.29,A,3.64,E,136.45,B
MX COMESA,11,2024,89.45,A,0.0,A,,,152.9,A,3.72,A,4.13,E,137.48,B
MX COMESA,12,2024,91.73,A,0.0,A,,,256.96,A,2.35,A,2.54,E,118.11,B
MX COMESA,1,2025,89.41,A,0.0,A,,,133.06,A,0.11,E,0.12,E,112.29,B
MX COMESA,2,2025,89.37,A,0.0,A,,,98.72,A,0.62,B,0.69,E,134.31,B
MX COMESA,3,2025,90.77,A,0.0,A,,,128.9,A,0.8,A,0.87,E,126.39,B
MX COMESA,4,2025,90.35,A,0.0,A,,,101.7,A,1.28,A,1.4,E,132.85,B
MX COMESA,5,2025,91.24,A,0.0,A,,,102.85,A,2.01,A,2.19,E,142.57,B
MX COMESA,6,2025,91.23,A,0.0,A,,,142.99,A,2.58,A,2.81,E,146.48,A
MX COMESA,7,2025,90.74,A,0.0,A,,,129.69,A,3.06,A,3.34,E,147.78,A
MX COMESA,8,2025,90.24,A,0.0,A,,,133.66,A,3.81,A,4.19,E,152.77,A
MX COMESA,9,2025,89.53,A,0.0,A,,,74.94,A,4.43,A,4.91,E,154.64,A
MX COMESA,10,2025,89.09,A,0.0,A,,,83.78,A,4.86,A,5.41,E,153.61,A
MX COMESA,11,2025,88.6,A,0.0,A,,,97.56,A,5.12,A,5.73,E,149.43,A
MX COMESA,12,2025,91.66,A,0.0,A,,,160.66,A,3.66,A,3.97,E,127.16,B
MX COMESA,1,2026,88.11,A,0.0,A,,,89.16,A,0.19,E,0.22,E,122.65,B
MX COMESA,2,2026,87.43,A,0.0,A,,,51.83,A,0.69,A,0.79,E,139.8,B
MX COMESA,3,2026,89.88,A,,,,,114.1,A,0.87,A,0.96,E,129.18,B
MX COMESULAL,1,2019,0.0,E,0.0,A,,,,,0.22,E,,,128.33,B
MX COMESULAL,2,2019,0.0,E,0.0,A,,,,,0.2,E,,,111.18,B
MX COMESULAL,3,2019,0.0,E,0.0,A,,,,,0.35,D,,,112.86,B
MX COMESULAL,4,2019,0.0,E,0.0,A,,,,,0.56,B,,,116.18,B
MX COMESULAL,5,2019,0.0,E,42.46,E,0.0,E,,,1.28,A,,,133.47,B
MX COMESULAL,6,2019,0.0,E,0.0,A,,,,,1.27,A,,,125.64,B
MX COMESULAL,7,2019,0.0,E,0.0,A,,,,,1.55,A,,,127.71,B
MX COMESULAL,8,2019,0.0,E,0.0,A,,,,,1.85,A,,,129.48,B
MX COMESULAL,9,2019,0.0,E,0.0,A,,,,,2.11,A,,,130.67,B
MX COMESULAL,10,2019,0.0,E,27.31,E,0.0,E,,,2.36,A,,,131.82,B
MX COMESULAL,11,2019,0.0,E,28.87,E,0.0,E,,,2.73,A,,,134.26,B
MX COMESULAL,12,2019,0.0,E,35.61,E,0.0,E,,,2.86,A,,,129.01,B
MX COMESULAL,1,2020,0.0,E,30.59,E,0.0,E,,,0.25,E,,,135.28,B
MX COMESULAL,2,2020,0.0,E,29.35,E,0.0,E,,,0.48,C,,,132.18,B
MX COMESULAL,3,2020,0.0,E,29.44,E,0.0,E,,,0.74,A,,,131.13,B
MX COMESULAL,4,2020,0.0,E,63.83,E,0.0,E,,,0.98,A,,,131.31,B
MX COMESULAL,5,2020,0.0,E,42.46,E,0.0,E,,,1.28,A,,,133.47,B
MX COMESULAL,6,2020,0.0,E,47.08,E,0.0,E,,,1.58,A,,,134.35,B
MX COMESULAL,9,2020,0.0,E,38.82,E,0.0,E,,,2.51,A,,,137.86,B
MX COMESULAL,10,2020,0.0,E,38.59,E,0.0,E,,,2.94,A,,,139.44,B
MX COMESULAL,11,2020,0.0,E,40.57,E,0.0,E,,,3.27,A,,,140.41,B
MX COMESULAL,12,2020,0.0,E,3.83,B,0.0,E,,,3.07,A,,,131.77,B
MX COMESULAL,1,2021,0.0,E,4.61,B,0.0,E,,,0.34,D,,,145.77,A
MX COMESULAL,2,2021,0.0,E,4.21,B,0.0,E,,,0.68,A,,,146.25,A
MX COMESULAL,3,2021,0.0,E,4.9,B,0.0,E,,,0.96,A,,,140.42,B
MX COMESULAL,4,2021,0.0,E,4.43,B,0.0,E,,,1.34,A,,,140.9,B
MX COMESULAL,5,2021,0.0,E,15.15,E,0.0,E,,,0.03,E,,,100.47,C
MX COMESULAL,6,2021,0.0,E,34.36,E,0.0,E,,,2.1,A,,,143.9,A
MX COMESULAL,7,2021,0.0,E,33.09,E,0.0,E,,,2.47,A,,,145.11,A
MX COMESULAL,8,2021,0.0,E,23.23,E,0.0,E,,,2.81,A,,,145.24,A
MX COMESULAL,9,2021,0.0,E,0.45,A,0.0,E,,,3.21,A,,,147.27,A
MX COMESULAL,10,2021,0.0,E,0.59,A,0.0,E,,,3.63,A,,,148.77,A
MX COMESULAL,11,2021,0.0,E,0.76,A,0.0,E,,,4.13,A,,,151.01,A
MX COMESULAL,12,2021,0.0,E,0.94,A,0.0,E,,,3.64,A,,,136.83,B
MX COMESULAL,1,2022,0.0,E,0.75,A,0.0,E,,,0.37,D,,,151.53,A
MX COMESULAL,2,2022,0.0,E,0.27,A,0.0,E,,,0.77,A,,,153.01,A
MX COMESULAL,3,2022,0.0,E,0.3,A,0.0,E,,,1.16,A,,,149.48,A
MX COMESULAL,4,2022,0.0,E,0.51,A,0.0,E,,,1.55,A,,,149.02,A
MX COMESULAL,5,2022,0.0,E,0.84,A,0.0,E,,,1.92,A,,,149.22,A
MX COMESULAL,6,2022,0.0,E,1.17,A,0.0,E,,,2.22,A,,,147.44,A
MX COMESULAL,7,2022,0.0,E,0.55,A,0.0,E,,,2.63,A,,,148.8,A
MX COMESULAL,8,2022,0.0,E,0.05,A,0.0,E,,,3.01,A,,,149.57,A
MX COMESULAL,9,2022,0.0,E,0.05,A,0.0,E,,,3.35,A,,,149.22,A
MX COMESULAL,10,2022,0.0,E,0.44,A,0.0,E,,,3.65,A,,,148.49,A
MX COMESULAL,11,2022,0.0,E,0.0,A,0.0,E,,,4.2,A,,,150.64,A
MX COMESULAL,12,2022,0.0,E,0.01,A,0.0,E,,,3.59,A,,,136.32,B
MX COMESULAL,1,2023,0.0,E,0.05,A,0.0,E,,,0.44,C,,,162.61,A
MX COMESULAL,2,2023,0.0,E,0.2,A,0.0,E,,,0.87,A,,,163.59,A
MX COMESULAL,3,2023,0.0,E,0.02,A,0.0,E,,,1.36,A,,,159.6,A
MX COMESULAL,4,2023,0.0,E,0.67,A,0.0,E,,,1.81,A,,,160.58,A
MX COMESULAL,5,2023,0.0,E,0.18,A,0.0,E,,,2.28,A,,,160.83,A
MX COMESULAL,6,2023,0.0,E,0.11,A,0.0,E,,,2.71,A,,,161.39,A
MX COMESULAL,7,2023,0.0,E,0.0,A,0.0,E,,,3.14,A,,,161.77,A
MX COMESULAL,8,2023,0.0,E,0.0,A,0.0,E,,,3.51,A,,,160.67,A
MX COMESULAL,9,2023,0.0,E,0.0,A,0.0,E,,,3.87,A,,,160.88,A
MX COMESULAL,10,2023,0.0,E,0.0,A,0.0,E,,,4.37,A,,,161.73,A
MX COMESULAL,11,2023,0.0,E,0.1,A,0.0,E,,,4.93,A,,,163.75,A
MX COMESULAL,12,2023,0.0,E,0.0,A,0.0,E,,,4.24,A,,,144.72,A
MX COMESULAL,1,2024,0.0,E,0.0,A,0.0,E,,,0.42,D,,,153.03,A
MX COMESULAL,2,2024,0.0,E,0.01,A,0.0,E,,,0.83,A,,,152.08,A
MX COMESULAL,3,2024,81.59,A,0.07,A,1245.77,A,1.24,E,1.19,A,1.44,E,148.12,A
MX COMESULAL,4,2024,82.95,A,0.01,A,12554.54,A,4.12,E,1.66,A,1.98,E,150.73,A
MX COMESULAL,5,2024,82.79,A,0.0,A,158496.81,A,4.87,E,2.13,A,2.56,E,152.92,A
MX COMESULAL,6,2024,82.29,A,0.01,A,11791.37,A,15.89,A,2.55,A,3.08,E,152.98,A
MX COMESULAL,7,2024,82.21,A,0.0,A,76779.57,A,16.48,A,2.93,A,3.54,E,153.0,A
MX COMESULAL,8,2024,82.04,A,0.0,A,25226.3,A,16.88,A,3.38,A,4.08,E,154.14,A
MX COMESULAL,9,2024,81.91,A,0.0,A,22546.11,A,17.83,A,3.8,A,4.6,E,155.12,A
MX COMESULAL,10,2024,81.58,A,0.0,A,64317.93,A,28.47,A,4.18,A,5.08,E,155.83,A
MX COMESULAL,11,2024,81.43,A,0.0,A,84182.87,A,32.87,A,4.6,A,5.6,E,156.22,A
MX COMESULAL,12,2024,84.32,A,0.0,A,54899.01,A,56.06,A,3.99,A,4.7,E,140.12,B
MX COMESULAL,1,2025,80.45,A,0.0,A,51400.37,A,38.8,A,0.39,D,0.48,E,154.56,A
MX COMESULAL,2,2025,80.33,A,0.2,A,467.37,A,44.55,A,0.81,A,1.01,E,157.05,A
MX COMESULAL,3,2025,81.77,A,0.27,A,335.91,A,22.81,A,1.21,A,1.46,E,151.74,A
MX COMESULAL,4,2025,82.53,A,0.0,A,74532.52,A,19.72,A,1.64,A,1.97,E,153.02,A
MX COMESULAL,5,2025,82.26,A,0.02,A,4475.97,A,36.21,A,2.05,A,2.47,E,153.8,A
MX COMESULAL,6,2025,82.14,A,0.02,A,4589.02,A,32.67,A,2.44,A,2.95,E,154.46,A
MX COMESULAL,7,2025,82.0,A,0.12,A,859.93,A,34.7,A,2.75,A,3.33,E,152.97,A
MX COMESULAL,8,2025,81.67,A,0.02,A,6406.94,A,63.72,A,3.11,A,3.78,E,153.28,A
MX COMESULAL,9,2025,81.66,A,0.07,A,1337.19,A,56.31,A,3.47,A,4.22,E,153.82,A
MX COMESULAL,10,2025,81.5,A,0.01,A,7385.8,A,57.81,A,3.83,A,4.66,E,154.4,A
MX COMESULAL,11,2025,81.25,A,0.0,A,65363.24,A,43.01,A,4.28,A,5.23,E,156.1,A
MX COMESULAL,12,2025,84.25,A,0.08,A,1265.3,A,99.9,A,3.63,A,4.28,E,139.4,B
MX COMESULAL,1,2026,80.56,A,0.08,A,1262.78,A,84.62,A,0.34,D,0.42,E,148.32,A
MX COMESULAL,2,2026,80.23,A,0.09,A,1136.93,A,82.72,A,0.63,B,0.77,E,142.53,B
MX COMESULAL,3,2026,81.72,A,,,,,62.9,A,0.88,A,1.07,E,136.07,B
MX COMITRAFABAL,1,2019,0.0,E,82.46,E,0.0,E,,,0.35,D,,,147.74,A
MX COMITRAFABAL,2,2019,0.0,E,59.37,E,0.0,E,,,0.07,E,,,104.15,C
MX COMITRAFABAL,3,2019,0.0,E,57.54,E,0.0,E,,,0.5,B,,,116.71,B
MX COMITRAFABAL,4,2019,0.0,E,81.2,E,0.0,E,,,0.78,A,,,120.43,B
MX COMITRAFABAL,6,2019,0.0,E,83.26,E,0.0,E,,,1.02,A,,,119.66,B
MX COMITRAFABAL,7,2019,0.0,E,85.13,E,0.0,E,,,1.16,A,,,118.32,B
MX COMITRAFABAL,8,2019,0.0,E,89.95,E,0.0,E,,,1.38,A,,,119.33,B
MX COMITRAFABAL,9,2019,0.0,E,84.25,E,0.0,E,,,1.47,A,,,118.51,B
MX COMITRAFABAL,10,2019,0.0,E,85.33,E,0.0,E,,,1.51,A,,,117.3,B
MX COMITRAFABAL,11,2019,0.0,E,90.67,E,0.0,E,,,1.52,A,,,115.85,B
MX COMITRAFABAL,12,2019,0.0,E,86.92,E,0.0,E,,,0.54,B,,,104.81,C
MX COMITRAFABAL,1,2020,0.0,E,79.85,E,0.0,E,,,0.03,E,,,102.94,C
MX COMITRAFABAL,8,2020,0.0,E,83.32,E,0.0,E,,,0.29,E,,,113.76,B
MX COMITRAFABAL,9,2020,0.0,E,12.74,E,0.0,E,,,-0.06,E,,,99.17,C
MX COMITRAFABAL,11,2020,0.0,E,20.93,E,0.0,E,,,0.34,D,,,103.83,C
MX COMITRAFABAL,1,2021,0.0,E,18.29,E,0.0,E,,,0.12,E,,,116.35,B
MX COMITRAFABAL,2,2021,0.0,E,31.03,E,0.0,E,,,0.36,D,,,119.96,B
MX COMITRAFABAL,4,2021,0.0,E,7.32,D,0.0,E,,,0.59,B,,,115.94,B
MX COMITRAFABAL,5,2021,0.0,E,26.01,E,0.0,E,,,0.64,B,,,114.49,B
MX COMITRAFABAL,6,2021,0.0,E,43.78,E,0.0,E,,,0.69,A,,,112.87,B
MX COMITRAFABAL,7,2021,0.0,E,43.7,E,0.0,E,,,0.81,A,,,112.53,B
MX COMITRAFABAL,8,2021,0.0,E,48.65,E,0.0,E,,,0.83,A,,,110.9,B
MX COMITRAFABAL,9,2021,0.0,E,50.36,E,0.0,E,,,0.88,A,,,110.47,B
MX COMITRAFABAL,10,2021,0.0,E,55.45,E,0.0,E,,,0.94,A,,,109.97,C
MX COMITRAFABAL,11,2021,0.0,E,54.75,E,0.0,E,,,1.0,A,,,109.68,C
MX COMITRAFABAL,12,2021,0.0,E,56.11,E,0.0,E,,,0.0,E,,,100.0,C
MX COMITRAFABAL,1,2022,0.0,E,56.54,E,0.0,E,,,0.15,E,,,113.54,B
MX COMITRAFABAL,2,2022,0.0,E,40.05,E,0.0,E,,,0.21,E,,,111.12,B
MX COMITRAFABAL,3,2022,0.0,E,63.9,E,0.0,E,,,0.25,E,,,108.53,C
MX COMITRAFABAL,4,2022,0.0,E,41.09,E,0.0,E,,,0.28,E,,,107.72,C
MX COMITRAFABAL,5,2022,0.0,E,65.85,E,0.0,E,,,0.38,D,,,108.88,C
MX COMITRAFABAL,6,2022,0.0,E,65.93,E,0.0,E,,,0.57,B,,,111.59,B
MX COMITRAFABAL,7,2022,0.0,E,65.46,E,0.0,E,,,1.13,A,,,120.3,B
MX COMITRAFABAL,8,2022,0.0,E,64.29,E,0.0,E,,,1.23,A,,,118.27,B
MX COMITRAFABAL,9,2022,0.0,E,65.72,E,0.0,E,,,1.25,A,,,116.32,B
MX COMITRAFABAL,10,2022,0.0,E,68.01,E,0.0,E,,,1.29,A,,,115.37,B
MX COMITRAFABAL,11,2022,0.0,E,69.72,E,0.0,E,,,1.42,A,,,115.21,B
MX COMITRAFABAL,12,2022,0.0,E,70.69,E,0.0,E,,,0.0,E,,,100.0,C
MX COMITRAFABAL,1,2023,0.0,E,74.29,E,0.0,E,,,0.01,E,,,101.0,C
MX COMITRAFABAL,2,2023,0.0,E,79.63,E,0.0,E,,,0.11,E,,,106.66,C
MX COMITRAFABAL,3,2023,0.0,E,77.62,E,0.0,E,,,0.15,E,,,105.19,C
MX COMITRAFABAL,4,2023,0.0,E,77.27,E,0.0,E,,,0.21,E,,,105.94,C
MX COMITRAFABAL,5,2023,0.0,E,81.77,E,0.0,E,,,0.25,E,,,105.77,C
MX COMITRAFABAL,6,2023,0.0,E,84.09,E,0.0,E,,,0.29,E,,,105.77,C
MX COMITRAFABAL,7,2023,0.0,E,79.62,E,0.0,E,,,0.52,B,,,108.67,C
MX COMITRAFABAL,8,2023,0.0,E,77.56,E,0.0,E,,,1.21,A,,,117.95,B
MX COMITRAFABAL,9,2023,0.0,E,78.89,E,0.0,E,,,1.58,A,,,120.78,B
MX COMITRAFABAL,10,2023,0.0,E,81.69,E,0.0,E,,,1.72,A,,,120.65,B
MX COMITRAFABAL,11,2023,0.0,E,84.03,E,0.0,E,,,1.81,A,,,119.99,B
MX COMITRAFABAL,12,2023,0.0,E,12.54,E,0.0,E,,,0.37,D,,,103.27,C
MX COMITRAFABAL,1,2024,0.0,E,11.83,E,0.0,E,,,0.24,E,,,129.58,B
MX COMITRAFABAL,2,2024,0.0,E,7.86,D,0.0,E,,,0.41,D,,,124.99,B
MX COMITRAFABAL,3,2024,74.37,A,9.29,D,73.18,D,59.62,A,0.29,E,0.37,E,110.95,B
MX COMITRAFABAL,4,2024,73.7,A,9.73,D,69.16,D,48.62,A,0.64,B,0.83,E,118.43,B
MX COMITRAFABAL,5,2024,73.81,A,7.8,D,86.63,C,62.13,A,0.83,A,1.07,E,120.64,B
MX COMITRAFABAL,6,2024,73.19,A,7.1,D,96.88,C,52.35,A,1.17,A,1.53,E,124.51,B
MX COMITRAFABAL,7,2024,72.63,A,6.45,C,103.71,B,52.37,A,1.56,A,2.06,E,128.53,B
MX COMITRAFABAL,8,2024,72.09,A,8.98,D,73.42,D,41.96,A,1.84,A,2.45,E,129.73,B
MX COMITRAFABAL,9,2024,71.52,A,8.43,D,77.8,D,38.91,A,1.84,A,2.46,E,125.99,B
MX COMITRAFABAL,10,2024,71.04,A,11.39,E,57.03,E,34.27,A,1.98,A,2.68,E,125.21,B
MX COMITRAFABAL,11,2024,70.49,A,13.09,E,48.91,E,24.74,A,2.13,A,2.89,E,124.34,B
MX COMITRAFABAL,12,2024,73.81,A,11.94,E,56.07,E,58.71,A,0.48,C,0.62,E,104.38,C
MX COMITRAFABAL,1,2025,70.21,A,46.46,E,14.25,E,37.5,A,0.06,E,0.08,E,106.62,C
MX COMITRAFABAL,2,2025,72.14,A,14.72,E,45.65,E,19.34,A,0.23,E,0.31,E,113.44,B
MX COMITRAFABAL,3,2025,71.97,A,5.0,C,130.84,A,7.94,C,0.76,A,1.01,E,128.56,B
MX COMITRAFABAL,4,2025,72.11,A,6.98,C,91.94,C,7.38,D,1.53,A,2.03,E,145.35,A
MX COMITRAFABAL,5,2025,71.7,A,7.8,D,82.84,D,13.03,A,1.57,A,2.1,E,137.55,B
MX COMITRAFABAL,6,2025,71.14,A,14.81,E,44.41,E,10.12,B,1.8,A,2.43,E,135.61,B
MX COMITRAFABAL,7,2025,70.65,A,10.55,E,60.95,D,15.86,A,2.08,A,2.82,E,135.89,B
MX COMITRAFABAL,8,2025,70.23,A,5.59,C,114.13,B,18.92,A,2.23,A,3.05,E,134.23,B
MX COMITRAFABAL,9,2025,69.8,A,6.79,C,92.09,C,12.24,A,2.75,A,3.78,E,137.67,B
MX COMITRAFABAL,10,2025,69.41,A,9.29,D,66.45,D,8.43,C,3.01,A,4.16,E,136.2,B
MX COMITRAFABAL,11,2025,68.99,A,78.87,E,7.8,E,9.56,B,3.32,A,4.62,E,136.51,B
MX COMITRAFABAL,12,2025,73.29,A,9.51,D,67.12,D,18.02,A,0.53,B,0.7,E,104.17,C
MX COMITRAFABAL,1,2026,68.34,A,8.25,D,74.64,D,39.12,A,0.21,E,0.3,E,124.42,B
MX COMITRAFABAL,2,2026,71.1,A,6.56,C,94.35,C,11.47,B,0.24,E,0.32,E,114.56,B
MX COMITRAFABAL,3,2026,70.83,A,,,,,9.13,B,0.73,A,0.99,E,129.46,B
MX COMJUPENOCH,1,2019,0.0,E,0.0,A,,,,,0.81,A,,,193.77,A
MX COMJUPENOCH,2,2019,0.0,E,0.0,A,,,,,1.35,A,,,194.46,A
MX COMJUPENOCH,3,2019,0.0,E,0.0,A,,,,,1.89,A,,,192.53,A
MX COMJUPENOCH,4,2019,0.0,E,0.0,A,,,,,2.67,A,,,194.48,A
MX COMJUPENOCH,5,2019,0.0,E,0.0,A,,,,,2.82,A,,,185.09,A
MX COMJUPENOCH,6,2019,0.0,E,0.0,A,,,,,3.86,A,,,186.53,A
MX COMJUPENOCH,7,2019,0.0,E,0.0,A,,,,,4.75,A,,,196.92,A
MX COMJUPENOCH,8,2019,0.0,E,0.0,A,,,,,5.7,A,,,207.92,A
MX COMJUPENOCH,9,2019,0.0,E,0.0,A,,,,,7.59,A,,,261.32,A
MX COMJUPENOCH,10,2019,0.0,E,0.0,A,,,,,8.46,A,,,265.19,A
MX COMJUPENOCH,11,2019,0.0,E,0.0,A,,,,,9.26,A,,,266.37,A
MX COMJUPENOCH,12,2019,0.0,E,0.0,A,,,,,5.71,A,,,160.12,A
MX COMJUPENOCH,1,2020,0.0,E,0.0,A,,,,,0.71,A,,,212.04,A
MX COMJUPENOCH,2,2020,0.0,E,0.0,A,,,,,1.36,A,,,201.88,A
MX COMJUPENOCH,3,2020,0.0,E,0.0,A,,,,,1.94,A,,,197.29,A
MX COMJUPENOCH,4,2020,0.0,E,0.0,A,,,,,2.42,A,,,188.93,A
MX COMJUPENOCH,5,2020,0.0,E,0.0,A,,,,,2.82,A,,,185.09,A
MX COMJUPENOCH,6,2020,0.0,E,0.0,A,,,,,2.82,A,,,185.09,A
MX COMJUPENOCH,7,2020,0.0,E,0.0,A,,,,,3.08,A,,,167.03,A
MX COMJUPENOCH,8,2020,0.0,E,0.0,A,,,,,3.78,A,,,173.15,A
MX COMJUPENOCH,10,2020,0.0,E,0.0,A,,,,,4.38,A,,,167.01,A
MX COMJUPENOCH,12,2020,0.0,E,0.0,A,,,,,2.7,A,,,126.96,B
MX COMJUPENOCH,1,2021,0.0,E,0.0,A,,,,,0.4,D,,,162.66,A
MX COMJUPENOCH,2,2021,0.0,E,0.0,A,,,,,0.63,B,,,147.5,A
MX COMJUPENOCH,3,2021,0.0,E,0.0,A,,,,,1.02,A,,,151.9,A
MX COMJUPENOCH,4,2021,0.0,E,0.0,A,,,,,1.59,A,,,162.35,A
MX COMJUPENOCH,5,2021,0.0,E,0.0,A,,,,,2.18,A,,,169.68,A
MX COMJUPENOCH,6,2021,0.0,E,0.0,A,,,,,2.38,A,,,157.47,A
MX COMJUPENOCH,7,2021,0.0,E,0.0,A,,,,,2.63,A,,,155.36,A
MX COMJUPENOCH,8,2021,0.0,E,0.0,A,,,,,3.52,A,,,168.45,A
MX COMJUPENOCH,9,2021,0.0,E,0.0,A,,,,,3.71,A,,,161.14,A
MX COMJUPENOCH,10,2021,0.0,E,0.0,A,,,,,5.63,A,,,207.2,A
MX COMJUPENOCH,11,2021,0.0,E,0.0,A,,,,,5.93,A,,,201.23,A
MX COMJUPENOCH,12,2021,0.0,E,0.0,A,,,,,2.86,A,,,135.45,B
MX COMJUPENOCH,1,2022,0.0,E,0.0,A,,,,,0.48,C,,,174.3,A
MX COMJUPENOCH,2,2022,0.0,E,0.0,A,,,,,0.77,A,,,155.64,A
MX COMJUPENOCH,3,2022,0.0,E,0.0,A,,,,,0.9,A,,,138.44,B
MX COMJUPENOCH,4,2022,0.0,E,0.0,A,,,,,1.27,A,,,143.77,A
MX COMJUPENOCH,5,2022,0.0,E,0.0,A,,,,,1.66,A,,,142.53,B
MX COMJUPENOCH,6,2022,0.0,E,0.0,A,,,,,1.79,A,,,136.13,B
MX COMJUPENOCH,7,2022,0.0,E,0.0,A,,,,,2.09,A,,,136.97,B
MX COMJUPENOCH,8,2022,0.0,E,0.0,A,,,,,2.54,A,,,140.29,B
MX COMJUPENOCH,9,2022,0.0,E,0.0,A,,,,,2.84,A,,,140.22,B
MX COMJUPENOCH,10,2022,0.0,E,0.0,A,,,,,3.06,A,,,139.8,B
MX COMJUPENOCH,11,2022,0.0,E,0.0,A,,,,,3.15,A,,,137.42,B
MX COMJUPENOCH,12,2022,0.0,E,0.0,A,,,,,0.49,C,,,104.87,C
MX COMJUPENOCH,1,2023,0.0,E,0.0,A,,,,,0.06,E,,,107.55,C
MX COMJUPENOCH,2,2023,0.0,E,0.0,A,,,,,-0.33,E,,,84.03,D
MX COMJUPENOCH,3,2023,0.0,E,0.0,A,,,,,-0.47,E,,,84.38,D
MX COMJUPENOCH,4,2023,0.0,E,0.0,A,,,,,-0.51,E,,,86.82,D
MX COMJUPENOCH,5,2023,0.0,E,0.0,A,,,,,-0.34,E,,,92.65,D
MX COMJUPENOCH,6,2023,0.0,E,0.0,A,,,,,-0.37,E,,,93.36,D
MX COMJUPENOCH,7,2023,0.0,E,0.0,A,,,,,0.05,E,,,100.79,C
MX COMJUPENOCH,8,2023,0.0,E,0.0,A,,,,,0.6,B,,,108.79,C
MX COMJUPENOCH,10,2023,0.0,E,0.0,A,,,,,1.57,A,,,119.62,B
MX COMJUPENOCH,11,2023,0.0,E,0.0,A,,,,,2.04,A,,,123.46,B
MX COMJUPENOCH,12,2023,0.0,E,0.0,A,,,,,1.81,A,,,118.41,B
MX COMJUPENOCH,1,2024,0.0,E,0.0,A,,,,,0.28,E,,,134.36,B
MX COMJUPENOCH,2,2024,0.0,E,0.0,A,,,,,0.7,A,,,147.43,A
MX COMJUPENOCH,3,2024,75.47,A,0.0,A,,,592.64,A,1.04,A,1.24,E,153.07,A
MX COMJUPENOCH,4,2024,74.72,A,0.0,A,,,460.2,A,1.27,A,1.52,E,145.26,A
MX COMJUPENOCH,5,2024,75.8,A,0.0,A,,,568.93,A,1.69,A,2.0,E,149.43,A
MX COMJUPENOCH,6,2024,76.42,A,0.0,A,,,602.52,A,1.98,A,2.32,E,146.71,A
MX COMJUPENOCH,7,2024,76.57,A,0.0,A,,,576.43,A,2.25,A,2.63,E,144.91,A
MX COMJUPENOCH,8,2024,76.84,A,0.0,A,,,554.32,A,2.67,A,3.11,E,147.52,A
MX COMJUPENOCH,9,2024,77.9,A,0.0,A,,,573.61,A,3.19,A,3.67,E,150.87,A
MX COMJUPENOCH,10,2024,78.22,A,0.0,A,,,635.54,A,3.68,A,4.22,E,154.41,A
MX COMJUPENOCH,12,2024,78.06,A,0.0,A,,,674.42,A,3.7,A,4.26,E,142.82,B
MX COMJUPENOCH,1,2025,75.18,A,0.0,A,,,399.48,A,0.67,A,0.8,E,275.15,A
MX EMPLEADOS DINANT,1,2019,0.0,E,0.27,A,0.0,E,,,0.19,E,,,125.86,B
MX EMPLEADOS DINANT,2,2019,0.0,E,0.86,A,0.0,E,,,0.26,E,,,117.38,B
MX EMPLEADOS DINANT,3,2019,0.0,E,1.3,A,0.0,E,,,0.33,D,,,114.49,B
MX EMPLEADOS DINANT,4,2019,0.0,E,0.91,A,0.0,E,,,0.44,C,,,114.42,B
MX EMPLEADOS DINANT,5,2019,0.0,E,0.34,A,0.0,E,,,1.01,A,,,130.22,B
MX EMPLEADOS DINANT,6,2019,0.0,E,0.67,A,0.0,E,,,0.69,A,,,115.43,B
MX EMPLEADOS DINANT,7,2019,0.0,E,1.03,A,0.0,E,,,0.77,A,,,114.33,B
MX EMPLEADOS DINANT,8,2019,0.0,E,0.56,A,0.0,E,,,0.98,A,,,116.12,B
MX EMPLEADOS DINANT,9,2019,0.0,E,0.46,A,0.0,E,,,1.14,A,,,116.73,B
MX EMPLEADOS DINANT,10,2019,0.0,E,0.39,A,0.0,E,,,1.24,A,,,116.58,B
MX EMPLEADOS DINANT,11,2019,0.0,E,0.48,A,0.0,E,,,1.27,A,,,115.07,B
MX EMPLEADOS DINANT,12,2019,0.0,E,0.56,A,0.0,E,,,0.4,D,,,103.98,C
MX EMPLEADOS DINANT,1,2020,0.0,E,0.48,A,0.0,E,,,0.41,D,,,170.97,A
MX EMPLEADOS DINANT,2,2020,0.0,E,0.67,A,0.0,E,,,0.67,A,,,154.08,A
MX EMPLEADOS DINANT,3,2020,0.0,E,0.66,A,0.0,E,,,0.91,A,,,149.08,A
MX EMPLEADOS DINANT,4,2020,0.0,E,0.87,A,0.0,E,,,1.15,A,,,147.65,A
MX EMPLEADOS DINANT,5,2020,0.0,E,0.34,A,0.0,E,,,1.01,A,,,130.22,B
MX EMPLEADOS DINANT,6,2020,0.0,E,0.44,A,0.0,E,,,1.13,A,,,128.59,B
MX EMPLEADOS DINANT,7,2020,0.0,E,1.26,A,0.0,E,,,1.41,A,,,130.83,B
MX EMPLEADOS DINANT,8,2020,0.0,E,1.51,A,0.0,E,,,1.58,A,,,130.54,B
MX EMPLEADOS DINANT,9,2020,0.0,E,0.43,A,0.0,E,,,1.76,A,,,130.36,B
MX EMPLEADOS DINANT,10,2020,0.0,E,0.41,A,0.0,E,,,1.98,A,,,131.16,B
MX EMPLEADOS DINANT,11,2020,0.0,E,0.38,A,0.0,E,,,2.29,A,,,133.15,B
MX EMPLEADOS DINANT,12,2020,0.0,E,0.38,A,0.0,E,,,1.04,A,,,111.41,B
MX EMPLEADOS DINANT,1,2021,0.0,E,0.33,A,0.0,E,,,0.3,E,,,144.25,A
MX EMPLEADOS DINANT,2,2021,0.0,E,0.26,A,0.0,E,,,0.51,B,,,137.96,B
MX EMPLEADOS DINANT,3,2021,0.0,E,0.27,A,0.0,E,,,0.73,A,,,136.15,B
MX EMPLEADOS DINANT,4,2021,0.0,E,0.28,A,0.0,E,,,0.95,A,,,135.9,B
MX EMPLEADOS DINANT,5,2021,0.0,E,0.35,A,0.0,E,,,1.11,A,,,133.89,B
MX EMPLEADOS DINANT,6,2021,0.0,E,0.41,A,0.0,E,,,1.24,A,,,131.9,B
MX EMPLEADOS DINANT,7,2021,0.0,E,0.31,A,0.0,E,,,1.56,A,,,134.24,B
MX EMPLEADOS DINANT,8,2021,0.0,E,0.29,A,0.0,E,,,1.73,A,,,133.43,B
MX EMPLEADOS DINANT,9,2021,0.0,E,0.25,A,0.0,E,,,1.96,A,,,133.93,B
MX EMPLEADOS DINANT,10,2021,0.0,E,0.25,A,0.0,E,,,2.11,A,,,133.02,B
MX EMPLEADOS DINANT,11,2021,0.0,E,0.25,A,0.0,E,,,2.11,A,,,133.02,B
MX EMPLEADOS DINANT,12,2021,0.0,E,0.3,A,0.0,E,,,1.23,A,,,113.4,B
MX EMPLEADOS DINANT,1,2022,0.0,E,0.3,A,0.0,E,,,0.22,E,,,133.47,B
MX EMPLEADOS DINANT,2,2022,0.0,E,0.25,A,0.0,E,,,0.41,D,,,130.94,B
MX EMPLEADOS DINANT,3,2022,0.0,E,0.16,A,0.0,E,,,0.57,B,,,128.05,B
MX EMPLEADOS DINANT,4,2022,0.0,E,0.19,A,0.0,E,,,0.63,B,,,122.34,B
MX EMPLEADOS DINANT,5,2022,0.0,E,0.16,A,0.0,E,,,0.75,A,,,121.38,B
MX EMPLEADOS DINANT,6,2022,0.0,E,0.17,A,0.0,E,,,0.86,A,,,120.93,B
MX EMPLEADOS DINANT,7,2022,0.0,E,0.18,A,0.0,E,,,1.09,A,,,122.94,B
MX EMPLEADOS DINANT,8,2022,0.0,E,0.18,A,0.0,E,,,1.27,A,,,123.57,B
MX EMPLEADOS DINANT,9,2022,0.0,E,0.19,A,0.0,E,,,1.48,A,,,124.57,B
MX EMPLEADOS DINANT,10,2022,0.0,E,0.2,A,0.0,E,,,1.61,A,,,124.12,B
MX EMPLEADOS DINANT,11,2022,0.0,E,0.19,A,0.0,E,,,1.73,A,,,123.43,B
MX EMPLEADOS DINANT,12,2022,0.0,E,0.13,A,0.0,E,,,1.04,A,,,111.07,B
MX EMPLEADOS DINANT,1,2023,0.0,E,0.13,A,0.0,E,,,0.15,E,,,120.75,B
MX EMPLEADOS DINANT,2,2023,0.0,E,0.13,A,0.0,E,,,0.32,D,,,123.07,B
MX EMPLEADOS DINANT,3,2023,0.0,E,0.16,A,0.0,E,,,0.56,B,,,127.34,B
MX EMPLEADOS DINANT,4,2023,0.0,E,0.19,A,0.0,E,,,0.5,B,,,117.06,B
MX EMPLEADOS DINANT,5,2023,0.0,E,0.28,A,0.0,E,,,0.68,A,,,118.84,B
MX EMPLEADOS DINANT,6,2023,0.0,E,0.18,A,0.0,E,,,0.92,A,,,121.66,B
MX EMPLEADOS DINANT,7,2023,0.0,E,0.14,A,0.0,E,,,1.08,A,,,121.56,B
MX EMPLEADOS DINANT,8,2023,0.0,E,0.15,A,0.0,E,,,1.22,A,,,121.64,B
MX EMPLEADOS DINANT,9,2023,0.0,E,0.23,A,0.0,E,,,1.46,A,,,123.59,B
MX EMPLEADOS DINANT,10,2023,0.0,E,0.23,A,0.0,E,,,1.61,A,,,123.7,B
MX EMPLEADOS DINANT,11,2023,0.0,E,0.23,A,0.0,E,,,1.74,A,,,123.22,B
MX EMPLEADOS DINANT,12,2023,0.0,E,0.26,A,0.0,E,,,1.08,A,,,111.07,B
MX EMPLEADOS DINANT,1,2024,0.0,E,0.24,A,0.0,E,,,0.17,E,,,122.0,B
MX EMPLEADOS DINANT,2,2024,0.0,E,0.36,A,0.0,E,,,0.38,D,,,126.25,B
MX EMPLEADOS DINANT,3,2024,78.63,A,0.35,A,248.49,A,21.79,A,0.44,C,0.56,E,120.01,B
MX EMPLEADOS DINANT,4,2024,77.74,A,0.37,A,234.4,A,17.4,A,0.31,D,0.4,E,109.8,C
MX EMPLEADOS DINANT,5,2024,76.94,A,0.36,A,240.86,A,21.82,A,0.49,C,0.63,E,112.74,B
MX EMPLEADOS DINANT,6,2024,76.54,A,0.74,A,123.43,B,45.9,A,0.63,B,0.82,E,114.25,B
MX EMPLEADOS DINANT,7,2024,77.0,A,0.32,A,285.89,A,40.78,A,0.86,A,1.1,E,116.71,B
MX EMPLEADOS DINANT,8,2024,75.68,A,0.34,A,265.88,A,38.99,A,1.03,A,1.35,E,118.33,B
MX EMPLEADOS DINANT,9,2024,75.05,A,0.34,A,263.28,A,37.18,A,1.18,A,1.56,E,119.04,B
MX EMPLEADOS DINANT,10,2024,74.52,A,0.35,A,257.08,A,38.21,A,1.28,A,1.71,E,119.04,B
MX EMPLEADOS DINANT,11,2024,75.25,A,0.39,A,227.71,A,39.66,A,1.43,A,1.88,E,119.36,B
MX EMPLEADOS DINANT,12,2024,79.31,A,0.34,A,255.63,A,44.67,A,0.82,A,1.03,E,108.86,C
MX EMPLEADOS DINANT,1,2025,78.1,A,0.43,A,205.73,A,43.3,A,0.15,E,0.19,E,122.19,B
MX EMPLEADOS DINANT,2,2025,76.92,A,0.18,A,474.33,A,37.45,A,0.34,D,0.44,E,125.88,B
MX EMPLEADOS DINANT,3,2025,78.13,A,0.18,A,448.3,A,26.44,A,0.51,B,0.65,E,125.8,B
MX EMPLEADOS DINANT,4,2025,76.7,A,0.21,A,390.2,A,28.38,A,0.55,B,0.71,E,120.1,B
MX EMPLEADOS DINANT,5,2025,75.83,A,0.22,A,366.24,A,32.39,A,0.64,B,0.84,E,119.47,B
MX EMPLEADOS DINANT,6,2025,75.15,A,0.27,A,314.55,A,52.62,A,0.74,A,0.98,E,119.02,B
MX EMPLEADOS DINANT,7,2025,75.74,A,0.3,A,287.76,A,47.52,A,0.94,A,1.23,E,120.17,B
MX EMPLEADOS DINANT,8,2025,74.31,A,0.23,A,375.15,A,43.89,A,1.08,A,1.45,E,120.43,B
MX EMPLEADOS DINANT,9,2025,74.36,A,0.22,A,396.42,A,27.54,A,1.2,A,1.61,E,120.23,B
MX EMPLEADOS DINANT,10,2025,73.12,A,0.15,A,532.39,A,25.42,A,1.2,A,1.64,E,118.26,B
MX EMPLEADOS DINANT,11,2025,74.33,A,0.22,A,369.11,A,21.21,A,1.36,A,1.82,E,118.61,B
MX EMPLEADOS DINANT,12,2025,79.05,A,0.24,A,300.44,A,33.37,A,0.6,B,0.76,E,106.38,C
MX EMPLEADOS DINANT,1,2026,77.62,A,0.28,A,251.34,A,30.13,A,0.14,E,0.18,E,120.47,B
MX EMPLEADOS DINANT,2,2026,76.32,A,0.27,A,255.88,A,23.77,A,0.3,D,0.39,E,122.54,B
MX EL CORTIJO,1,2025,58.25,A,1.06,A,301.84,A,38.17,A,0.22,E,0.36,E,116.93,B
MX EL CORTIJO,2,2025,58.31,A,19.02,E,16.77,E,35.26,A,0.51,B,0.85,E,120.07,B
MX EL CORTIJO,3,2025,58.07,A,55.82,E,5.89,E,65.04,A,0.23,E,0.39,E,105.53,C
MX EL CORTIJO,4,2025,55.07,A,1.8,A,179.87,A,35.09,A,0.6,B,1.06,E,111.22,B
MX EL CORTIJO,5,2025,55.9,A,14.01,E,23.23,E,27.53,A,1.07,A,1.87,E,116.36,B
MX EL CORTIJO,6,2025,56.11,A,9.89,D,33.0,E,68.19,A,1.25,A,2.16,E,115.99,B
MX EL CORTIJO,7,2025,56.41,A,20.54,E,16.02,E,57.62,A,1.45,A,2.5,E,116.16,B
MX EL CORTIJO,8,2025,57.15,A,18.06,E,18.64,E,29.23,A,1.71,A,2.91,E,116.6,B
MX EL CORTIJO,9,2025,56.92,A,8.05,D,41.17,E,30.35,A,2.08,A,3.54,E,118.3,B
MX EL CORTIJO,10,2025,56.7,A,22.13,E,14.53,E,26.53,A,2.53,A,4.34,E,120.76,B
MX EL CORTIJO,11,2025,56.31,A,11.04,E,29.37,E,70.26,A,2.87,A,4.96,E,121.87,B
MX EL CORTIJO,12,2025,58.73,A,25.17,E,13.34,E,138.95,A,1.18,A,1.95,E,106.76,C
MX EL CORTIJO,1,2026,59.76,A,8.47,D,28.09,E,57.81,A,0.4,D,0.66,E,127.28,B
MX EL CORTIJO,2,2026,60.15,A,5.74,C,41.06,E,22.26,A,0.81,A,1.32,E,127.47,B
MX EL CORTIJO,3,2026,57.3,A,,,,,70.02,A,1.23,A,2.1,E,129.05,B
MX EMPLEADOS BANCAHSA,1,2019,0.0,E,0.0,A,,,,,0.16,E,,,129.26,B
MX EMPLEADOS BANCAHSA,2,2019,0.0,E,0.0,A,,,,,0.25,E,,,123.13,B
MX EMPLEADOS BANCAHSA,3,2019,0.0,E,0.0,A,,,,,0.28,E,,,117.33,B
MX EMPLEADOS BANCAHSA,4,2019,0.0,E,0.0,A,,,,,0.37,D,,,117.06,B
MX EMPLEADOS BANCAHSA,5,2019,0.0,E,0.0,A,,,,,0.47,C,,,119.04,B
MX EMPLEADOS BANCAHSA,6,2019,0.0,E,0.0,A,,,,,0.85,A,,,127.01,B
MX EMPLEADOS BANCAHSA,7,2019,0.0,E,0.0,A,,,,,0.96,A,,,126.22,B
MX EMPLEADOS BANCAHSA,8,2019,0.0,E,0.0,A,,,,,1.03,A,,,124.56,B
MX EMPLEADOS BANCAHSA,9,2019,0.0,E,0.0,A,,,,,1.17,A,,,124.94,B
MX EMPLEADOS BANCAHSA,10,2019,0.0,E,0.0,A,,,,,1.34,A,,,126.29,B
MX EMPLEADOS BANCAHSA,11,2019,0.0,E,0.0,A,,,,,1.64,A,,,128.04,B
MX EMPLEADOS BANCAHSA,12,2019,0.0,E,0.0,A,,,,,1.33,A,,,119.39,B
MX EMPLEADOS BANCAHSA,1,2020,0.0,E,0.0,A,,,,,0.15,E,,,128.78,B
MX EMPLEADOS BANCAHSA,2,2020,0.0,E,0.0,A,,,,,0.25,E,,,124.69,B
MX EMPLEADOS BANCAHSA,3,2020,0.0,E,0.0,A,,,,,0.28,E,,,118.44,B
MX EMPLEADOS BANCAHSA,4,2020,0.0,E,0.0,A,,,,,0.37,D,,,118.51,B
MX EMPLEADOS BANCAHSA,5,2020,0.0,E,0.0,A,,,,,0.47,C,,,119.04,B
MX EMPLEADOS BANCAHSA,6,2020,0.0,E,0.0,A,,,,,0.68,A,,,123.53,B
MX EMPLEADOS BANCAHSA,7,2020,0.0,E,0.0,A,,,,,0.8,A,,,124.12,B
MX EMPLEADOS BANCAHSA,8,2020,0.0,E,0.0,A,,,,,1.04,A,,,128.7,B
MX EMPLEADOS BANCAHSA,9,2020,0.0,E,0.0,A,,,,,1.26,A,,,132.27,B
MX EMPLEADOS BANCAHSA,10,2020,0.0,E,0.0,A,,,,,1.41,A,,,132.63,B
MX EMPLEADOS BANCAHSA,11,2020,0.0,E,0.0,A,,,,,1.5,A,,,131.44,B
MX EMPLEADOS BANCAHSA,12,2020,0.0,E,0.0,A,,,,,1.38,A,,,123.5,B
MX EMPLEADOS BANCAHSA,1,2021,0.0,E,0.0,A,,,,,0.12,E,,,124.72,B
MX EMPLEADOS BANCAHSA,2,2021,0.0,E,0.0,A,,,,,0.2,E,,,120.95,B
MX EMPLEADOS BANCAHSA,3,2021,0.0,E,0.0,A,,,,,0.31,D,,,120.94,B
MX EMPLEADOS BANCAHSA,4,2021,0.0,E,0.0,A,,,,,0.26,E,,,112.92,B
MX EMPLEADOS BANCAHSA,5,2021,0.0,E,0.0,A,,,,,0.36,D,,,114.48,B
MX EMPLEADOS BANCAHSA,6,2021,0.0,E,0.0,A,,,,,0.54,B,,,118.25,B
MX EMPLEADOS BANCAHSA,7,2021,0.0,E,0.0,A,,,,,0.58,B,,,117.06,B
MX EMPLEADOS BANCAHSA,8,2021,0.0,E,0.0,A,,,,,0.66,A,,,117.19,B
MX EMPLEADOS BANCAHSA,9,2021,0.0,E,0.0,A,,,,,1.15,A,,,129.92,B
MX EMPLEADOS BANCAHSA,10,2021,0.0,E,0.0,A,,,,,1.33,A,,,131.48,B
MX EMPLEADOS BANCAHSA,11,2021,0.0,E,0.0,A,,,,,1.34,A,,,128.19,B
MX EMPLEADOS BANCAHSA,12,2021,0.0,E,0.0,A,,,,,1.05,A,,,117.08,B
MX EMPLEADOS BANCAHSA,1,2022,0.0,E,0.0,A,,,,,0.08,E,,,117.2,B
MX EMPLEADOS BANCAHSA,2,2022,0.0,E,0.0,A,,,,,0.16,E,,,115.9,B
MX EMPLEADOS BANCAHSA,3,2022,0.0,E,0.0,A,,,,,0.24,E,,,116.4,B
MX EMPLEADOS BANCAHSA,4,2022,0.0,E,0.0,A,,,,,0.26,E,,,112.91,B
MX EMPLEADOS BANCAHSA,5,2022,0.0,E,0.0,A,,,,,0.33,D,,,113.25,B
MX EMPLEADOS BANCAHSA,6,2022,0.0,E,0.0,A,,,,,0.42,D,,,114.52,B
MX EMPLEADOS BANCAHSA,7,2022,0.0,E,0.0,A,,,,,0.44,C,,,112.89,B
MX EMPLEADOS BANCAHSA,8,2022,0.0,E,0.0,A,,,,,0.59,B,,,115.94,B
MX EMPLEADOS BANCAHSA,9,2022,0.0,E,0.0,A,,,,,0.98,A,,,125.36,B
MX EMPLEADOS BANCAHSA,10,2022,0.0,E,0.0,A,,,,,1.1,A,,,126.11,B
MX EMPLEADOS BANCAHSA,11,2022,0.0,E,0.0,A,,,,,1.27,A,,,128.15,B
MX EMPLEADOS BANCAHSA,12,2022,0.0,E,0.0,A,,,,,0.85,A,,,114.19,B
MX EMPLEADOS BANCAHSA,1,2023,0.0,E,0.0,A,,,,,0.1,E,,,122.32,B
MX EMPLEADOS BANCAHSA,2,2023,0.0,E,0.0,A,,,,,0.17,E,,,118.73,B
MX EMPLEADOS BANCAHSA,3,2023,0.0,E,0.0,A,,,,,0.25,E,,,117.36,B
MX EMPLEADOS BANCAHSA,4,2023,0.0,E,0.0,A,,,,,0.28,E,,,114.51,B
MX EMPLEADOS BANCAHSA,5,2023,0.0,E,0.0,A,,,,,0.36,D,,,115.21,B
MX EMPLEADOS BANCAHSA,6,2023,0.0,E,0.0,A,,,,,0.55,B,,,119.57,B
MX EMPLEADOS BANCAHSA,7,2023,0.0,E,0.0,A,,,,,0.63,B,,,119.21,B
MX EMPLEADOS BANCAHSA,8,2023,0.0,E,0.0,A,,,,,0.93,A,,,125.82,B
MX EMPLEADOS BANCAHSA,9,2023,0.0,E,0.0,A,,,,,1.22,A,,,131.1,B
MX EMPLEADOS BANCAHSA,10,2023,0.0,E,0.0,A,,,,,1.14,A,,,124.95,B
MX EMPLEADOS BANCAHSA,11,2023,0.0,E,0.0,A,,,,,1.33,A,,,127.4,B
MX EMPLEADOS BANCAHSA,12,2023,0.0,E,0.0,A,,,,,0.9,A,,,114.03,B
MX EMPLEADOS BANCAHSA,1,2024,0.0,E,0.0,A,,,,,0.22,E,,,148.39,A
MX EMPLEADOS BANCAHSA,2,2024,0.0,E,0.0,A,,,,,0.31,D,,,131.19,B
MX EMPLEADOS BANCAHSA,3,2024,87.01,A,0.17,A,647.87,A,19.19,A,0.43,C,0.49,E,128.26,B
MX EMPLEADOS BANCAHSA,4,2024,86.41,A,0.17,A,647.87,A,20.1,A,0.44,C,0.51,E,121.14,B
MX EMPLEADOS BANCAHSA,5,2024,85.77,A,0.16,A,647.87,A,8.67,C,0.61,B,0.71,E,123.95,B
MX EMPLEADOS BANCAHSA,6,2024,85.06,A,0.16,A,647.87,A,8.9,C,0.81,A,0.95,E,126.77,B
MX EMPLEADOS BANCAHSA,7,2024,84.21,A,0.18,A,587.08,A,8.72,C,0.94,A,1.1,E,126.79,B
MX EMPLEADOS BANCAHSA,8,2024,83.73,A,0.17,A,587.08,A,13.6,A,1.18,A,1.4,E,130.66,B
MX EMPLEADOS BANCAHSA,9,2024,83.61,A,0.17,A,587.08,A,15.74,A,1.46,A,1.74,E,134.64,B
MX EMPLEADOS BANCAHSA,10,2024,83.23,A,0.17,A,587.08,A,9.46,B,1.66,A,1.98,E,135.74,B
MX EMPLEADOS BANCAHSA,11,2024,83.04,A,0.17,A,587.08,A,15.01,A,1.91,A,2.28,E,138.29,B
MX EMPLEADOS BANCAHSA,12,2024,89.34,A,0.18,A,587.08,A,13.51,A,1.65,A,1.83,E,125.1,B
MX EMPLEADOS BANCAHSA,1,2025,88.87,A,0.18,A,587.08,A,2.61,E,0.32,D,0.36,E,169.51,A
MX EMPLEADOS BANCAHSA,2,2025,87.74,A,0.17,A,587.08,A,5.93,D,0.61,B,0.69,E,163.34,A
MX EMPLEADOS BANCAHSA,3,2025,87.07,A,0.17,A,587.07,A,15.58,A,0.89,A,1.01,E,160.4,A
MX EMPLEADOS BANCAHSA,4,2025,86.33,A,0.17,A,587.07,A,24.98,A,1.12,A,1.29,E,157.29,A
MX EMPLEADOS BANCAHSA,5,2025,85.37,A,0.17,A,587.07,A,28.58,A,1.34,A,1.56,E,155.29,A
MX EMPLEADOS BANCAHSA,6,2025,84.48,A,0.17,A,587.07,A,13.16,A,1.66,A,1.96,E,158.7,A
MX EMPLEADOS BANCAHSA,7,2025,83.92,A,0.17,A,587.07,A,14.79,A,1.94,A,2.3,E,158.57,A
MX EMPLEADOS BANCAHSA,8,2025,82.9,A,0.16,A,587.07,A,13.1,A,2.24,A,2.68,E,159.4,A
MX EMPLEADOS BANCAHSA,9,2025,82.63,A,0.08,A,1490.64,A,12.68,A,2.6,A,3.12,E,161.05,A
MX EMPLEADOS BANCAHSA,10,2025,81.63,A,0.08,A,1455.13,A,10.85,B,2.87,A,3.49,E,161.22,A
MX EMPLEADOS BANCAHSA,11,2025,80.87,A,0.08,A,1455.13,A,14.31,A,3.0,A,3.69,E,159.69,A
MX EMPLEADOS BANCAHSA,12,2025,87.33,A,0.24,A,480.31,A,16.48,A,3.35,A,3.81,E,155.13,A
MX EMPLEADOS BANCAHSA,1,2026,86.56,A,0.24,A,480.31,A,13.22,A,0.22,E,0.25,E,145.89,A
MX EMPLEADOS BANCAHSA,2,2026,85.2,A,0.24,A,480.31,A,35.64,A,0.39,D,0.45,E,138.59,B
MX EMPLEADOS BANCAHSA,3,2026,85.24,A,,,,,12.07,A,0.5,B,0.59,E,132.83,B
MX EMPLEADOS BANCOCCI,1,2019,0.0,E,0.0,A,,,,,0.25,E,,,135.86,B
MX EMPLEADOS BANCOCCI,2,2019,0.0,E,0.0,A,,,,,0.39,D,,,128.11,B
MX EMPLEADOS BANCOCCI,3,2019,0.0,E,0.0,A,,,,,0.3,E,,,112.87,B
MX EMPLEADOS BANCOCCI,4,2019,0.0,E,0.0,A,,,,,0.38,D,,,112.14,B
MX EMPLEADOS BANCOCCI,5,2019,0.0,E,0.0,A,,,,,-0.92,E,,,74.07,D
MX EMPLEADOS BANCOCCI,6,2019,0.0,E,0.0,A,,,,,0.49,C,,,110.5,B
MX EMPLEADOS BANCOCCI,7,2019,0.0,E,0.0,A,,,,,0.7,A,,,112.99,B
MX EMPLEADOS BANCOCCI,8,2019,0.0,E,0.0,A,,,,,0.86,A,,,114.39,B
MX EMPLEADOS BANCOCCI,9,2019,0.0,E,0.0,A,,,,,0.94,A,,,114.15,B
MX EMPLEADOS BANCOCCI,10,2019,0.0,E,0.0,A,,,,,0.95,A,,,112.67,B
MX EMPLEADOS BANCOCCI,11,2019,0.0,E,0.0,A,,,,,0.99,A,,,112.07,B
MX EMPLEADOS BANCOCCI,12,2019,0.0,E,0.0,A,,,,,0.13,E,,,101.32,C
MX EMPLEADOS BANCOCCI,1,2020,0.0,E,0.0,A,,,,,0.23,E,,,132.84,B
MX EMPLEADOS BANCOCCI,2,2020,0.0,E,0.0,A,,,,,0.38,D,,,127.46,B
MX EMPLEADOS BANCOCCI,3,2020,0.0,E,0.0,A,,,,,0.01,E,,,100.53,C
MX EMPLEADOS BANCOCCI,5,2020,0.0,E,0.0,A,,,,,-0.92,E,,,74.07,D
MX EMPLEADOS BANCOCCI,6,2020,0.0,E,0.0,A,,,,,-1.25,E,,,70.62,D
MX EMPLEADOS BANCOCCI,7,2020,0.0,E,0.0,A,,,,,-1.54,E,,,68.93,D
MX EMPLEADOS BANCOCCI,8,2020,0.0,E,0.0,A,,,,,-1.82,E,,,67.43,D
MX EMPLEADOS BANCOCCI,9,2020,0.0,E,0.0,A,,,,,-2.0,E,,,68.04,D
MX EMPLEADOS BANCOCCI,10,2020,0.0,E,0.0,A,,,,,1.43,A,,,121.65,B
MX EMPLEADOS BANCOCCI,11,2020,0.0,E,0.0,A,,,,,1.58,A,,,121.84,B
MX EMPLEADOS BANCOCCI,12,2020,0.0,E,0.0,A,,,,,1.12,A,,,113.0,B
MX EMPLEADOS BANCOCCI,1,2021,0.0,E,0.0,A,,,,,0.32,D,,,155.28,A
MX EMPLEADOS BANCOCCI,2,2021,0.0,E,0.0,A,,,,,0.31,D,,,124.83,B
MX EMPLEADOS BANCOCCI,3,2021,0.0,E,0.0,A,,,,,0.21,E,,,109.94,C
MX EMPLEADOS BANCOCCI,4,2021,0.0,E,0.0,A,,,,,-0.12,E,,,96.33,C
MX EMPLEADOS BANCOCCI,5,2021,0.0,E,0.0,A,,,,,-0.18,E,,,95.62,C
MX EMPLEADOS BANCOCCI,6,2021,0.0,E,0.0,A,,,,,-0.14,E,,,97.02,C
MX EMPLEADOS BANCOCCI,7,2021,0.0,E,0.0,A,,,,,0.03,E,,,100.65,C
MX EMPLEADOS BANCOCCI,8,2021,0.0,E,0.0,A,,,,,0.19,E,,,103.16,C
MX EMPLEADOS BANCOCCI,9,2021,0.0,E,0.0,A,,,,,0.25,E,,,103.73,C
MX EMPLEADOS BANCOCCI,10,2021,0.0,E,0.0,A,,,,,0.45,C,,,106.39,C
MX EMPLEADOS BANCOCCI,11,2021,0.0,E,0.0,A,,,,,0.49,C,,,106.3,C
MX EMPLEADOS BANCOCCI,12,2021,0.0,E,0.0,A,,,,,0.06,E,,,100.61,C
MX EMPLEADOS BANCOCCI,1,2022,0.0,E,1.73,A,0.0,E,,,0.05,E,,,108.13,C
MX EMPLEADOS BANCOCCI,2,2022,0.0,E,1.72,A,0.0,E,,,0.05,E,,,103.6,C
MX EMPLEADOS BANCOCCI,3,2022,0.0,E,1.71,A,0.0,E,,,-0.0,E,,,99.92,C
MX EMPLEADOS BANCOCCI,4,2022,0.0,E,1.72,A,0.0,E,,,0.08,E,,,102.76,C
MX EMPLEADOS BANCOCCI,5,2022,0.0,E,0.57,A,0.0,E,,,0.16,E,,,104.6,C
MX EMPLEADOS BANCOCCI,6,2022,0.0,E,0.57,A,0.0,E,,,0.31,D,,,107.38,C
MX EMPLEADOS BANCOCCI,7,2022,0.0,E,0.58,A,0.0,E,,,0.36,D,,,107.58,C
MX EMPLEADOS BANCOCCI,8,2022,0.0,E,0.58,A,0.0,E,,,0.44,C,,,108.04,C
MX EMPLEADOS BANCOCCI,9,2022,0.0,E,0.57,A,0.0,E,,,0.6,B,,,109.77,C
MX EMPLEADOS BANCOCCI,10,2022,0.0,E,0.57,A,0.0,E,,,0.69,A,,,110.32,B
MX EMPLEADOS BANCOCCI,11,2022,0.0,E,0.58,A,0.0,E,,,0.81,A,,,111.14,B
MX EMPLEADOS BANCOCCI,12,2022,0.0,E,0.58,A,0.0,E,,,0.03,E,,,100.36,C
MX EMPLEADOS BANCOCCI,1,2023,0.0,E,0.57,A,0.0,E,,,0.05,E,,,107.51,C
MX EMPLEADOS BANCOCCI,2,2023,0.0,E,0.56,A,0.0,E,,,0.14,E,,,111.01,B
MX EMPLEADOS BANCOCCI,3,2023,0.0,E,0.56,A,0.0,E,,,0.12,E,,,105.96,C
MX EMPLEADOS BANCOCCI,4,2023,0.0,E,0.56,A,0.0,E,,,0.27,E,,,110.41,B
MX EMPLEADOS BANCOCCI,5,2023,0.0,E,0.55,A,0.0,E,,,0.28,E,,,108.37,C
MX EMPLEADOS BANCOCCI,6,2023,0.0,E,0.59,A,0.0,E,,,0.28,E,,,106.61,C
MX EMPLEADOS BANCOCCI,7,2023,0.0,E,0.0,A,,,,,0.31,D,,,106.16,C
MX EMPLEADOS BANCOCCI,8,2023,0.0,E,0.0,A,,,,,0.34,D,,,106.04,C
MX EMPLEADOS BANCOCCI,9,2023,0.0,E,0.0,A,,,,,0.38,D,,,106.02,C
MX EMPLEADOS BANCOCCI,10,2023,0.0,E,0.0,A,,,,,0.34,D,,,104.99,C
MX EMPLEADOS BANCOCCI,11,2023,0.0,E,0.0,A,,,,,0.46,C,,,106.25,C
MX EMPLEADOS BANCOCCI,12,2023,0.0,E,0.0,A,,,,,0.02,E,,,100.24,C
MX EMPLEADOS BANCOCCI,1,2024,0.0,E,0.0,A,,,,,0.11,E,,,116.66,B
MX EMPLEADOS BANCOCCI,2,2024,0.0,E,0.0,A,,,,,0.2,E,,,115.22,B
MX EMPLEADOS BANCOCCI,3,2024,93.29,A,0.0,A,,,560.24,A,0.19,E,0.2,E,109.42,C
MX EMPLEADOS BANCOCCI,4,2024,92.93,A,0.0,A,,,496.31,A,0.32,D,0.34,E,111.62,B
MX EMPLEADOS BANCOCCI,5,2024,92.59,A,0.0,A,,,437.72,A,0.34,D,0.36,E,109.99,C
MX EMPLEADOS BANCOCCI,6,2024,92.38,A,0.0,A,,,348.5,A,0.35,D,0.38,E,108.76,C
MX EMPLEADOS BANCOCCI,7,2024,92.04,A,0.0,A,,,265.38,A,0.46,C,0.49,E,109.98,C
MX EMPLEADOS BANCOCCI,8,2024,91.5,A,0.0,A,,,197.14,A,0.63,B,0.67,E,112.09,B
MX EMPLEADOS BANCOCCI,9,2024,91.23,A,0.0,A,,,204.15,A,0.72,A,0.77,E,112.45,B
MX EMPLEADOS BANCOCCI,10,2024,90.93,A,0.0,A,,,161.66,A,0.87,A,0.93,E,113.69,B
MX EMPLEADOS BANCOCCI,11,2024,90.64,A,0.0,A,,,138.69,A,1.02,A,1.1,E,114.86,B
MX EMPLEADOS BANCOCCI,12,2024,94.93,A,0.0,A,,,403.91,A,0.6,B,0.62,E,107.15,C
MX EMPLEADOS BANCOCCI,1,2025,94.31,A,0.0,A,,,330.17,A,0.12,E,0.12,E,116.48,B
MX EMPLEADOS BANCOCCI,2,2025,93.78,A,0.0,A,,,138.27,A,0.19,E,0.2,E,114.17,B
MX EMPLEADOS BANCOCCI,3,2025,92.85,A,0.0,A,,,79.71,A,0.13,E,0.13,E,106.02,C
MX EMPLEADOS BANCOCCI,4,2025,92.44,A,0.0,A,,,76.97,A,0.36,D,0.38,E,113.46,B
MX EMPLEADOS BANCOCCI,5,2025,91.96,A,0.0,A,,,92.58,A,0.52,B,0.56,E,116.19,B
MX EMPLEADOS BANCOCCI,6,2025,91.61,A,0.0,A,,,107.9,A,0.58,B,0.62,E,115.01,B
MX EMPLEADOS BANCOCCI,7,2025,91.22,A,0.0,A,,,106.78,A,0.8,A,0.86,E,118.1,B
MX EMPLEADOS BANCOCCI,8,2025,90.81,A,0.0,A,,,68.45,A,0.97,A,1.05,E,119.73,B
MX EMPLEADOS BANCOCCI,9,2025,90.54,A,0.0,A,,,47.25,A,1.18,A,1.28,E,121.45,B
MX EMPLEADOS BANCOCCI,10,2025,90.23,A,0.0,A,,,8.86,C,1.32,A,1.43,E,121.81,B
MX EMPLEADOS BANCOCCI,11,2025,90.49,A,0.0,A,,,56.3,A,1.49,A,1.61,E,122.77,B
MX EMPLEADOS BANCOCCI,12,2025,93.87,A,0.0,A,,,17.61,A,0.84,A,0.87,E,109.92,C
MX EMPLEADOS BANCOCCI,1,2026,93.23,A,0.0,A,,,60.27,A,0.22,E,0.23,E,133.29,B
MX EMPLEADOS BANCOCCI,2,2026,91.96,A,0.0,A,,,35.59,A,0.32,D,0.34,E,125.41,B
MX EMPLEADOS DEL VALLE,1,2019,0.0,E,0.0,A,,,,,0.92,A,,,180.67,A
MX EMPLEADOS DEL VALLE,2,2019,0.0,E,0.0,A,,,,,0.91,A,,,137.42,B
MX EMPLEADOS DEL VALLE,3,2019,0.0,E,0.0,A,,,,,0.88,A,,,124.65,B
MX EMPLEADOS DEL VALLE,4,2019,0.0,E,0.0,A,,,,,0.69,A,,,171.42,A
MX EMPLEADOS DEL VALLE,5,2019,0.0,E,0.0,A,,,,,2.33,A,,,150.23,A
MX EMPLEADOS DEL VALLE,7,2019,0.0,E,0.0,A,,,,,3.14,A,,,144.87,A
MX EMPLEADOS DEL VALLE,8,2019,0.0,E,0.0,A,,,,,2.82,A,,,134.75,B
MX EMPLEADOS DEL VALLE,9,2019,0.0,E,0.0,A,,,,,3.17,A,,,134.11,B
MX EMPLEADOS DEL VALLE,10,2019,0.0,E,0.0,A,,,,,3.72,A,,,135.83,B
MX EMPLEADOS DEL VALLE,10,2019,0.0,E,0.0,A,,,,,3.72,A,,,135.83,B
MX EMPLEADOS DEL VALLE,10,2019,0.0,E,0.0,A,,,,,3.72,A,,,135.83,B
MX EMPLEADOS DEL VALLE,10,2019,0.0,E,0.0,A,,,,,3.72,A,,,135.83,B
MX EMPLEADOS DEL VALLE,11,2019,0.0,E,0.0,A,,,,,4.11,A,,,136.8,B
MX EMPLEADOS DEL VALLE,11,2019,0.0,E,0.0,A,,,,,4.11,A,,,136.8,B
MX EMPLEADOS DEL VALLE,11,2019,0.0,E,0.0,A,,,,,4.11,A,,,136.8,B
MX EMPLEADOS DEL VALLE,11,2019,0.0,E,0.0,A,,,,,4.11,A,,,136.8,B
MX EMPLEADOS DEL VALLE,12,2019,0.0,E,0.0,A,,,,,1.59,A,,,110.87,B
MX EMPLEADOS DEL VALLE,12,2019,0.0,E,0.0,A,,,,,1.59,A,,,110.87,B
MX EMPLEADOS DEL VALLE,12,2019,0.0,E,0.0,A,,,,,1.59,A,,,110.87,B
MX EMPLEADOS DEL VALLE,12,2019,0.0,E,0.0,A,,,,,1.59,A,,,110.87,B
MX EMPLEADOS DEL VALLE,1,2020,0.0,E,0.0,A,,,,,0.27,E,,,126.98,B
MX EMPLEADOS DEL VALLE,1,2020,0.0,E,0.0,A,,,,,0.27,E,,,126.98,B
MX EMPLEADOS DEL VALLE,1,2020,0.0,E,0.0,A,,,,,0.27,E,,,126.98,B
MX EMPLEADOS DEL VALLE,1,2020,0.0,E,0.0,A,,,,,0.27,E,,,126.98,B
MX EMPLEADOS DEL VALLE,2,2020,0.0,E,0.0,A,,,,,0.49,C,,,122.89,B
MX EMPLEADOS DEL VALLE,3,2020,0.0,E,0.0,A,,,,,0.86,A,,,127.38,B
MX EMPLEADOS DEL VALLE,4,2020,0.0,E,0.0,A,,,,,1.67,A,,,147.47,A
MX EMPLEADOS DEL VALLE,5,2020,0.0,E,0.0,A,,,,,1.42,A,,,136.39,B
MX EMPLEADOS DEL VALLE,6,2020,0.0,E,0.0,A,,,,,1.98,A,,,144.83,A
MX EMPLEADOS DEL VALLE,6,2020,0.0,E,0.0,A,,,,,1.98,A,,,144.83,A
MX EMPLEADOS DEL VALLE,6,2020,0.0,E,0.0,A,,,,,1.98,A,,,144.83,A
MX EMPLEADOS DEL VALLE,6,2020,0.0,E,0.0,A,,,,,1.98,A,,,144.83,A
MX EMPLEADOS DEL VALLE,6,2020,0.0,E,0.0,A,,,,,1.98,A,,,144.83,A
MX EMPLEADOS DEL VALLE,6,2020,0.0,E,0.0,A,,,,,1.98,A,,,144.83,A
MX EMPLEADOS DEL VALLE,6,2020,0.0,E,0.0,A,,,,,1.98,A,,,144.83,A
MX EMPLEADOS DEL VALLE,6,2020,0.0,E,0.0,A,,,,,1.98,A,,,144.83,A
MX EMPLEADOS DEL VALLE,6,2020,0.0,E,0.0,A,,,,,1.98,A,,,144.83,A
MX EMPLEADOS DEL VALLE,7,2020,0.0,E,0.0,A,,,,,2.53,A,,,145.74,A
MX EMPLEADOS DEL VALLE,7,2020,0.0,E,0.0,A,,,,,2.53,A,,,145.74,A
MX EMPLEADOS DEL VALLE,7,2020,0.0,E,0.0,A,,,,,2.35,A,,,145.74,A
MX EMPLEADOS DEL VALLE,7,2020,0.0,E,0.0,A,,,,,2.35,A,,,145.74,A
MX EMPLEADOS DEL VALLE,8,2020,0.0,E,0.0,A,,,,,2.67,A,,,144.56,A
MX EMPLEADOS DEL VALLE,8,2020,0.0,E,0.0,A,,,,,2.67,A,,,144.56,A
MX EMPLEADOS DEL VALLE,8,2020,0.0,E,0.0,A,,,,,2.67,A,,,144.56,A
MX EMPLEADOS DEL VALLE,8,2020,0.0,E,0.0,A,,,,,2.67,A,,,144.56,A
MX EMPLEADOS DEL VALLE,9,2020,0.0,E,0.0,A,,,,,3.11,A,,,145.05,A
MX EMPLEADOS DEL VALLE,10,2020,0.0,E,0.0,A,,,,,3.37,A,,,144.14,A
MX EMPLEADOS DEL VALLE,11,2020,0.0,E,0.0,A,,,,,3.59,A,,,142.01,B
MX EMPLEADOS DEL VALLE,12,2020,0.0,E,0.0,A,,,,,3.54,A,,,139.34,B
MX EMPLEADOS DEL VALLE,1,2021,0.0,E,0.0,A,,,,,0.33,D,,,139.42,B
MX EMPLEADOS DEL VALLE,2,2021,0.0,E,0.0,A,,,,,0.6,B,,,131.19,B
MX EMPLEADOS DEL VALLE,3,2021,0.0,E,0.0,A,,,,,0.73,A,,,123.92,B
MX EMPLEADOS DEL VALLE,5,2021,0.0,E,0.0,A,,,,,1.35,A,,,126.93,B
MX EMPLEADOS DEL VALLE,6,2021,0.0,E,0.0,A,,,,,1.57,A,,,125.1,B
MX EMPLEADOS DEL VALLE,7,2021,0.0,E,0.0,A,,,,,1.84,A,,,126.01,B
MX EMPLEADOS DEL VALLE,8,2021,0.0,E,0.0,A,,,,,2.19,A,,,125.63,B
MX EMPLEADOS DEL VALLE,9,2021,0.0,E,0.0,A,,,,,2.35,A,,,125.68,B
MX EMPLEADOS DEL VALLE,10,2021,0.0,E,0.0,A,,,,,2.82,A,,,127.33,B
MX EMPLEADOS DEL VALLE,11,2021,0.0,E,0.0,A,,,,,2.88,A,,,125.77,B
MX EMPLEADOS DEL VALLE,12,2021,0.0,E,0.0,A,,,,,3.44,A,,,127.2,B
MX EMPLEADOS DEL VALLE,1,2022,0.0,E,0.0,A,,,,,0.09,E,,,107.77,C
MX EMPLEADOS DEL VALLE,2,2022,0.0,E,0.0,A,,,,,0.24,E,,,110.38,B
MX EMPLEADOS DEL VALLE,3,2022,0.0,E,0.0,A,,,,,0.34,D,,,109.31,C
MX EMPLEADOS DEL VALLE,4,2022,0.0,E,0.0,A,,,,,0.59,B,,,112.51,B
MX EMPLEADOS DEL VALLE,5,2022,0.0,E,0.0,A,,,,,0.89,A,,,115.46,B
MX EMPLEADOS DEL VALLE,6,2022,0.0,E,0.0,A,,,,,1.26,A,,,119.36,B
MX EMPLEADOS DEL VALLE,7,2022,0.0,E,0.0,A,,,,,1.79,A,,,124.77,B
MX EMPLEADOS DEL VALLE,8,2022,0.0,E,0.0,A,,,,,2.1,A,,,125.48,B
MX EMPLEADOS DEL VALLE,9,2022,0.0,E,0.0,A,,,,,2.33,A,,,125.16,B
MX EMPLEADOS DEL VALLE,10,2022,0.0,E,0.0,A,,,,,2.67,A,,,126.01,B
MX EMPLEADOS DEL VALLE,11,2022,0.0,E,0.0,A,,,,,2.88,A,,,125.28,B
MX EMPLEADOS DEL VALLE,12,2022,0.0,E,0.0,A,,,,,4.0,A,,,131.83,B
MX EMPLEADOS DEL VALLE,1,2023,0.0,E,0.77,A,0.0,E,,,0.19,E,,,121.1,B
MX EMPLEADOS DEL VALLE,2,2023,0.0,E,1.01,A,0.0,E,,,0.52,B,,,128.79,B
MX EMPLEADOS DEL VALLE,3,2023,0.0,E,0.25,A,0.0,E,,,0.9,A,,,131.82,B
MX EMPLEADOS DEL VALLE,4,2023,0.0,E,0.21,A,0.0,E,,,1.32,A,,,135.52,B
MX EMPLEADOS DEL VALLE,5,2023,0.0,E,0.22,A,0.0,E,,,1.56,A,,,133.19,B
MX EMPLEADOS DEL VALLE,6,2023,0.0,E,0.16,A,0.0,E,,,2.03,A,,,136.24,B
MX EMPLEADOS DEL VALLE,7,2023,0.0,E,0.0,A,0.0,E,,,2.6,A,,,139.54,B
MX EMPLEADOS DEL VALLE,8,2023,0.0,E,0.0,A,0.0,E,,,2.94,A,,,139.67,B
MX EMPLEADOS DEL VALLE,9,2023,0.0,E,0.0,A,0.0,E,,,3.21,A,,,138.47,B
MX EMPLEADOS DEL VALLE,10,2023,0.0,E,0.0,A,0.0,E,,,3.63,A,,,139.5,B
MX EMPLEADOS DEL VALLE,11,2023,0.0,E,0.0,A,0.0,E,,,4.04,A,,,139.37,B
MX EMPLEADOS DEL VALLE,12,2023,0.0,E,0.0,A,0.0,E,,,4.28,A,,,137.08,B
MX EMPLEADOS DEL VALLE,1,2024,0.0,E,0.0,A,0.0,E,,,0.51,B,,,174.61,A
MX EMPLEADOS DEL VALLE,2,2024,0.0,E,0.0,A,0.0,E,,,0.67,A,,,139.67,B
MX EMPLEADOS DEL VALLE,3,2024,92.86,A,0.0,A,36858.86,A,162.07,A,0.82,A,0.88,E,131.22,B
MX EMPLEADOS DEL VALLE,4,2024,94.3,A,0.0,A,76695.58,A,190.55,A,1.25,A,1.32,E,134.02,B
MX EMPLEADOS DEL VALLE,5,2024,93.62,A,0.0,A,12587.69,A,184.76,A,1.69,A,1.8,E,137.34,B
MX EMPLEADOS DEL VALLE,6,2024,94.1,A,0.0,A,18128.31,A,233.56,A,2.27,A,2.4,E,143.82,A
MX EMPLEADOS DEL VALLE,7,2024,93.95,A,0.01,A,10003.39,A,205.11,A,2.83,A,3.0,E,147.93,A
MX EMPLEADOS DEL VALLE,8,2024,93.79,A,0.01,A,9238.57,A,104.91,A,3.35,A,3.56,E,151.37,A
MX EMPLEADOS DEL VALLE,9,2024,93.72,A,0.0,A,,,116.99,A,3.66,A,3.89,E,150.55,A
MX EMPLEADOS DEL VALLE,10,2024,94.93,A,0.0,A,94571.02,A,378.65,A,4.24,A,4.44,E,152.03,A
MX EMPLEADOS DEL VALLE,11,2024,94.74,A,0.0,A,327410.12,A,211.85,A,4.66,A,4.9,E,152.76,A
MX EMPLEADOS DEL VALLE,12,2024,94.71,A,0.0,A,234847.65,A,240.82,A,4.41,A,4.64,E,143.01,A
MX EMPLEADOS DEL VALLE,1,2025,91.61,A,0.0,A,458223.67,A,285.23,A,0.4,D,0.44,E,155.72,A
MX EMPLEADOS DEL VALLE,2,2025,91.36,A,0.0,A,808055.41,A,264.3,A,0.87,A,0.95,E,158.45,A
MX EMPLEADOS DEL VALLE,3,2025,94.35,A,0.0,A,40253.6,A,506.29,A,1.1,A,1.16,E,143.12,A
MX EMPLEADOS DEL VALLE,4,2025,94.31,A,0.0,A,,,496.49,A,1.42,A,1.5,E,142.08,B
MX EMPLEADOS DEL VALLE,5,2025,94.38,A,0.0,A,,,538.21,A,1.93,A,2.04,E,147.16,A
MX EMPLEADOS DEL VALLE,6,2025,94.79,A,0.0,A,,,439.09,A,2.45,A,2.57,E,150.42,A
MX EMPLEADOS DEL VALLE,7,2025,94.33,A,0.0,A,,,246.96,A,3.04,A,3.2,E,154.15,A
MX EMPLEADOS DEL VALLE,8,2025,94.78,A,0.0,A,,,459.47,A,3.67,A,3.86,E,159.56,A
MX EMPLEADOS DEL VALLE,9,2025,94.84,A,0.08,A,611.82,A,572.01,A,4.11,A,4.32,E,159.6,A
MX EMPLEADOS DEL VALLE,10,2025,94.87,A,0.0,A,179909.88,A,587.14,A,4.63,A,4.86,E,161.67,A
MX EMPLEADOS DEL VALLE,11,2025,94.87,A,0.05,A,1230.44,A,423.21,A,5.31,A,5.57,E,161.65,A
MX EMPLEADOS DEL VALLE,12,2025,95.01,A,0.21,A,326.79,A,824.03,A,5.82,A,6.09,D,157.72,A
MX EMPLEADOS DEL VALLE,1,2026,90.47,A,0.29,A,392.32,A,265.76,A,0.44,C,0.48,E,164.42,A
MX EMPLEADOS DEL VALLE,2,2026,89.71,A,0.24,A,482.56,A,196.75,A,0.82,A,0.91,E,156.41,A
MX EMPLEADOS DEL VALLE,3,2026,93.13,A,,,,,455.25,A,0.98,A,1.05,E,136.46,B
MX EMPLEADOS DINANT,3,2026,77.06,A,,,,,13.84,A,0.41,D,0.53,E,119.86,B
MX EMPLEADOS ENEE,1,2019,0.0,E,23.43,E,0.0,E,,,0.3,D,,,137.65,B
MX EMPLEADOS ENEE,2,2019,0.0,E,21.27,E,0.0,E,,,0.59,B,,,135.96,B
MX EMPLEADOS ENEE,3,2019,0.0,E,19.43,E,0.0,E,,,0.87,A,,,133.16,B
MX EMPLEADOS ENEE,4,2019,0.0,E,17.36,E,0.0,E,,,1.35,A,,,139.38,B
MX EMPLEADOS ENEE,5,2019,0.0,E,10.29,E,0.0,E,,,1.48,A,,,137.63,B
MX EMPLEADOS ENEE,6,2019,0.0,E,17.67,E,0.0,E,,,2.05,A,,,140.18,B
MX EMPLEADOS ENEE,7,2019,0.0,E,16.36,E,0.0,E,,,2.49,A,,,142.94,B
MX EMPLEADOS ENEE,8,2019,0.0,E,16.43,E,0.0,E,,,3.02,A,,,145.49,A
MX EMPLEADOS ENEE,9,2019,0.0,E,15.51,E,0.0,E,,,3.42,A,,,148.8,A
MX EMPLEADOS ENEE,10,2019,0.0,E,14.25,E,0.0,E,,,3.71,A,,,146.1,A
MX EMPLEADOS ENEE,11,2019,0.0,E,12.59,E,0.0,E,,,4.17,A,,,146.2,A
MX EMPLEADOS ENEE,12,2019,0.0,E,11.87,E,0.0,E,,,0.13,E,,,100.85,C
MX EMPLEADOS ENEE,1,2020,0.0,E,15.22,E,0.0,E,,,0.49,C,,,160.84,A
MX EMPLEADOS ENEE,2,2020,0.0,E,12.18,E,0.0,E,,,1.12,A,,,165.48,A
MX EMPLEADOS ENEE,3,2020,0.0,E,9.61,D,0.0,E,,,1.62,A,,,164.13,A
MX EMPLEADOS ENEE,4,2020,0.0,E,9.91,D,0.0,E,,,2.15,A,,,167.14,A
MX EMPLEADOS ENEE,5,2020,0.0,E,10.29,E,0.0,E,,,1.48,A,,,137.63,B
MX EMPLEADOS ENEE,6,2020,0.0,E,10.29,E,0.0,E,,,1.48,A,,,137.63,B
MX EMPLEADOS ENEE,7,2020,0.0,E,10.44,E,0.0,E,,,2.11,A,,,139.77,B
MX EMPLEADOS ENEE,8,2020,0.0,E,11.25,E,0.0,E,,,2.52,A,,,142.4,B
MX EMPLEADOS ENEE,9,2020,0.0,E,13.5,E,0.0,E,,,2.97,A,,,144.11,A
MX EMPLEADOS ENEE,10,2020,0.0,E,11.25,E,0.0,E,,,3.41,A,,,146.38,A
MX EMPLEADOS ENEE,11,2020,0.0,E,11.22,E,0.0,E,,,3.75,A,,,146.12,A
MX EMPLEADOS ENEE,12,2020,0.0,E,10.86,E,0.0,E,,,2.08,A,,,117.75,B
MX EMPLEADOS ENEE,1,2021,0.0,E,12.5,E,0.0,E,,,0.48,C,,,160.4,A
MX EMPLEADOS ENEE,2,2021,0.0,E,12.16,E,0.0,E,,,0.85,A,,,151.73,A
MX EMPLEADOS ENEE,3,2021,0.0,E,10.6,E,0.0,E,,,1.26,A,,,150.79,A
MX EMPLEADOS ENEE,4,2021,0.0,E,9.48,D,0.0,E,,,1.45,A,,,142.2,B
MX EMPLEADOS ENEE,5,2021,0.0,E,9.49,D,0.0,E,,,1.8,A,,,141.12,B
MX EMPLEADOS ENEE,6,2021,0.0,E,9.97,D,0.0,E,,,2.17,A,,,140.9,B
MX EMPLEADOS ENEE,7,2021,0.0,E,9.5,D,0.0,E,,,2.74,A,,,143.53,A
MX EMPLEADOS ENEE,8,2021,0.0,E,8.99,D,0.0,E,,,4.43,A,,,163.66,A
MX EMPLEADOS ENEE,9,2021,0.0,E,8.58,D,0.0,E,,,4.73,A,,,162.0,A
MX EMPLEADOS ENEE,10,2021,0.0,E,7.94,D,0.0,E,,,5.1,A,,,161.67,A
MX EMPLEADOS ENEE,11,2021,0.0,E,7.84,D,0.0,E,,,5.86,A,,,164.62,A
MX EMPLEADOS ENEE,12,2021,0.0,E,7.6,D,0.0,E,,,4.23,A,,,130.62,B
MX EMPLEADOS ENEE,1,2022,0.0,E,7.64,D,0.0,E,,,0.47,C,,,165.9,A
MX EMPLEADOS ENEE,2,2022,0.0,E,7.09,D,0.0,E,,,0.92,A,,,154.92,A
MX EMPLEADOS ENEE,3,2022,0.0,E,6.72,C,0.0,E,,,1.24,A,,,148.28,A
MX EMPLEADOS ENEE,4,2022,0.0,E,6.58,C,0.0,E,,,1.83,A,,,152.53,A
MX EMPLEADOS ENEE,5,2022,0.0,E,6.09,C,0.0,E,,,2.1,A,,,146.54,A
MX EMPLEADOS ENEE,6,2022,0.0,E,6.46,C,0.0,E,,,2.39,A,,,144.25,A
MX EMPLEADOS ENEE,7,2022,0.0,E,6.38,C,0.0,E,,,2.81,A,,,145.68,A
MX EMPLEADOS ENEE,8,2022,0.0,E,6.27,C,0.0,E,,,3.07,A,,,144.68,A
MX EMPLEADOS ENEE,9,2022,0.0,E,6.2,C,0.0,E,,,3.37,A,,,144.15,A
MX EMPLEADOS ENEE,10,2022,0.0,E,6.36,C,0.0,E,,,3.58,A,,,143.57,A
MX EMPLEADOS ENEE,11,2022,0.0,E,8.48,D,0.0,E,,,3.75,A,,,141.32,B
MX EMPLEADOS ENEE,12,2022,0.0,E,8.63,D,0.0,E,,,2.32,A,,,118.32,B
MX EMPLEADOS ENEE,1,2023,0.0,E,12.36,E,0.0,E,,,0.23,E,,,125.32,B
MX EMPLEADOS ENEE,2,2023,0.0,E,10.51,E,0.0,E,,,0.73,A,,,140.52,B
MX EMPLEADOS ENEE,3,2023,0.0,E,10.61,E,0.0,E,,,1.19,A,,,143.28,A
MX EMPLEADOS ENEE,4,2023,0.0,E,10.77,E,0.0,E,,,1.32,A,,,135.9,B
MX EMPLEADOS ENEE,5,2023,0.0,E,12.48,E,0.0,E,,,1.62,A,,,135.23,B
MX EMPLEADOS ENEE,6,2023,0.0,E,12.76,E,0.0,E,,,1.89,A,,,134.01,B
MX EMPLEADOS ENEE,7,2023,0.0,E,12.82,E,0.0,E,,,2.17,A,,,134.2,B
MX EMPLEADOS ENEE,8,2023,0.0,E,11.5,E,0.0,E,,,2.91,A,,,141.37,B
MX EMPLEADOS ENEE,9,2023,0.0,E,11.43,E,0.0,E,,,3.11,A,,,140.1,B
MX EMPLEADOS ENEE,10,2023,0.0,E,11.34,E,0.0,E,,,3.12,A,,,135.98,B
MX EMPLEADOS ENEE,11,2023,0.0,E,11.89,E,0.0,E,,,3.32,A,,,135.46,B
MX EMPLEADOS ENEE,12,2023,0.0,E,12.54,E,0.0,E,,,2.05,A,,,115.89,B
MX EMPLEADOS ENEE,1,2024,0.0,E,11.7,E,0.0,E,,,0.21,E,,,122.29,B
MX EMPLEADOS ENEE,2,2024,0.0,E,11.13,E,0.0,E,,,0.67,A,,,135.59,B
MX EMPLEADOS ENEE,3,2024,72.64,A,9.81,D,235.45,A,84.11,A,1.16,A,1.38,E,138.82,B
MX EMPLEADOS ENEE,4,2024,72.69,A,9.86,D,224.4,A,65.45,A,1.43,A,1.7,E,136.1,B
MX EMPLEADOS ENEE,5,2024,72.65,A,9.05,D,238.3,A,55.11,A,1.86,A,2.22,E,137.5,B
MX EMPLEADOS ENEE,6,2024,71.89,A,9.34,D,239.13,A,69.18,A,1.98,A,2.39,E,133.26,B
MX EMPLEADOS ENEE,7,2024,71.31,A,10.27,E,213.97,A,86.43,A,2.22,A,2.71,E,132.79,B
MX EMPLEADOS ENEE,8,2024,70.05,A,9.65,D,208.14,A,57.45,A,2.48,A,3.1,E,133.41,B
MX EMPLEADOS ENEE,9,2024,69.7,A,9.33,D,208.64,A,50.06,A,2.89,A,3.63,E,135.07,B
MX EMPLEADOS ENEE,10,2024,69.42,A,9.2,D,211.35,A,47.62,A,3.32,A,4.2,E,137.08,B
MX EMPLEADOS ENEE,11,2024,69.15,A,8.69,D,224.08,A,87.21,A,3.49,A,4.45,E,135.16,B
MX EMPLEADOS ENEE,12,2024,75.81,A,9.7,D,204.94,A,98.02,A,2.25,A,2.59,E,116.35,B
MX EMPLEADOS ENEE,1,2025,73.21,A,9.43,D,207.39,A,46.74,A,0.15,E,0.18,E,114.01,B
MX EMPLEADOS ENEE,2,2025,72.26,A,10.19,E,188.0,A,46.91,A,0.54,B,0.65,E,127.78,B
MX EMPLEADOS ENEE,3,2025,71.9,A,10.79,E,177.08,A,49.05,A,0.86,A,1.05,E,129.78,B
MX EMPLEADOS ENEE,4,2025,73.77,A,10.62,E,185.14,A,47.72,A,1.23,A,1.46,E,130.98,B
MX EMPLEADOS ENEE,5,2025,72.66,A,9.78,D,194.0,A,35.29,A,1.67,A,2.01,E,133.88,B
MX EMPLEADOS ENEE,6,2025,72.55,A,9.74,D,204.45,A,65.7,A,1.88,A,2.27,E,131.23,B
MX EMPLEADOS ENEE,7,2025,71.7,A,9.69,D,198.38,A,62.49,A,2.16,A,2.65,E,131.49,B
MX EMPLEADOS ENEE,8,2025,70.47,A,9.29,D,198.92,A,55.4,A,2.47,A,3.09,E,132.95,B
MX EMPLEADOS ENEE,9,2025,69.96,A,8.54,D,197.13,A,52.96,A,2.82,A,3.56,E,134.46,B
MX EMPLEADOS ENEE,10,2025,68.77,A,8.22,D,206.49,A,77.32,A,2.91,A,3.75,E,131.61,B
MX EMPLEADOS ENEE,11,2025,68.86,A,8.2,D,212.84,A,94.4,A,3.19,A,4.11,E,131.63,B
MX EMPLEADOS ENEE,12,2025,76.22,A,9.19,D,207.6,A,57.31,A,2.15,A,2.47,E,115.64,B
MX EMPLEADOS ENEE,1,2026,73.94,A,9.4,D,204.29,A,59.52,A,0.25,E,0.3,E,125.18,B
MX EMPLEADOS ENEE,2,2026,72.99,A,9.55,D,201.59,A,59.05,A,0.56,B,0.67,E,130.19,B
MX EMPLEADOS ENEE,3,2026,75.45,A,,,,,71.09,A,0.74,A,0.87,E,124.49,B
MX EMPLEADOS LA MUNDIAL,1,2019,0.0,E,0.0,A,,,,,0.6,B,,,-335493.65,E
MX EMPLEADOS LA MUNDIAL,2,2019,0.0,E,0.0,A,,,,,1.47,A,,,12325.15,A
MX EMPLEADOS LA MUNDIAL,3,2019,0.0,E,0.0,A,,,,,2.64,A,,,9641.11,A
MX EMPLEADOS LA MUNDIAL,4,2019,0.0,E,0.0,A,,,,,3.56,A,,,572.44,A
MX EMPLEADOS MP,1,2019,0.0,E,2.18,A,0.0,E,,,2.84,A,,,113.49,B
MX EMPLEADOS MP,2,2019,0.0,E,2.26,A,0.0,E,,,1.36,A,,,149.13,A
MX EMPLEADOS MP,3,2019,0.0,E,2.16,A,0.0,E,,,1.95,A,,,143.95,A
MX EMPLEADOS MP,4,2019,0.0,E,2.1,A,0.0,E,,,2.5,A,,,139.88,B
MX EMPLEADOS MP,6,2019,0.0,E,1.83,A,0.0,E,,,3.26,A,,,139.13,B
MX EMPLEADOS MP,7,2019,0.0,E,1.79,A,0.0,E,,,3.63,A,,,139.45,B
MX EMPLEADOS MP,8,2019,0.0,E,1.57,A,0.0,E,,,3.94,A,,,138.68,B
MX EMPLEADOS MP,9,2019,0.0,E,1.5,A,0.0,E,,,4.45,A,,,139.71,B
MX EMPLEADOS MP,10,2019,0.0,E,2.16,A,0.0,E,,,4.6,A,,,142.8,B
MX EMPLEADOS MP,11,2019,0.0,E,2.08,A,0.0,E,,,5.15,A,,,143.52,A
MX EMPLEADOS MP,12,2019,0.0,E,1.71,A,0.0,E,,,2.12,A,,,112.13,B
MX EMPLEADOS MP,1,2020,0.0,E,1.7,A,0.0,E,,,0.13,E,,,109.56,C
MX EMPLEADOS MP,2,2020,0.0,E,1.67,A,0.0,E,,,0.55,B,,,121.15,B
MX EMPLEADOS MP,3,2020,0.0,E,1.62,A,0.0,E,,,0.72,A,,,117.71,B
MX EMPLEADOS MP,7,2020,0.0,E,6.57,C,0.0,E,,,0.99,A,,,111.48,B
MX EMPLEADOS MP,10,2020,0.0,E,1.74,A,0.0,E,,,0.36,D,,,102.61,C
MX EMPLEADOS MP,11,2020,0.0,E,7.13,D,0.0,E,,,0.62,B,,,104.21,C
MX EMPLEADOS MP,8,2021,0.0,E,5.94,C,0.0,E,,,1.2,A,,,112.2,B
MX EMPLEADOS MP,9,2021,0.0,E,5.13,C,0.0,E,,,1.34,A,,,112.07,B
MX EMPLEADOS MP,10,2021,0.0,E,5.84,C,0.0,E,,,1.52,A,,,112.37,B
MX EMPLEADOS MP,11,2021,0.0,E,1.98,A,0.0,E,,,1.74,A,,,112.8,B
MX EMPLEADOS MP,12,2021,0.0,E,2.36,A,0.0,E,,,0.78,A,,,104.63,C
MX EMPLEADOS MP,1,2022,0.0,E,2.38,A,0.0,E,,,0.19,E,,,116.49,B
MX EMPLEADOS MP,3,2022,0.0,E,2.19,A,0.0,E,,,0.56,B,,,124.89,B
MX EMPLEADOS MP,4,2022,0.0,E,1.98,A,0.0,E,,,1.23,A,,,127.26,B
MX EMPLEADOS MP,5,2022,0.0,E,1.89,A,0.0,E,,,1.66,A,,,129.24,B
MX EMPLEADOS MP,6,2022,0.0,E,2.06,A,0.0,E,,,1.71,A,,,124.14,B
MX EMPLEADOS MP,7,2022,0.0,E,2.1,A,0.0,E,,,2.0,A,,,124.63,B
MX EMPLEADOS MP,8,2022,0.0,E,1.87,A,0.0,E,,,2.32,A,,,124.93,B
MX EMPLEADOS MP,9,2022,0.0,E,1.72,A,0.0,E,,,2.82,A,,,127.07,B
MX EMPLEADOS MP,10,2022,0.0,E,1.51,A,0.0,E,,,3.37,A,,,129.44,B
MX EMPLEADOS MP,11,2022,0.0,E,1.46,A,0.0,E,,,3.95,A,,,131.62,B
MX EMPLEADOS MP,12,2022,0.0,E,1.53,A,0.0,E,,,1.64,A,,,109.59,C
MX EMPLEADOS MP,1,2023,0.0,E,1.55,A,0.0,E,,,0.39,D,,,136.49,B
MX EMPLEADOS MP,2,2023,0.0,E,1.38,A,0.0,E,,,0.89,A,,,141.36,B
MX EMPLEADOS MP,3,2023,0.0,E,1.34,A,0.0,E,,,1.41,A,,,143.13,A
MX EMPLEADOS MP,4,2023,0.0,E,1.28,A,0.0,E,,,1.7,A,,,137.1,B
MX EMPLEADOS MP,5,2023,0.0,E,1.27,A,0.0,E,,,2.19,A,,,138.07,B
MX EMPLEADOS MP,6,2023,0.0,E,1.63,A,0.0,E,,,2.26,A,,,131.57,B
MX EMPLEADOS MP,7,2023,0.0,E,1.6,A,0.0,E,,,2.65,A,,,132.83,B
MX EMPLEADOS MP,8,2023,0.0,E,1.41,A,0.0,E,,,3.27,A,,,136.02,B
MX EMPLEADOS MP,9,2023,0.0,E,1.36,A,0.0,E,,,3.87,A,,,138.64,B
MX EMPLEADOS MP,10,2023,0.0,E,1.39,A,0.0,E,,,4.47,A,,,140.94,B
MX EMPLEADOS MP,11,2023,0.0,E,1.34,A,0.0,E,,,4.99,A,,,142.28,B
MX EMPLEADOS MP,12,2023,0.0,E,1.43,A,0.0,E,,,2.23,A,,,113.27,B
MX EMPLEADOS MP,1,2024,0.0,E,1.39,A,0.0,E,,,0.36,D,,,131.77,B
MX EMPLEADOS MP,2,2024,0.0,E,1.27,A,0.0,E,,,0.8,A,,,136.35,B
MX EMPLEADOS MP,3,2024,58.48,A,1.28,A,469.16,A,14.34,A,1.04,A,1.69,E,129.58,B
MX EMPLEADOS MP,4,2024,58.85,A,1.3,A,459.15,A,8.93,C,1.47,A,2.38,E,131.7,B
MX EMPLEADOS MP,5,2024,59.51,A,1.29,A,467.08,A,6.51,D,1.85,A,2.94,E,131.47,B
MX EMPLEADOS MP,6,2024,60.29,A,1.6,A,424.68,A,36.5,A,1.86,A,2.92,E,125.24,B
MX EMPLEADOS MP,7,2024,60.21,A,6.85,C,102.38,B,33.79,A,2.06,A,3.23,E,123.97,B
MX EMPLEADOS MP,8,2024,60.3,A,8.81,D,75.52,D,18.26,A,2.63,A,4.13,E,127.48,B
MX EMPLEADOS MP,9,2024,60.33,A,3.65,B,178.91,A,12.04,A,2.97,A,4.65,E,127.68,B
MX EMPLEADOS MP,10,2024,60.22,A,6.51,C,101.74,B,16.88,A,3.49,A,5.47,E,130.06,B
MX EMPLEADOS MP,11,2024,61.1,A,3.6,B,182.05,A,7.9,C,4.03,A,6.23,D,131.53,B
MX EMPLEADOS MP,12,2024,62.23,A,11.73,E,62.86,D,21.74,A,1.99,A,3.02,E,111.87,B
MX EMPLEADOS MP,1,2025,61.69,A,14.02,E,52.3,E,28.31,A,0.61,B,0.93,E,171.97,A
MX EMPLEADOS MP,2,2025,63.88,A,4.08,B,169.6,A,4.22,E,1.29,A,1.9,E,171.33,A
MX EMPLEADOS MP,3,2025,65.48,A,6.81,C,104.22,B,3.02,E,1.87,A,2.68,E,163.5,A
MX EMPLEADOS MP,4,2025,66.52,A,4.6,B,159.82,A,7.34,D,2.37,A,3.33,E,157.38,A
MX EMPLEADOS MP,5,2025,67.7,A,5.7,C,131.84,A,12.81,A,2.69,A,3.72,E,149.53,A
MX EMPLEADOS MP,6,2025,68.92,A,4.37,B,186.76,A,44.54,A,2.71,A,3.67,E,139.17,B
MX EMPLEADOS MP,7,2025,69.04,A,3.96,B,205.51,A,40.57,A,3.31,A,4.47,E,142.44,B
MX EMPLEADOS MP,8,2025,69.11,A,4.12,B,195.64,A,36.53,A,3.83,A,5.18,E,143.85,A
MX EMPLEADOS MP,9,2025,69.14,A,4.14,B,193.8,A,32.84,A,4.3,A,5.8,E,143.98,A
MX EMPLEADOS MP,10,2025,68.4,A,4.19,B,195.09,A,42.69,A,4.67,A,6.38,D,143.79,A
MX EMPLEADOS MP,11,2025,69.21,A,4.03,B,203.23,A,35.48,A,5.07,A,6.84,D,142.44,B
MX EMPLEADOS MP,12,2025,67.2,A,4.63,B,195.59,A,50.57,A,2.58,A,3.57,E,116.0,B
MX EMPLEADOS MP,1,2026,64.85,A,4.48,B,202.75,A,59.54,A,0.26,E,0.38,E,124.58,B
MX EMPLEADOS MP,2,2026,64.57,A,4.38,B,203.54,A,37.82,A,0.52,B,0.75,E,122.36,B
MX EMPLEADOS MP,3,2026,66.06,A,,,,,39.64,A,0.5,B,0.7,E,113.06,B
MX EMPLEADOS UNICOMER,5,2019,0.0,E,71.11,E,0.0,E,,,0.48,C,,,103.6,C
MX EMPLEADOS UNICOMER,8,2019,0.0,E,0.0,A,,,,,2.87,A,,,112.5,B
MX EMPLEADOS UNICOMER,9,2019,0.0,E,0.0,A,,,,,3.26,A,,,112.89,B
MX EMPLEADOS UNICOMER,10,2019,0.0,E,0.0,A,,,,,3.36,A,,,112.72,B
MX EMPLEADOS UNICOMER,11,2019,0.0,E,3.82,B,0.0,E,,,3.6,A,,,112.71,B
MX EMPLEADOS UNICOMER,12,2019,0.0,E,2.76,B,0.0,E,,,2.02,A,,,105.39,C
MX EMPLEADOS UNICOMER,1,2020,0.0,E,2.71,B,0.0,E,,,0.27,E,,,109.16,C
MX EMPLEADOS UNICOMER,2,2020,0.0,E,3.65,B,0.0,E,,,0.7,A,,,112.82,B
MX EMPLEADOS UNICOMER,3,2020,0.0,E,3.3,B,0.0,E,,,1.13,A,,,112.5,B
MX EMPLEADOS UNICOMER,4,2020,0.0,E,2.89,B,0.0,E,,,1.15,A,,,110.55,B
MX EMPLEADOS UNICOMER,5,2020,0.0,E,71.11,E,0.0,E,,,0.48,C,,,103.6,C
MX EMPLEADOS UNICOMER,6,2020,0.0,E,98.31,E,0.0,E,,,-0.08,E,,,99.48,C
MX EMPLEADOS UNICOMER,7,2020,0.0,E,95.11,E,0.0,E,,,-0.71,E,,,95.76,C
MX EMPLEADOS UNICOMER,8,2020,0.0,E,94.06,E,0.0,E,,,-1.31,E,,,92.89,D
MX EMPLEADOS UNICOMER,9,2020,0.0,E,12.89,E,0.0,E,,,1.87,A,,,109.51,C
MX EMPLEADOS UNICOMER,10,2020,0.0,E,2.11,A,0.0,E,,,2.05,A,,,109.77,C
MX EMPLEADOS UNICOMER,11,2020,0.0,E,0.42,A,0.0,E,,,2.21,A,,,110.02,B
MX EMPLEADOS UNICOMER,12,2020,0.0,E,1.17,A,0.0,E,,,2.14,A,,,108.54,C
MX EMPLEADOS UNICOMER,1,2021,0.0,E,1.67,A,0.0,E,,,0.28,E,,,115.86,B
MX EMPLEADOS UNICOMER,2,2021,0.0,E,7.05,D,0.0,E,,,0.44,C,,,112.37,B
MX EMPLEADOS UNICOMER,3,2021,0.0,E,4.72,B,0.0,E,,,0.77,A,,,112.88,B
MX EMPLEADOS UNICOMER,5,2021,0.0,E,2.11,A,0.0,E,,,1.28,A,,,111.88,B
MX EMPLEADOS UNICOMER,6,2021,0.0,E,1.17,A,0.0,E,,,1.34,A,,,110.55,B
MX EMPLEADOS UNICOMER,7,2021,0.0,E,2.02,A,0.0,E,,,1.61,A,,,111.15,B
MX EMPLEADOS UNICOMER,8,2021,0.0,E,3.16,B,0.0,E,,,1.97,A,,,111.48,B
MX EMPLEADOS UNICOMER,9,2021,0.0,E,2.38,A,0.0,E,,,2.18,A,,,111.74,B
MX EMPLEADOS UNICOMER,10,2021,0.0,E,3.26,B,0.0,E,,,2.5,A,,,111.42,B
MX EMPLEADOS UNICOMER,12,2021,0.0,E,0.81,A,0.0,E,,,2.62,A,,,109.41,C
MX EMPLEADOS UNICOMER,1,2022,0.0,E,1.19,A,0.0,E,,,0.21,E,,,113.19,B
MX EMPLEADOS UNICOMER,2,2022,0.0,E,3.46,B,0.0,E,,,0.39,D,,,111.47,B
MX EMPLEADOS UNICOMER,3,2022,0.0,E,4.59,B,0.0,E,,,0.61,B,,,111.12,B
MX EMPLEADOS UNICOMER,4,2022,0.0,E,3.4,B,0.0,E,,,0.83,A,,,110.5,B
MX EMPLEADOS UNICOMER,5,2022,0.0,E,6.72,C,0.0,E,,,1.0,A,,,110.5,B
MX EMPLEADOS UNICOMER,6,2022,0.0,E,0.55,A,0.0,E,,,1.2,A,,,110.6,B
MX EMPLEADOS UNICOMER,7,2022,0.0,E,1.61,A,0.0,E,,,1.26,A,,,109.69,C
MX EMPLEADOS UNICOMER,8,2022,0.0,E,3.04,B,0.0,E,,,1.53,A,,,110.12,B
MX EMPLEADOS UNICOMER,9,2022,0.0,E,1.47,A,0.0,E,,,1.57,A,,,109.01,C
MX EMPLEADOS UNICOMER,10,2022,0.0,E,1.5,A,0.0,E,,,1.68,A,,,108.29,C
MX EMPLEADOS UNICOMER,11,2022,0.0,E,0.92,A,0.0,E,,,1.93,A,,,109.02,C
MX EMPLEADOS UNICOMER,12,2022,0.0,E,0.48,A,0.0,E,,,1.5,A,,,105.85,C
MX EMPLEADOS UNICOMER,1,2023,0.0,E,2.11,A,0.0,E,,,0.24,E,,,112.04,B
MX EMPLEADOS UNICOMER,2,2023,0.0,E,2.46,A,0.0,E,,,0.58,B,,,114.16,B
MX EMPLEADOS UNICOMER,3,2023,0.0,E,1.19,A,0.0,E,,,0.6,B,,,108.97,C
MX EMPLEADOS UNICOMER,4,2023,0.0,E,0.61,A,0.0,E,,,0.94,A,,,110.73,B
MX EMPLEADOS UNICOMER,5,2023,0.0,E,3.49,B,0.0,E,,,1.25,A,,,111.34,B
MX EMPLEADOS UNICOMER,6,2023,0.0,E,0.64,A,0.0,E,,,1.53,A,,,112.11,B
MX EMPLEADOS UNICOMER,7,2023,0.0,E,1.41,A,0.0,E,,,1.76,A,,,112.02,B
MX EMPLEADOS UNICOMER,8,2023,0.0,E,2.24,A,0.0,E,,,1.98,A,,,112.04,B
MX EMPLEADOS UNICOMER,9,2023,0.0,E,1.18,A,0.0,E,,,2.11,A,,,111.45,B
MX EMPLEADOS UNICOMER,10,2023,0.0,E,1.97,A,0.0,E,,,2.43,A,,,112.0,B
MX EMPLEADOS UNICOMER,11,2023,0.0,E,1.68,A,0.0,E,,,2.7,A,,,112.25,B
MX EMPLEADOS UNICOMER,12,2023,0.0,E,1.28,A,0.0,E,,,2.61,A,,,109.74,C
MX EMPLEADOS UNICOMER,1,2024,0.0,E,2.05,A,0.0,E,,,0.28,E,,,113.92,B
MX EMPLEADOS UNICOMER,2,2024,0.0,E,1.61,A,0.0,E,,,0.67,A,,,117.2,B
MX EMPLEADOS UNICOMER,3,2024,87.58,A,2.13,A,138.74,A,36.26,A,0.69,A,0.77,E,111.22,B
MX EMPLEADOS UNICOMER,4,2024,87.32,A,2.03,A,142.24,A,33.65,A,1.07,A,1.19,E,113.1,B
MX EMPLEADOS UNICOMER,5,2024,87.66,A,1.41,A,203.83,A,43.51,A,1.35,A,1.51,E,113.23,B
MX EMPLEADOS UNICOMER,6,2024,86.03,A,1.47,A,212.29,A,135.26,A,1.57,A,1.78,E,113.33,B
MX EMPLEADOS UNICOMER,7,2024,86.7,A,1.3,A,236.52,A,117.24,A,1.74,A,1.96,E,112.62,B
MX EMPLEADOS UNICOMER,8,2024,86.0,A,2.19,A,136.91,A,97.43,A,1.98,A,2.25,E,112.89,B
MX EMPLEADOS UNICOMER,9,2024,85.14,A,2.48,A,120.14,B,99.0,A,2.04,A,2.34,E,111.77,B
MX EMPLEADOS UNICOMER,10,2024,84.37,A,1.74,A,170.88,A,86.27,A,2.36,A,2.73,E,112.3,B
MX EMPLEADOS UNICOMER,11,2024,82.28,A,3.51,B,86.8,C,75.55,A,2.58,A,3.06,E,112.51,B
MX EMPLEADOS UNICOMER,12,2024,93.16,A,2.14,A,162.27,A,29.29,A,2.29,A,2.39,E,108.21,C
MX EMPLEADOS UNICOMER,1,2025,89.79,A,3.58,B,98.79,C,156.75,A,0.1,E,0.11,E,104.86,C
MX EMPLEADOS UNICOMER,2,2025,87.07,A,2.15,A,160.92,A,111.55,A,0.24,E,0.27,E,105.59,C
MX EMPLEADOS UNICOMER,3,2025,87.17,A,2.5,B,134.47,A,76.63,A,0.51,B,0.57,E,108.01,C
MX EMPLEADOS UNICOMER,4,2025,87.74,A,1.71,A,197.33,A,80.09,A,0.72,A,0.79,E,108.49,C
MX EMPLEADOS UNICOMER,5,2025,86.63,A,3.19,B,106.85,B,105.05,A,0.84,A,0.94,E,106.79,C
MX EMPLEADOS UNICOMER,6,2025,86.54,A,2.23,A,163.17,A,176.08,A,0.9,A,1.02,E,106.34,C
MX EMPLEADOS UNICOMER,7,2025,85.94,A,2.98,B,117.79,B,142.14,A,1.08,A,1.22,E,106.56,C
MX EMPLEADOS UNICOMER,8,2025,84.92,A,3.0,B,113.83,B,86.83,A,1.31,A,1.5,E,107.27,C
MX EMPLEADOS UNICOMER,9,2025,83.79,A,3.16,B,107.16,B,124.79,A,1.49,A,1.73,E,107.53,C
MX EMPLEADOS UNICOMER,10,2025,83.2,A,2.29,A,147.54,A,108.73,A,1.87,A,2.19,E,107.97,C
MX EMPLEADOS UNICOMER,11,2025,81.98,A,2.46,A,137.19,A,132.3,A,2.01,A,2.39,E,108.0,C
MX EMPLEADOS UNICOMER,12,2025,92.32,A,2.1,A,174.58,A,78.24,A,1.73,A,1.82,E,105.55,C
MX EMPLEADOS UNICOMER,1,2026,91.12,A,2.46,A,141.99,A,301.09,A,0.21,E,0.22,E,109.1,C
MX EMPLEADOS UNICOMER,2,2026,89.6,A,2.93,B,117.67,B,250.67,A,0.23,E,0.25,E,104.96,C
MX EMPLEADOS UNICOMER,3,2026,88.32,A,,,,,219.02,A,0.52,B,0.57,E,107.53,C
MX EMPLEADOS VICENTE CACERES,1,2025,74.37,A,0.0,A,,,58.5,A,0.86,A,1.1,E,267.58,A
MX EMPLEADOS VICENTE CACERES,2,2025,74.48,A,0.0,A,,,97.98,A,1.64,A,2.1,E,254.28,A
MX EMPLEADOS VICENTE CACERES,3,2025,72.48,A,0.0,A,,,112.21,A,1.15,A,1.51,E,170.6,A
MX EMPLEADOS VICENTE CACERES,4,2025,75.6,A,0.0,A,,,96.43,A,2.81,A,3.54,E,204.18,A
MX EMPLEADOS VICENTE CACERES,5,2025,75.72,A,0.0,A,,,95.36,A,3.56,A,4.48,E,209.31,A
MX EMPLEADOS VICENTE CACERES,6,2025,76.04,A,0.0,A,,,132.58,A,4.16,A,5.22,E,204.27,A
MX EMPLEADOS VICENTE CACERES,7,2025,76.0,A,0.0,A,,,156.76,A,4.75,A,5.96,E,201.83,A
MX EMPLEADOS VICENTE CACERES,8,2025,76.02,A,0.0,A,,,115.07,A,5.48,A,6.87,D,205.54,A
MX EMPLEADOS VICENTE CACERES,9,2025,75.98,A,0.0,A,,,105.76,A,6.32,A,7.93,D,211.63,A
MX EMPLEADOS VICENTE CACERES,10,2025,76.2,A,0.0,A,,,119.26,A,6.93,A,8.68,C,209.53,A
MX EMPLEADOS VICENTE CACERES,11,2025,76.38,A,0.0,A,,,142.89,A,6.73,A,8.4,D,186.17,A
MX EMPLEADOS VICENTE CACERES,12,2025,77.54,A,0.0,A,,,184.74,A,6.42,A,7.87,D,165.94,A
MX EMPLEADOS VICENTE CACERES,1,2026,72.41,A,0.0,A,,,103.18,A,0.76,A,0.99,E,239.87,A
MX EMPLEADOS VICENTE CACERES,2,2026,72.57,A,0.0,A,,,104.14,A,1.44,A,1.89,E,223.43,A
MX EMPLEADOS VICENTE CACERES,3,2026,76.12,A,,,,,152.03,A,1.74,A,2.17,E,176.25,A
MX ESFUERZO GENTE Y TRABAJO,1,2019,0.0,E,0.06,A,0.0,E,,,0.1,E,,,114.26,B
MX ESFUERZO GENTE Y TRABAJO,2,2019,0.0,E,0.06,A,0.0,E,,,0.14,E,,,110.11,B
MX ESFUERZO GENTE Y TRABAJO,3,2019,0.0,E,0.06,A,0.0,E,,,0.2,E,,,109.47,C
MX ESFUERZO GENTE Y TRABAJO,4,2019,0.0,E,0.06,A,0.0,E,,,0.1,E,,,103.67,C
MX ESFUERZO GENTE Y TRABAJO,5,2019,0.0,E,0.13,A,0.0,E,,,0.62,B,,,121.38,B
MX ESFUERZO GENTE Y TRABAJO,6,2019,0.0,E,10.43,E,0.0,E,,,1.71,A,,,130.42,B
MX ESFUERZO GENTE Y TRABAJO,6,2019,0.0,E,10.43,E,0.0,E,,,0.05,E,,,104.07,C
MX ESFUERZO GENTE Y TRABAJO,6,2019,0.0,E,0.06,A,0.0,E,,,5.43,A,,,130.42,B
MX ESFUERZO GENTE Y TRABAJO,6,2019,0.0,E,0.06,A,0.0,E,,,0.17,E,,,104.07,C
MX ESFUERZO GENTE Y TRABAJO,7,2019,0.0,E,0.06,A,0.0,E,,,0.26,E,,,105.38,C
MX ESFUERZO GENTE Y TRABAJO,8,2019,0.0,E,0.06,A,0.0,E,,,0.31,D,,,105.64,C
MX ESFUERZO GENTE Y TRABAJO,9,2019,0.0,E,0.06,A,0.0,E,,,0.34,D,,,105.47,C
MX ESFUERZO GENTE Y TRABAJO,10,2019,0.0,E,0.06,A,0.0,E,,,0.35,D,,,105.07,C
MX ESFUERZO GENTE Y TRABAJO,11,2019,0.0,E,0.06,A,0.0,E,,,0.28,E,,,103.71,C
MX ESFUERZO GENTE Y TRABAJO,12,2019,0.0,E,0.12,A,0.0,E,,,0.16,E,,,101.82,C
MX ESFUERZO GENTE Y TRABAJO,1,2020,0.0,E,0.12,A,0.0,E,,,0.1,E,,,114.57,B
MX ESFUERZO GENTE Y TRABAJO,2,2020,0.0,E,0.12,A,0.0,E,,,0.17,E,,,113.78,B
MX ESFUERZO GENTE Y TRABAJO,3,2020,0.0,E,0.12,A,0.0,E,,,0.36,D,,,121.26,B
MX ESFUERZO GENTE Y TRABAJO,4,2020,0.0,E,0.12,A,0.0,E,,,0.5,C,,,122.29,B
MX ESFUERZO GENTE Y TRABAJO,5,2020,0.0,E,0.13,A,0.0,E,,,0.62,B,,,121.38,B
MX ESFUERZO GENTE Y TRABAJO,6,2020,0.0,E,0.13,A,0.0,E,,,0.72,A,,,121.48,B
MX ESFUERZO GENTE Y TRABAJO,7,2020,0.0,E,0.13,A,0.0,E,,,0.86,A,,,121.5,B
MX ESFUERZO GENTE Y TRABAJO,8,2020,0.0,E,0.13,A,0.0,E,,,0.94,A,,,120.95,B
MX ESFUERZO GENTE Y TRABAJO,9,2020,0.0,E,0.13,A,0.0,E,,,1.05,A,,,119.52,B
MX ESFUERZO GENTE Y TRABAJO,10,2020,0.0,E,0.14,A,0.0,E,,,1.11,A,,,118.11,B
MX ESFUERZO GENTE Y TRABAJO,11,2020,0.0,E,0.14,A,0.0,E,,,1.07,A,,,115.83,B
MX ESFUERZO GENTE Y TRABAJO,12,2020,0.0,E,0.22,A,0.0,E,,,0.0,E,,,100.0,C
MX ESFUERZO GENTE Y TRABAJO,1,2021,0.0,E,0.22,A,0.0,E,,,0.05,E,,,108.51,C
MX ESFUERZO GENTE Y TRABAJO,2,2021,0.0,E,0.22,A,0.0,E,,,0.08,E,,,106.61,C
MX ESFUERZO GENTE Y TRABAJO,3,2021,0.0,E,0.16,A,0.0,E,,,0.11,E,,,105.74,C
MX ESFUERZO GENTE Y TRABAJO,4,2021,0.0,E,0.16,A,0.0,E,,,0.14,E,,,105.43,C
MX ESFUERZO GENTE Y TRABAJO,5,2021,0.0,E,0.17,A,0.0,E,,,0.16,E,,,105.02,C
MX ESFUERZO GENTE Y TRABAJO,6,2021,0.0,E,0.16,A,0.0,E,,,0.19,E,,,104.96,C
MX ESFUERZO GENTE Y TRABAJO,7,2021,0.0,E,0.16,A,0.0,E,,,0.24,E,,,105.21,C
MX ESFUERZO GENTE Y TRABAJO,8,2021,0.0,E,0.15,A,0.0,E,,,0.29,E,,,105.53,C
MX ESFUERZO GENTE Y TRABAJO,9,2021,0.0,E,0.15,A,0.0,E,,,0.37,D,,,106.18,C
MX ESFUERZO GENTE Y TRABAJO,10,2021,0.0,E,0.15,A,0.0,E,,,0.29,E,,,105.53,C
MX ESFUERZO GENTE Y TRABAJO,11,2021,0.0,E,0.15,A,0.0,E,,,0.98,A,,,114.64,B
MX ESFUERZO GENTE Y TRABAJO,12,2021,0.0,E,0.15,A,0.0,E,,,0.0,E,,,100.0,C
MX ESFUERZO GENTE Y TRABAJO,1,2022,0.0,E,0.15,A,0.0,E,,,0.19,E,,,131.98,B
MX ESFUERZO GENTE Y TRABAJO,2,2022,0.0,E,0.15,A,0.0,E,,,0.32,D,,,126.26,B
MX ESFUERZO GENTE Y TRABAJO,3,2022,0.0,E,0.15,A,0.0,E,,,0.41,D,,,121.56,B
MX ESFUERZO GENTE Y TRABAJO,4,2022,0.0,E,0.15,A,0.0,E,,,0.5,B,,,119.71,B
MX ESFUERZO GENTE Y TRABAJO,5,2022,0.0,E,0.15,A,0.0,E,,,0.55,B,,,116.81,B
MX ESFUERZO GENTE Y TRABAJO,6,2022,0.0,E,0.15,A,0.0,E,,,0.64,B,,,115.92,B
MX ESFUERZO GENTE Y TRABAJO,7,2022,0.0,E,1.67,A,0.0,E,,,0.74,A,,,116.12,B
MX ESFUERZO GENTE Y TRABAJO,8,2022,0.0,E,1.95,A,0.0,E,,,0.84,A,,,116.05,B
MX ESFUERZO GENTE Y TRABAJO,9,2022,0.0,E,2.6,B,0.0,E,,,0.94,A,,,116.07,B
MX ESFUERZO GENTE Y TRABAJO,10,2022,0.0,E,2.68,B,0.0,E,,,1.04,A,,,116.35,B
MX ESFUERZO GENTE Y TRABAJO,11,2022,0.0,E,2.58,B,0.0,E,,,1.16,A,,,116.4,B
MX ESFUERZO GENTE Y TRABAJO,12,2022,0.0,E,2.3,A,0.0,E,,,0.88,A,,,110.55,B
MX ESFUERZO GENTE Y TRABAJO,1,2023,0.0,E,4.4,B,0.0,E,,,0.11,E,,,116.57,B
MX ESFUERZO GENTE Y TRABAJO,3,2023,0.0,E,2.05,A,0.0,E,,,0.28,E,,,113.99,B
MX ESFUERZO GENTE Y TRABAJO,4,2023,0.0,E,2.41,A,0.0,E,,,0.39,D,,,114.63,B
MX ESFUERZO GENTE Y TRABAJO,5,2023,0.0,E,2.0,A,0.0,E,,,0.45,C,,,113.41,B
MX ESFUERZO GENTE Y TRABAJO,6,2023,0.0,E,2.09,A,0.0,E,,,0.53,B,,,113.4,B
MX ESFUERZO GENTE Y TRABAJO,7,2023,0.0,E,0.96,A,0.0,E,,,0.68,A,,,114.76,B
MX ESFUERZO GENTE Y TRABAJO,8,2023,0.0,E,1.12,A,0.0,E,,,0.78,A,,,114.67,B
MX ESFUERZO GENTE Y TRABAJO,9,2023,0.0,E,1.65,A,0.0,E,,,0.87,A,,,114.62,B
MX ESFUERZO GENTE Y TRABAJO,10,2023,0.0,E,1.23,A,0.0,E,,,0.98,A,,,114.78,B
MX ESFUERZO GENTE Y TRABAJO,11,2023,0.0,E,1.0,A,0.0,E,,,0.89,A,,,111.78,B
MX ESFUERZO GENTE Y TRABAJO,12,2023,0.0,E,0.31,A,0.0,E,,,0.78,A,,,109.17,C
MX ESFUERZO GENTE Y TRABAJO,1,2024,0.0,E,0.71,A,0.0,E,,,0.16,E,,,124.27,B
MX ESFUERZO GENTE Y TRABAJO,2,2024,0.0,E,0.28,A,0.0,E,,,0.26,E,,,118.82,B
MX ESFUERZO GENTE Y TRABAJO,3,2024,94.63,A,0.6,A,124.28,B,39.61,A,0.33,D,0.34,E,115.65,B
MX ESFUERZO GENTE Y TRABAJO,4,2024,94.33,A,1.59,A,47.71,E,53.65,A,0.37,D,0.39,E,113.05,B
MX ESFUERZO GENTE Y TRABAJO,5,2024,93.95,A,1.12,A,68.35,D,50.52,A,0.4,D,0.42,E,111.06,B
MX ESFUERZO GENTE Y TRABAJO,6,2024,93.86,A,1.59,A,47.99,E,54.44,A,0.4,D,0.42,E,109.27,C
MX ESFUERZO GENTE Y TRABAJO,7,2024,94.48,A,3.75,B,20.67,E,76.4,A,0.48,C,0.51,E,109.57,C
MX ESFUERZO GENTE Y TRABAJO,8,2024,94.39,A,3.02,B,25.21,E,42.85,A,0.59,B,0.62,E,110.29,B
MX ESFUERZO GENTE Y TRABAJO,9,2024,94.25,A,3.25,B,23.55,E,65.68,A,0.67,A,0.7,E,110.43,B
MX ESFUERZO GENTE Y TRABAJO,10,2024,94.69,A,1.45,A,52.93,E,47.51,A,0.73,A,0.77,E,110.21,B
MX ESFUERZO GENTE Y TRABAJO,11,2024,94.57,A,0.56,A,135.35,A,52.15,A,0.65,B,0.68,E,108.18,C
MX ESFUERZO GENTE Y TRABAJO,12,2024,94.92,A,0.59,A,130.93,A,101.63,A,0.5,C,0.52,E,105.59,C
MX ESFUERZO GENTE Y TRABAJO,1,2025,95.32,A,2.45,A,30.9,E,94.47,A,0.11,E,0.11,E,115.89,B
MX ESFUERZO GENTE Y TRABAJO,2,2025,95.02,A,1.36,A,55.27,E,54.59,A,0.23,E,0.24,E,116.9,B
MX ESFUERZO GENTE Y TRABAJO,3,2025,91.16,A,2.78,B,25.99,E,46.37,A,0.31,D,0.34,E,116.39,B
MX ESFUERZO GENTE Y TRABAJO,4,2025,90.93,A,4.48,B,15.81,E,34.9,A,0.34,D,0.37,E,113.27,B
MX ESFUERZO GENTE Y TRABAJO,5,2025,90.06,A,4.38,B,15.95,E,32.15,A,0.37,D,0.41,E,111.42,B
MX ESFUERZO GENTE Y TRABAJO,6,2025,90.03,A,3.39,B,20.97,E,34.28,A,0.38,D,0.42,E,109.41,C
MX ESFUERZO GENTE Y TRABAJO,7,2025,90.41,A,1.11,A,64.56,D,33.03,A,0.39,D,0.43,E,108.01,C
MX ESFUERZO GENTE Y TRABAJO,8,2025,90.25,A,1.02,A,70.5,D,43.61,A,0.39,D,0.43,E,107.05,C
MX ESFUERZO GENTE Y TRABAJO,9,2025,90.06,A,1.73,A,41.02,E,33.16,A,0.4,D,0.44,E,106.37,C
MX ESFUERZO GENTE Y TRABAJO,10,2025,88.35,A,1.58,A,43.58,E,65.67,A,0.44,C,0.5,E,106.51,C
MX ESFUERZO GENTE Y TRABAJO,11,2025,88.49,A,1.62,A,42.39,E,79.98,A,0.47,C,0.53,E,106.27,C
MX ESFUERZO GENTE Y TRABAJO,12,2025,88.41,A,0.18,A,393.62,A,69.9,A,0.58,B,0.65,E,106.96,C
MX ESFUERZO GENTE Y TRABAJO,1,2026,88.38,A,0.02,A,3229.06,A,60.22,A,0.17,E,0.19,E,123.88,B
MX ESFUERZO GENTE Y TRABAJO,2,2026,88.7,A,0.33,A,212.94,A,81.45,A,0.36,D,0.4,E,125.33,B
MX ESFUERZO GENTE Y TRABAJO,3,2026,88.12,A,,,,,32.68,A,0.54,B,0.61,E,125.71,B
MX FRATERNIDAD MUJERES,1,2019,0.0,E,59.07,E,0.0,E,,,-1.67,E,,,36.23,E
MX FRATERNIDAD MUJERES,2,2019,0.0,E,60.23,E,0.0,E,,,-2.41,E,,,47.31,E
MX FRATERNIDAD MUJERES,3,2019,0.0,E,61.6,E,0.0,E,,,-3.41,E,,,48.92,E
MX FRATERNIDAD MUJERES,4,2019,0.0,E,61.19,E,0.0,E,,,-4.37,E,,,49.38,E
MX FRATERNIDAD MUJERES,6,2019,0.0,E,7.75,D,0.0,E,,,0.63,B,,,113.9,B
MX FRATERNIDAD MUJERES,6,2019,0.0,E,7.75,D,0.0,E,,,-0.29,E,,,48.59,E
MX FRATERNIDAD MUJERES,6,2019,0.0,E,60.97,E,0.0,E,,,15.26,A,,,113.9,B
MX FRATERNIDAD MUJERES,6,2019,0.0,E,60.97,E,0.0,E,,,-6.99,E,,,48.59,E
MX FRATERNIDAD MUJERES,7,2019,0.0,E,62.01,E,0.0,E,,,-7.56,E,,,49.82,E
MX FRATERNIDAD MUJERES,8,2019,0.0,E,61.13,E,0.0,E,,,-7.51,E,,,51.78,E
MX FRATERNIDAD MUJERES,9,2019,0.0,E,56.45,E,0.0,E,,,-7.89,E,,,52.74,E
MX FRATERNIDAD MUJERES,10,2019,0.0,E,55.15,E,0.0,E,,,-8.23,E,,,55.27,E
MX FRATERNIDAD MUJERES,11,2019,0.0,E,52.28,E,0.0,E,,,-8.34,E,,,56.41,E
MX FRATERNIDAD MUJERES,1,2020,0.0,E,56.61,E,0.0,E,,,-1.57,E,,,33.14,E
MX FRATERNIDAD MUJERES,6,2020,0.0,E,60.32,E,0.0,E,,,-6.26,E,,,44.12,E
MX FRATERNIDAD MUJERES,12,2020,0.0,E,71.68,E,0.0,E,,,-9.94,E,,,43.56,E
MX FRATERNIDAD MUJERES,9,2021,0.0,E,62.36,E,0.0,E,,,-9.76,E,,,43.04,E
MX FRATERNIDAD MUJERES,10,2021,0.0,E,62.29,E,0.0,E,,,-10.43,E,,,44.66,E
MX FRATERNIDAD MUJERES,11,2021,0.0,E,61.99,E,0.0,E,,,-11.27,E,,,44.86,E
MX FRATERNIDAD MUJERES,12,2021,0.0,E,61.34,E,0.0,E,,,-13.77,E,,,42.31,E
MX FRATERNIDAD MUJERES,3,2022,0.0,E,72.03,E,0.0,E,,,-3.38,E,,,44.22,E
MX FRATERNIDAD MUJERES,4,2022,0.0,E,71.52,E,0.0,E,,,-4.59,E,,,41.74,E
MX FRATERNIDAD MUJERES,5,2022,0.0,E,74.39,E,0.0,E,,,-5.8,E,,,41.34,E
MX FRATERNIDAD MUJERES,6,2022,0.0,E,75.47,E,0.0,E,,,-7.19,E,,,40.53,E
MX GILDAN HONTEX,1,2019,0.0,E,0.0,A,,,,,0.22,E,,,124.46,B
MX GILDAN HONTEX,2,2019,0.0,E,0.0,A,,,,,0.33,D,,,117.3,B
MX GILDAN HONTEX,3,2019,0.0,E,0.0,A,,,,,0.61,B,,,121.2,B
MX GILDAN HONTEX,4,2019,0.0,E,0.0,A,,,,,0.84,A,,,121.92,B
MX GILDAN HONTEX,6,2019,0.0,E,0.0,A,,,,,1.35,A,,,123.69,B
MX GILDAN HONTEX,7,2019,0.0,E,0.0,A,,,,,1.53,A,,,124.03,B
MX GILDAN HONTEX,8,2019,0.0,E,0.0,A,,,,,1.8,A,,,124.99,B
MX GILDAN HONTEX,9,2019,0.0,E,0.0,A,,,,,2.11,A,,,125.81,B
MX GILDAN HONTEX,10,2019,0.0,E,0.0,A,,,,,1.94,A,,,120.91,B
MX GILDAN HONTEX,11,2019,0.0,E,0.0,A,,,,,2.06,A,,,120.16,B
MX GILDAN HONTEX,12,2019,0.0,E,0.0,A,,,,,0.24,E,,,101.73,C
MX GILDAN HONTEX,1,2020,0.0,E,0.0,A,,,,,0.31,D,,,134.7,B
MX GILDAN HONTEX,5,2021,0.0,E,0.0,A,,,,,1.17,A,,,126.19,B
MX GILDAN HONTEX,6,2021,0.0,E,0.0,A,,,,,1.51,A,,,127.92,B
MX GILDAN HONTEX,7,2021,0.0,E,0.0,A,,,,,1.68,A,,,126.43,B
MX GILDAN HONTEX,8,2021,0.0,E,0.0,A,,,,,1.01,A,,,112.09,B
MX GILDAN HONTEX,9,2021,0.0,E,0.0,A,,,,,1.37,A,,,114.48,B
MX GILDAN HONTEX,10,2021,0.0,E,0.0,A,,,,,1.66,A,,,114.94,B
MX GILDAN HONTEX,11,2021,0.0,E,0.0,A,,,,,1.54,A,,,112.94,B
MX GILDAN HONTEX,12,2021,0.0,E,0.0,A,,,,,1.19,A,,,108.64,C
MX GILDAN HONTEX,1,2022,0.0,E,0.0,A,,,,,0.04,E,,,104.26,C
MX GILDAN HONTEX,2,2022,0.0,E,0.0,A,,,,,0.12,E,,,108.66,C
MX GILDAN HONTEX,3,2022,0.0,E,0.0,A,,,,,0.87,A,,,134.92,B
MX GILDAN HONTEX,4,2022,0.0,E,0.0,A,,,,,1.9,A,,,140.55,B
MX GILDAN HONTEX,5,2022,0.0,E,0.0,A,,,,,2.72,A,,,147.1,A
MX GILDAN HONTEX,6,2022,0.0,E,0.0,A,,,,,3.67,A,,,156.5,A
MX GILDAN HONTEX,7,2022,0.0,E,0.0,A,,,,,4.39,A,,,160.14,A
MX GILDAN HONTEX,8,2022,0.0,E,0.0,A,,,,,5.3,A,,,165.33,A
MX GILDAN HONTEX,9,2022,0.0,E,0.0,A,,,,,6.09,A,,,168.4,A
MX GILDAN HONTEX,10,2022,0.0,E,0.0,A,,,,,6.09,A,,,161.41,A
MX GILDAN HONTEX,11,2022,0.0,E,0.0,A,,,,,6.23,A,,,159.84,A
MX GILDAN HONTEX,12,2022,0.0,E,0.0,A,,,,,4.86,A,,,139.75,B
MX GILDAN HONTEX,1,2023,0.0,E,0.0,A,,,,,0.25,E,,,267.92,A
MX GILDAN HONTEX,2,2023,0.0,E,0.0,A,,,,,0.33,D,,,219.32,A
MX GILDAN HONTEX,3,2023,0.0,E,0.0,A,,,,,0.58,B,,,226.37,A
MX GILDAN HONTEX,4,2023,0.0,E,0.0,A,,,,,0.57,B,,,199.47,A
MX GILDAN HONTEX,5,2023,0.0,E,0.0,A,,,,,0.61,B,,,185.84,A
MX GILDAN SAN ANTONIO,1,2019,0.0,E,0.0,A,,,,,0.02,E,,,102.49,C
MX GILDAN SAN ANTONIO,2,2019,0.0,E,0.0,A,,,,,0.18,E,,,109.24,C
MX GILDAN SAN ANTONIO,3,2019,0.0,E,0.0,A,,,,,0.37,D,,,112.11,B
MX GILDAN SAN ANTONIO,4,2019,0.0,E,0.0,A,,,,,0.39,D,,,109.27,C
MX GILDAN SAN ANTONIO,6,2019,0.0,E,0.0,A,,,,,0.46,C,,,107.03,C
MX GILDAN SAN ANTONIO,7,2019,0.0,E,0.0,A,,,,,0.49,C,,,106.48,C
MX GILDAN SAN ANTONIO,8,2019,0.0,E,0.0,A,,,,,0.6,B,,,107.01,C
MX GILDAN SAN ANTONIO,9,2019,0.0,E,0.0,A,,,,,0.7,A,,,107.42,C
MX GILDAN SAN ANTONIO,10,2019,0.0,E,0.0,A,,,,,0.68,A,,,106.88,C
MX GILDAN SAN ANTONIO,11,2019,0.0,E,0.0,A,,,,,0.78,A,,,107.38,C
MX GILDAN SAN ANTONIO,12,2019,0.0,E,0.0,A,,,,,2.04,A,,,112.36,B
MX GILDAN SAN ANTONIO,1,2020,0.0,E,0.0,A,,,,,-0.09,E,,,90.42,D
MX GILDAN SAN ANTONIO,7,2020,0.0,E,0.0,A,,,,,0.69,A,,,110.36,B
MX GILDAN SAN ANTONIO,8,2020,0.0,E,0.0,A,,,,,1.04,A,,,129.12,B
MX GILDAN SAN ANTONIO,9,2020,0.0,E,0.0,A,,,,,0.99,A,,,121.77,B
MX GILDAN SAN ANTONIO,12,2020,0.0,E,0.0,A,,,,,0.08,E,,,100.99,C
MX GILDAN SAN ANTONIO,12,2020,0.0,E,0.0,A,,,,,0.08,E,,,100.99,C
MX GILDAN SAN ANTONIO,12,2020,0.0,E,0.0,A,,,,,0.08,E,,,100.99,C
MX GILDAN SAN ANTONIO,12,2020,0.0,E,0.0,A,,,,,0.08,E,,,100.99,C
MX GILDAN SAN ANTONIO,9,2021,0.0,E,0.0,A,,,,,1.01,A,,,110.7,B
MX GILDAN SAN ANTONIO,10,2021,0.0,E,0.0,A,,,,,0.99,A,,,109.99,C
MX GILDAN SAN ANTONIO,12,2021,0.0,E,0.0,A,,,,,1.92,A,,,114.45,B
MX GILDAN SAN ANTONIO,1,2022,0.0,E,0.0,A,,,,,-0.17,E,,,83.19,D
MX GILDAN SAN ANTONIO,2,2022,0.0,E,0.0,A,,,,,0.0,E,,,100.12,C
MX GILDAN SAN ANTONIO,3,2022,0.0,E,0.0,A,,,,,0.03,E,,,100.83,C
MX GILDAN SAN ANTONIO,4,2022,0.0,E,0.0,A,,,,,0.07,E,,,101.54,C
MX GILDAN SAN ANTONIO,5,2022,0.0,E,0.0,A,,,,,0.38,D,,,107.24,C
MX GILDAN SAN ANTONIO,6,2022,0.0,E,0.0,A,,,,,0.64,B,,,110.53,B
MX GILDAN SAN ANTONIO,7,2022,0.0,E,0.0,A,,,,,0.94,A,,,113.61,B
MX GILDAN SAN ANTONIO,8,2022,0.0,E,0.0,A,,,,,1.19,A,,,115.14,B
MX GILDAN SAN ANTONIO,9,2022,0.0,E,0.0,A,,,,,1.25,A,,,114.57,B
MX GILDAN SAN ANTONIO,10,2022,0.0,E,0.0,A,,,,,1.3,A,,,114.49,B
MX GILDAN SAN ANTONIO,11,2022,0.0,E,0.0,A,,,,,1.59,A,,,116.64,B
MX GILDAN SAN ANTONIO,12,2022,0.0,E,0.0,A,,,,,1.7,A,,,112.83,B
MX GILDAN SAN ANTONIO,1,2023,0.0,E,0.0,A,,,,,-0.42,E,,,60.63,E
MX GILDAN SAN ANTONIO,2,2023,0.0,E,0.0,A,,,,,-0.18,E,,,91.4,D
MX GILDAN SAN ANTONIO,3,2023,0.0,E,0.0,A,,,,,0.18,E,,,105.91,C
MX GILDAN SAN ANTONIO,4,2023,0.0,E,0.0,A,,,,,0.46,C,,,111.5,B
MX GILDAN SAN ANTONIO,5,2023,0.0,E,0.0,A,,,,,0.97,A,,,118.43,B
MX GILDAN SAN ANTONIO,6,2023,0.0,E,0.0,A,,,,,1.24,A,,,120.05,B
MX GILDAN SAN ANTONIO,7,2023,0.0,E,0.0,A,,,,,1.56,A,,,121.47,B
MX GILDAN SAN ANTONIO,8,2023,0.0,E,0.0,A,,,,,1.92,A,,,124.2,B
MX GILDAN SAN ANTONIO,9,2023,0.0,E,0.0,A,,,,,2.02,A,,,122.62,B
MX GILDAN SAN ANTONIO,10,2023,0.0,E,0.0,A,,,,,2.44,A,,,124.48,B
MX GILDAN SAN ANTONIO,11,2023,0.0,E,0.0,A,,,,,3.08,A,,,129.36,B
MX GILDAN SAN ANTONIO,12,2023,0.0,E,0.0,A,,,,,3.5,A,,,126.49,B
MX GILDAN SAN ANTONIO,1,2024,0.0,E,0.0,A,,,,,-0.17,E,,,84.79,D
MX GILDAN SAN ANTONIO,2,2024,0.0,E,0.0,A,,,,,0.16,E,,,106.98,C
MX GILDAN SAN ANTONIO,3,2024,93.04,A,0.0,A,,,321.33,A,0.36,D,0.38,E,111.68,B
MX GILDAN SAN ANTONIO,4,2024,92.12,A,0.0,A,,,287.6,A,0.54,B,0.59,E,113.36,B
MX GILDAN SAN ANTONIO,5,2024,87.84,A,0.0,A,,,130.54,A,1.03,A,1.16,E,121.55,B
MX GILDAN SAN ANTONIO,6,2024,87.73,A,0.0,A,,,113.04,A,1.34,A,1.52,E,124.01,B
MX GILDAN SAN ANTONIO,7,2024,86.51,A,0.0,A,,,119.87,A,1.49,A,1.7,E,122.86,B
MX GILDAN SAN ANTONIO,8,2024,86.42,A,0.0,A,,,110.7,A,1.98,A,2.27,E,127.61,B
MX GILDAN SAN ANTONIO,9,2024,86.86,A,0.0,A,,,122.25,A,1.99,A,2.28,E,124.49,B
MX GILDAN SAN ANTONIO,10,2024,86.37,A,0.0,A,,,155.56,A,2.66,A,3.05,E,130.42,B
MX GILDAN SAN ANTONIO,11,2024,85.97,A,0.0,A,,,119.5,A,3.56,A,4.1,E,134.47,B
MX GILDAN SAN ANTONIO,12,2024,88.72,A,0.0,A,,,245.74,A,4.35,A,4.85,E,133.7,B
MX GILDAN SAN ANTONIO,1,2025,92.52,A,0.0,A,,,1480.01,A,0.41,D,0.44,E,171.82,A
MX GILDAN SAN ANTONIO,2,2025,90.88,A,0.0,A,,,906.1,A,1.07,A,1.17,E,185.99,A
MX GILDAN SAN ANTONIO,3,2025,91.18,A,0.0,A,,,1076.15,A,1.76,A,1.9,E,176.47,A
MX GILDAN SAN ANTONIO,4,2025,89.18,A,0.0,A,,,734.23,A,2.48,A,2.73,E,167.27,A
MX GILDAN SAN ANTONIO,5,2025,85.35,A,0.0,A,,,520.65,A,2.8,A,3.22,E,156.69,A
MX GILDAN SAN ANTONIO,6,2025,82.65,A,0.0,A,,,575.42,A,3.35,A,3.96,E,147.81,A
MX GILDAN SAN ANTONIO,7,2025,81.97,A,0.0,A,,,860.95,A,4.16,A,4.92,E,142.9,B
MX GILDAN SAN ANTONIO,8,2025,72.81,A,0.0,A,,,388.34,A,3.75,A,4.99,E,130.49,B
MX GILDAN SAN ANTONIO,9,2025,74.08,A,0.0,A,,,663.19,A,3.1,A,4.02,E,117.35,B
MX GILDAN SAN ANTONIO,10,2025,71.58,A,0.0,A,,,968.57,A,1.5,A,1.99,E,106.36,C
MX GILDAN SAN ANTONIO,11,2025,67.08,A,0.0,A,,,939.24,A,0.05,E,0.07,E,100.16,C
MX GILDAN SAN ANTONIO,12,2025,62.16,A,0.0,A,,,920.17,A,-6.61,E,-10.04,E,82.56,D
MX GILDAN SAN MIGUEL,1,2019,0.0,E,0.0,A,,,,,0.04,E,,,104.81,C
MX GILDAN SAN MIGUEL,2,2019,0.0,E,0.0,A,,,,,0.4,D,,,122.1,B
MX GILDAN SAN MIGUEL,3,2019,0.0,E,0.0,A,,,,,0.81,A,,,128.83,B
MX GILDAN SAN MIGUEL,4,2019,0.0,E,0.0,A,,,,,0.97,A,,,125.54,B
MX GILDAN SAN MIGUEL,5,2019,0.0,E,0.0,A,,,,,0.61,B,,,112.5,B
MX GILDAN SAN MIGUEL,6,2019,0.0,E,0.0,A,,,,,2.61,A,,,141.29,B
MX GILDAN SAN MIGUEL,6,2019,0.0,E,0.0,A,,,,,0.99,A,,,130.48,B
MX GILDAN SAN MIGUEL,6,2019,0.0,E,0.0,A,,,,,4.64,A,,,141.29,B
MX GILDAN SAN MIGUEL,6,2019,0.0,E,0.0,A,,,,,1.76,A,,,130.48,B
MX GILDAN SAN MIGUEL,7,2019,0.0,E,0.0,A,,,,,2.12,A,,,131.39,B
MX GILDAN SAN MIGUEL,8,2019,0.0,E,16.17,E,0.0,E,,,0.22,E,,,101.97,C
MX GILDAN SAN MIGUEL,9,2019,0.0,E,0.0,A,,,,,2.84,A,,,132.86,B
MX GILDAN SAN MIGUEL,10,2019,0.0,E,0.0,A,,,,,3.04,A,,,132.24,B
MX GILDAN SAN MIGUEL,11,2019,0.0,E,0.0,A,,,,,3.63,A,,,134.75,B
MX GILDAN SAN MIGUEL,12,2019,0.0,E,0.0,A,,,,,1.16,A,,,108.47,C
MX GILDAN SAN MIGUEL,1,2020,0.0,E,0.0,A,,,,,-0.02,E,,,98.2,C
MX GILDAN SAN MIGUEL,2,2020,0.0,E,0.0,A,,,,,0.16,E,,,108.26,C
MX GILDAN SAN MIGUEL,3,2020,0.0,E,0.0,A,,,,,0.09,E,,,102.97,C
MX GILDAN SAN MIGUEL,5,2020,0.0,E,0.0,A,,,,,0.61,B,,,112.5,B
MX GILDAN SAN MIGUEL,6,2020,0.0,E,0.0,A,,,,,-0.17,E,,,97.22,C
MX GILDAN SAN MIGUEL,7,2020,0.0,E,0.0,A,,,,,-0.97,E,,,87.25,D
MX GILDAN SAN MIGUEL,8,2020,0.0,E,0.0,A,,,,,-1.83,E,,,79.1,D
MX GILDAN SAN MIGUEL,9,2020,0.0,E,0.0,A,,,,,-0.8,E,,,91.76,D
MX GILDAN SAN MIGUEL,10,2020,0.0,E,0.0,A,,,,,-0.53,E,,,95.06,C
MX GILDAN SAN MIGUEL,11,2020,0.0,E,0.0,A,,,,,-0.52,E,,,95.45,C
MX GILDAN SAN MIGUEL,12,2020,0.0,E,0.0,A,,,,,0.04,E,,,100.28,C
MX GILDAN SAN MIGUEL,12,2020,0.0,E,0.0,A,,,,,0.04,E,,,100.28,C
MX GILDAN SAN MIGUEL,12,2020,0.0,E,0.0,A,,,,,0.04,E,,,100.28,C
MX GILDAN SAN MIGUEL,12,2020,0.0,E,0.0,A,,,,,0.04,E,,,100.28,C
MX GILDAN SAN MIGUEL,4,2021,0.0,E,0.0,A,,,,,0.41,D,,,110.48,B
MX GILDAN SAN MIGUEL,6,2021,0.0,E,0.0,A,,,,,0.85,A,,,115.03,B
MX GILDAN SAN MIGUEL,7,2021,0.0,E,0.0,A,,,,,1.0,A,,,114.9,B
MX GILDAN SAN MIGUEL,8,2021,0.0,E,0.0,A,,,,,1.41,A,,,118.84,B
MX GILDAN SAN MIGUEL,9,2021,0.0,E,0.0,A,,,,,1.74,A,,,120.92,B
MX GILDAN SAN MIGUEL,10,2021,0.0,E,0.0,A,,,,,1.94,A,,,121.39,B
MX GILDAN SAN MIGUEL,11,2021,0.0,E,0.0,A,,,,,2.11,A,,,121.21,B
MX GILDAN SAN MIGUEL,12,2021,0.0,E,0.0,A,,,,,1.38,A,,,112.32,B
MX GILDAN SAN MIGUEL,1,2022,0.0,E,0.0,A,,,,,-0.06,E,,,93.6,C
MX GILDAN SAN MIGUEL,2,2022,0.0,E,0.0,A,,,,,0.08,E,,,104.04,C
MX GILDAN SAN MIGUEL,3,2022,0.0,E,0.0,A,,,,,0.33,D,,,111.09,B
MX GILDAN SAN MIGUEL,4,2022,0.0,E,0.0,A,,,,,0.41,D,,,110.36,B
MX GILDAN SAN MIGUEL,5,2022,0.0,E,0.0,A,,,,,0.51,B,,,110.37,B
MX GILDAN SAN MIGUEL,6,2022,0.0,E,0.0,A,,,,,0.71,A,,,112.03,B
MX GILDAN SAN MIGUEL,7,2022,0.0,E,0.0,A,,,,,0.7,A,,,110.46,B
MX GILDAN SAN MIGUEL,8,2022,0.0,E,0.0,A,,,,,0.98,A,,,113.09,B
MX GILDAN SAN MIGUEL,9,2022,0.0,E,0.0,A,,,,,1.1,A,,,112.93,B
MX GILDAN SAN MIGUEL,10,2022,0.0,E,0.0,A,,,,,1.21,A,,,112.99,B
MX GILDAN SAN MIGUEL,12,2022,0.0,E,0.0,A,,,,,1.1,A,,,109.74,C
MX GILDAN SAN MIGUEL,1,2023,0.0,E,0.0,A,,,,,0.04,E,,,104.5,C
MX GILDAN SAN MIGUEL,2,2023,0.0,E,0.0,A,,,,,0.38,D,,,122.49,B
MX GILDAN SAN MIGUEL,3,2023,0.0,E,0.0,A,,,,,0.99,A,,,137.27,B
MX GILDAN SAN MIGUEL,4,2023,0.0,E,0.0,A,,,,,1.28,A,,,133.81,B
MX GILDAN SAN MIGUEL,5,2023,0.0,E,0.0,A,,,,,1.68,A,,,135.02,B
MX GILDAN SAN MIGUEL,6,2023,0.0,E,0.0,A,,,,,2.06,A,,,134.72,B
MX GILDAN SAN MIGUEL,7,2023,0.0,E,0.0,A,,,,,0.4,D,,,104.3,C
MX GILDAN SAN MIGUEL,9,2023,0.0,E,0.0,A,,,,,0.44,C,,,100.59,C
MX GILDAN SAN MIGUEL,10,2023,0.0,E,0.0,A,,,,,0.09,E,,,100.16,C
MX GILDAN SAN MIGUEL,11,2023,0.0,E,0.0,A,,,,,0.02,E,,,100.04,C
MX GILDAN VILLA NUEVA,1,2019,,,,,,,,,,,,,,
MX GILDAN VILLA NUEVA,2,2019,0.0,E,0.0,A,,,,,0.19,E,,,110.41,B
MX GILDAN VILLA NUEVA,3,2019,0.0,E,0.0,A,,,,,0.54,B,,,119.21,B
MX GILDAN VILLA NUEVA,4,2019,0.0,E,0.0,A,,,,,1.62,A,,,136.95,B
MX GILDAN VILLA NUEVA,5,2019,0.0,E,0.0,A,,,,,0.23,E,,,108.12,C
MX GILDAN VILLA NUEVA,6,2019,0.0,E,15.9,E,0.0,E,,,0.22,E,,,103.97,C
MX GILDAN VILLA NUEVA,6,2019,0.0,E,15.9,E,0.0,E,,,0.31,D,,,136.59,B
MX GILDAN VILLA NUEVA,6,2019,0.0,E,0.0,A,,,,,1.63,A,,,103.97,C
MX GILDAN VILLA NUEVA,6,2019,0.0,E,0.0,A,,,,,2.31,A,,,136.59,B
MX GILDAN VILLA NUEVA,7,2019,0.0,E,0.0,A,,,,,2.49,A,,,134.58,B
MX GILDAN VILLA NUEVA,8,2019,0.0,E,0.0,A,,,,,2.8,A,,,134.29,B
MX GILDAN VILLA NUEVA,9,2019,0.0,E,0.0,A,,,,,3.98,A,,,142.93,B
MX GILDAN VILLA NUEVA,10,2019,0.0,E,0.0,A,,,,,4.02,A,,,141.11,B
MX GILDAN VILLA NUEVA,11,2019,0.0,E,0.0,A,,,,,4.34,A,,,141.09,B
MX GILDAN VILLA NUEVA,12,2019,0.0,E,0.0,A,,,,,2.37,A,,,116.34,B
MX GILDAN VILLA NUEVA,1,2020,0.0,E,0.0,A,,,,,-0.02,E,,,97.58,C
MX GILDAN VILLA NUEVA,2,2020,0.0,E,0.0,A,,,,,0.2,E,,,111.1,B
MX GILDAN VILLA NUEVA,5,2020,0.0,E,0.0,A,,,,,0.23,E,,,108.12,C
MX GILDAN VILLA NUEVA,6,2020,0.0,E,0.0,A,,,,,0.25,E,,,108.02,C
MX GILDAN VILLA NUEVA,8,2020,0.0,E,0.0,A,,,,,0.35,D,,,109.35,C
MX GILDAN VILLA NUEVA,9,2020,0.0,E,0.0,A,,,,,0.59,B,,,112.61,B
MX GILDAN VILLA NUEVA,12,2020,0.0,E,0.0,A,,,,,0.49,C,,,106.29,C
MX GILDAN VILLA NUEVA,12,2020,0.0,E,0.0,A,,,,,0.49,C,,,106.29,C
MX GILDAN VILLA NUEVA,12,2020,0.0,E,0.0,A,,,,,0.49,C,,,106.29,C
MX GILDAN VILLA NUEVA,12,2020,0.0,E,0.0,A,,,,,0.49,C,,,106.29,C
MX GILDAN VILLA NUEVA,4,2021,0.0,E,0.0,A,,,,,1.52,A,,,139.58,B
MX GILDAN VILLA NUEVA,5,2021,0.0,E,0.0,A,,,,,1.64,A,,,134.14,B
MX GILDAN VILLA NUEVA,6,2021,0.0,E,0.0,A,,,,,1.86,A,,,132.96,B
MX GILDAN VILLA NUEVA,7,2021,0.0,E,0.0,A,,,,,2.02,A,,,130.67,B
MX GILDAN VILLA NUEVA,8,2021,0.0,E,0.0,A,,,,,2.2,A,,,129.38,B
MX GILDAN VILLA NUEVA,9,2021,0.0,E,0.0,A,,,,,3.16,A,,,137.6,B
MX GILDAN VILLA NUEVA,10,2021,0.0,E,0.0,A,,,,,3.24,A,,,134.93,B
MX GILDAN VILLA NUEVA,11,2021,0.0,E,0.0,A,,,,,3.39,A,,,134.43,B
MX GILDAN VILLA NUEVA,12,2021,0.0,E,0.0,A,,,,,2.44,A,,,120.17,B
MX GILDAN VILLA NUEVA,2,2022,0.0,E,0.0,A,,,,,0.02,E,,,101.16,C
MX GILDAN VILLA NUEVA,3,2022,0.0,E,0.0,A,,,,,0.14,E,,,104.88,C
MX GILDAN VILLA NUEVA,4,2022,0.0,E,0.0,A,,,,,0.92,A,,,124.1,B
MX GILDAN VILLA NUEVA,5,2022,0.0,E,0.0,A,,,,,0.99,A,,,120.84,B
MX GILDAN VILLA NUEVA,6,2022,0.0,E,0.0,A,,,,,1.2,A,,,121.59,B
MX GILDAN VILLA NUEVA,7,2022,0.0,E,0.0,A,,,,,1.28,A,,,119.79,B
MX GILDAN VILLA NUEVA,8,2022,0.0,E,0.0,A,,,,,1.55,A,,,121.32,B
MX GILDAN VILLA NUEVA,9,2022,0.0,E,0.0,A,,,,,1.63,A,,,120.21,B
MX GILDAN VILLA NUEVA,10,2022,0.0,E,0.0,A,,,,,2.37,A,,,126.78,B
MX GILDAN VILLA NUEVA,11,2022,0.0,E,0.0,A,,,,,2.67,A,,,127.77,B
MX GILDAN VILLA NUEVA,12,2022,0.0,E,0.0,A,,,,,1.73,A,,,114.87,B
MX GILDAN VILLA NUEVA,1,2023,0.0,E,0.0,A,,,,,0.08,E,,,108.23,C
MX GILDAN VILLA NUEVA,2,2023,0.0,E,0.0,A,,,,,0.17,E,,,108.75,C
MX GILDAN VILLA NUEVA,3,2023,0.0,E,0.0,A,,,,,0.33,D,,,111.54,B
MX GILDAN VILLA NUEVA,4,2023,0.0,E,0.0,A,,,,,1.35,A,,,136.49,B
MX GILDAN VILLA NUEVA,5,2023,0.0,E,0.0,A,,,,,1.85,A,,,139.38,B
MX GILDAN VILLA NUEVA,6,2023,0.0,E,0.0,A,,,,,2.03,A,,,137.83,B
MX GILDAN VILLA NUEVA,7,2023,0.0,E,0.0,A,,,,,2.21,A,,,136.15,B
MX GILDAN VILLA NUEVA,8,2023,0.0,E,0.0,A,,,,,2.64,A,,,138.37,B
MX GILDAN VILLA NUEVA,9,2023,0.0,E,0.0,A,,,,,3.41,A,,,144.36,A
MX GILDAN VILLA NUEVA,10,2023,0.0,E,0.0,A,,,,,3.95,A,,,144.07,A
MX GILDAN VILLA NUEVA,11,2023,0.0,E,0.0,A,,,,,4.47,A,,,146.27,A
MX GILDAN VILLA NUEVA,12,2023,0.0,E,0.0,A,,,,,3.34,A,,,127.26,B
MX GILDAN VILLA NUEVA,1,2024,0.0,E,0.0,A,,,,,0.1,E,,,113.29,B
MX GILDAN VILLA NUEVA,2,2024,0.0,E,0.0,A,,,,,0.65,A,,,140.67,B
MX GILDAN VILLA NUEVA,3,2024,95.48,A,0.0,A,,,16.06,A,1.01,A,1.05,E,142.64,B
MX GILDAN VILLA NUEVA,4,2024,94.97,A,0.0,A,,,151.74,A,2.22,A,2.33,E,170.23,A
MX GILDAN VILLA NUEVA,5,2024,94.88,A,0.0,A,,,133.43,A,2.56,A,2.69,E,164.98,A
MX GILDAN VILLA NUEVA,6,2024,94.75,A,0.0,A,,,226.51,A,2.85,A,3.0,E,160.67,A
MX GILDAN VILLA NUEVA,7,2024,94.47,A,0.0,A,,,249.64,A,3.15,A,3.33,E,158.68,A
MX GILDAN VILLA NUEVA,8,2024,94.04,A,0.0,A,,,245.77,A,3.6,A,3.82,E,160.03,A
MX GILDAN VILLA NUEVA,9,2024,93.81,A,0.0,A,,,182.22,A,3.89,A,4.14,E,158.74,A
MX GILDAN VILLA NUEVA,10,2024,93.4,A,0.0,A,,,257.75,A,4.81,A,5.14,E,167.96,A
MX GILDAN VILLA NUEVA,11,2024,93.09,A,0.0,A,,,176.99,A,5.15,A,5.53,E,167.54,A
MX GILDAN VILLA NUEVA,12,2024,96.43,A,0.0,A,,,564.17,A,3.97,A,4.11,E,139.37,B
MX GILDAN VILLA NUEVA,1,2025,95.99,A,0.0,A,,,610.84,A,0.16,E,0.17,E,124.71,B
MX GILDAN VILLA NUEVA,2,2025,95.52,A,0.0,A,,,387.65,A,0.67,A,0.7,E,150.61,A
MX GILDAN VILLA NUEVA,3,2025,95.91,A,0.0,A,,,351.7,A,1.13,A,1.17,E,153.46,A
MX GILDAN VILLA NUEVA,4,2025,95.94,A,0.0,A,,,305.37,A,1.75,A,1.82,E,162.71,A
MX GILDAN VILLA NUEVA,5,2025,94.78,A,0.0,A,,,104.32,A,2.41,A,2.54,E,164.35,A
MX GILDAN VILLA NUEVA,6,2025,94.69,A,0.0,A,,,124.39,A,3.13,A,3.3,E,164.55,A
MX GILDAN VILLA NUEVA,7,2025,94.05,A,0.0,A,,,1.72,E,4.27,A,4.53,E,168.12,A
MX GILDAN VILLA NUEVA,8,2025,93.5,A,0.0,A,,,13.27,A,5.35,A,5.71,E,168.15,A
MX GILDAN VILLA NUEVA,9,2025,92.74,A,0.0,A,,,44.33,A,7.44,A,7.99,D,169.64,A
MX GILDAN VILLA NUEVA,10,2025,91.64,A,0.0,A,,,333.92,A,10.6,A,11.51,B,169.05,A
MX GILDAN VILLA NUEVA,11,2025,90.45,A,0.0,A,,,500.12,A,13.85,A,15.21,A,167.75,A
MX GILDAN VILLA NUEVA,12,2025,88.9,A,0.0,A,,,519.13,A,10.23,A,11.43,B,139.14,B
MX GILDAN VILLA NUEVA,1,2026,87.52,A,0.0,A,,,496.15,A,0.34,D,0.39,E,153.95,A
MX GILDAN VILLA NUEVA,2,2026,84.0,A,0.0,A,,,472.34,A,0.95,A,1.12,E,159.36,A
MX GILDAN VILLA NUEVA,3,2026,82.62,A,,,,,379.95,A,1.68,A,2.01,E,158.8,A
MX HOSIERY RIO NANCE,1,2019,0.0,E,0.0,A,,,,,0.01,E,,,100.98,C
MX HOSIERY RIO NANCE,2,2019,0.0,E,0.0,A,,,,,0.87,A,,,174.24,A
MX HOSIERY RIO NANCE,3,2019,0.0,E,0.0,A,,,,,0.67,A,,,123.74,B
MX HOSIERY RIO NANCE,4,2019,0.0,E,0.0,A,,,,,0.58,B,,,115.52,B
MX HOSIERY RIO NANCE,6,2019,0.0,E,0.0,A,,,,,1.03,A,,,119.24,B
MX HOSIERY RIO NANCE,7,2019,0.0,E,0.0,A,,,,,1.18,A,,,119.23,B
MX HOSIERY RIO NANCE,8,2019,0.0,E,0.0,A,,,,,1.43,A,,,120.26,B
MX HOSIERY RIO NANCE,9,2019,0.0,E,0.0,A,,,,,1.6,A,,,120.54,B
MX HOSIERY RIO NANCE,10,2019,0.0,E,0.0,A,,,,,1.8,A,,,121.2,B
MX HOSIERY RIO NANCE,11,2019,0.0,E,0.0,A,,,,,1.84,A,,,118.93,B
MX HOSIERY RIO NANCE,12,2019,0.0,E,0.0,A,,,,,0.46,C,,,103.64,C
MX HOSIERY RIO NANCE,1,2020,0.0,E,0.0,A,,,,,0.15,E,,,117.58,B
MX HOSIERY RIO NANCE,5,2021,0.0,E,0.0,A,,,,,1.44,A,,,130.97,B
MX HOSIERY RIO NANCE,6,2021,0.0,E,0.0,A,,,,,1.98,A,,,132.83,B
MX HOSIERY RIO NANCE,7,2021,0.0,E,0.0,A,,,,,2.41,A,,,134.97,B
MX HOSIERY RIO NANCE,8,2021,0.0,E,0.0,A,,,,,1.95,A,,,121.69,B
MX HOSIERY RIO NANCE,9,2021,0.0,E,0.0,A,,,,,2.36,A,,,123.35,B
MX HOSIERY RIO NANCE,10,2021,0.0,E,0.0,A,,,,,2.63,A,,,123.05,B
MX HOSIERY RIO NANCE,11,2021,0.0,E,0.0,A,,,,,2.61,A,,,121.35,B
MX HOSIERY RIO NANCE,12,2021,0.0,E,0.0,A,,,,,2.08,A,,,114.89,B
MX HOSIERY RIO NANCE,1,2022,0.0,E,0.0,A,,,,,0.01,E,,,101.76,C
MX HOSIERY RIO NANCE,2,2022,0.0,E,0.0,A,,,,,0.24,E,,,117.7,B
MX HOSIERY RIO NANCE,3,2022,0.0,E,0.0,A,,,,,0.77,A,,,136.94,B
MX HOSIERY RIO NANCE,4,2022,0.0,E,0.0,A,,,,,2.25,A,,,156.6,A
MX HOSIERY RIO NANCE,5,2022,0.0,E,0.0,A,,,,,3.12,A,,,158.9,A
MX HOSIERY RIO NANCE,6,2022,0.0,E,0.0,A,,,,,4.07,A,,,167.61,A
MX HOSIERY RIO NANCE,7,2022,0.0,E,0.0,A,,,,,4.49,A,,,168.91,A
MX HOSIERY RIO NANCE,8,2022,0.0,E,0.0,A,,,,,5.07,A,,,171.66,A
MX HOSIERY RIO NANCE,9,2022,0.0,E,0.0,A,,,,,5.67,A,,,173.38,A
MX HOSIERY RIO NANCE,10,2022,0.0,E,0.0,A,,,,,5.83,A,,,165.67,A
MX HOSIERY RIO NANCE,11,2022,0.0,E,0.0,A,,,,,6.36,A,,,165.59,A
MX HOSIERY RIO NANCE,12,2022,0.0,E,0.0,A,,,,,4.99,A,,,142.54,B
MX HOSIERY RIO NANCE,1,2023,0.0,E,0.0,A,,,,,0.12,E,,,142.05,B
MX HOSIERY RIO NANCE,2,2023,0.0,E,0.0,A,,,,,0.19,E,,,133.8,B
MX HOSIERY RIO NANCE,3,2023,0.0,E,0.0,A,,,,,0.2,E,,,122.25,B
MX HOSIERY RIO NANCE,4,2023,0.0,E,0.0,A,,,,,0.12,E,,,109.98,C
MX HOSIERY RIO NANCE,5,2023,0.0,E,0.0,A,,,,,0.06,E,,,104.28,C
MX IGUALDAD,11,2022,0.0,E,0.0,A,,,,,1.79,A,,,118.66,B
MX IGUALDAD,12,2022,0.0,E,0.0,A,,,,,1.79,A,,,118.66,B
MX IGUALDAD,2,2023,0.0,E,0.83,A,0.0,E,,,0.55,B,,,125.06,B
MX IGUALDAD,3,2023,0.0,E,0.79,A,0.0,E,,,0.71,A,,,121.52,B
MX IGUALDAD,4,2023,0.0,E,0.75,A,0.0,E,,,1.18,A,,,130.45,B
MX IGUALDAD,5,2023,0.0,E,0.76,A,0.0,E,,,1.5,A,,,130.6,B
MX IGUALDAD,6,2023,0.0,E,0.77,A,0.0,E,,,2.14,A,,,135.23,B
MX IGUALDAD,7,2023,0.0,E,0.75,A,0.0,E,,,2.22,A,,,132.4,B
MX IGUALDAD,8,2023,0.0,E,0.73,A,0.0,E,,,2.39,A,,,132.0,B
MX IGUALDAD,9,2023,0.0,E,0.68,A,0.0,E,,,3.08,A,,,135.54,B
MX IGUALDAD,10,2023,0.0,E,0.66,A,0.0,E,,,3.2,A,,,134.6,B
MX IGUALDAD,11,2023,0.0,E,0.65,A,0.0,E,,,3.22,A,,,132.97,B
MX IGUALDAD,12,2023,0.0,E,0.38,A,0.0,E,,,5.57,A,,,134.91,B
MX IGUALDAD,1,2024,0.0,E,0.24,A,0.0,E,,,0.31,D,,,123.91,B
MX IGUALDAD,2,2024,0.0,E,0.27,A,0.0,E,,,0.65,A,,,127.6,B
MX IGUALDAD,3,2024,79.64,A,0.26,A,908.75,A,43.3,A,0.97,A,1.19,E,131.03,B
MX IGUALDAD,4,2024,78.69,A,0.25,A,949.24,A,69.7,A,1.13,A,1.4,E,126.45,B
MX IGUALDAD,5,2024,74.71,A,0.24,A,989.99,A,54.75,A,1.26,A,1.65,E,124.23,B
MX IGUALDAD,6,2024,68.95,A,0.26,A,1001.51,A,79.24,A,1.99,A,2.83,E,132.4,B
MX IGUALDAD,7,2024,67.19,A,0.25,A,1013.03,A,96.29,A,2.18,A,3.18,E,131.06,B
MX IGUALDAD,8,2024,66.86,A,0.24,A,1024.54,A,58.5,A,2.48,A,3.64,E,130.91,B
MX IGUALDAD,9,2024,62.18,A,0.25,A,1036.06,A,31.11,A,2.61,A,4.12,E,130.38,B
MX IGUALDAD,10,2024,63.07,A,0.26,A,1047.33,A,27.06,A,2.72,A,4.24,E,127.8,B
MX IGUALDAD,11,2024,61.51,A,0.1,A,2641.78,A,18.24,A,2.98,A,4.75,E,128.95,B
MX IGUALDAD,12,2024,88.98,A,0.09,A,2515.91,A,184.71,A,4.86,A,5.36,E,128.63,B
MX IGUALDAD,1,2025,86.33,A,0.09,A,2551.13,A,84.18,A,0.23,E,0.26,E,118.17,B
MX IGUALDAD,2,2025,84.5,A,0.09,A,2563.01,A,108.37,A,0.51,B,0.59,E,120.32,B
MX IGUALDAD,3,2025,81.46,A,0.08,A,2591.86,A,67.25,A,0.76,A,0.92,E,120.29,B
MX IGUALDAD,4,2025,78.16,A,0.09,A,2620.7,A,66.96,A,0.89,A,1.12,E,118.18,B
MX IGUALDAD,5,2025,75.21,A,0.08,A,2574.25,A,33.47,A,1.39,A,1.82,E,122.85,B
MX IGUALDAD,6,2025,73.0,A,0.08,A,2603.09,A,49.82,A,1.89,A,2.55,E,126.04,B
MX IGUALDAD,7,2025,71.12,A,0.05,A,3711.32,A,32.64,A,2.21,A,3.06,E,127.42,B
MX IGUALDAD,8,2025,69.37,A,0.05,A,3751.98,A,35.91,A,2.23,A,3.17,E,125.46,B
MX IGUALDAD,9,2025,67.51,A,0.05,A,3792.66,A,46.55,A,2.31,A,3.38,E,124.22,B
MX IGUALDAD,10,2025,65.38,A,0.04,A,3833.32,A,52.43,A,2.46,A,3.72,E,123.53,B
MX IGUALDAD,11,2025,62.45,A,0.05,A,3873.99,A,69.2,A,2.37,A,3.75,E,121.59,B
MX IGUALDAD,12,2025,85.51,A,0.05,A,3916.33,A,66.92,A,4.03,A,4.63,E,123.69,B
MX IGUALDAD,1,2026,79.06,A,0.05,A,3958.66,A,62.78,A,0.15,E,0.19,E,111.72,B
MX IGUALDAD,2,2026,76.33,A,0.05,A,3285.15,A,39.66,A,0.77,A,0.99,E,130.64,B
MX IGUALDAD,3,2026,74.9,A,,,,,20.02,A,1.22,A,1.61,E,131.78,B
MX JUBILADOS 17 SEPTIEMBRE,1,2019,0.0,E,0.18,A,0.0,E,,,0.45,C,,,145.86,A
MX JUBILADOS 17 SEPTIEMBRE,2,2019,0.0,E,0.36,A,0.0,E,,,1.05,A,,,157.83,A
MX JUBILADOS 17 SEPTIEMBRE,3,2019,0.0,E,0.41,A,0.0,E,,,1.54,A,,,156.09,A
MX JUBILADOS 17 SEPTIEMBRE,4,2019,0.0,E,0.44,A,0.0,E,,,2.09,A,,,159.45,A
MX JUBILADOS 17 SEPTIEMBRE,5,2019,0.0,E,1.32,A,0.0,E,,,2.99,A,,,168.21,A
MX JUBILADOS 17 SEPTIEMBRE,6,2019,0.0,E,0.34,A,0.0,E,,,3.11,A,,,160.04,A
MX JUBILADOS 17 SEPTIEMBRE,7,2019,0.0,E,0.35,A,0.0,E,,,3.64,A,,,160.25,A
MX JUBILADOS 17 SEPTIEMBRE,8,2019,0.0,E,0.55,A,0.0,E,,,4.17,A,,,161.77,A
MX JUBILADOS 17 SEPTIEMBRE,9,2019,0.0,E,1.46,A,0.0,E,,,4.28,A,,,155.31,A
MX JUBILADOS 17 SEPTIEMBRE,10,2019,0.0,E,1.23,A,0.0,E,,,4.91,A,,,157.32,A
MX JUBILADOS 17 SEPTIEMBRE,11,2019,0.0,E,0.71,A,0.0,E,,,5.26,A,,,157.67,A
MX JUBILADOS 17 SEPTIEMBRE,12,2019,0.0,E,0.59,A,0.0,E,,,2.29,A,,,116.61,B
MX JUBILADOS 17 SEPTIEMBRE,1,2020,0.0,E,0.52,A,0.0,E,,,0.78,A,,,200.01,A
MX JUBILADOS 17 SEPTIEMBRE,2,2020,0.0,E,0.42,A,0.0,E,,,1.19,A,,,161.47,A
MX JUBILADOS 17 SEPTIEMBRE,3,2020,0.0,E,0.43,A,0.0,E,,,1.86,A,,,167.12,A
MX JUBILADOS 17 SEPTIEMBRE,4,2020,0.0,E,0.93,A,0.0,E,,,2.44,A,,,166.81,A
MX JUBILADOS 17 SEPTIEMBRE,5,2020,0.0,E,1.32,A,0.0,E,,,2.99,A,,,168.21,A
MX JUBILADOS 17 SEPTIEMBRE,6,2020,0.0,E,0.64,A,0.0,E,,,3.68,A,,,172.69,A
MX JUBILADOS 17 SEPTIEMBRE,7,2020,0.0,E,0.7,A,0.0,E,,,4.16,A,,,172.17,A
MX JUBILADOS 17 SEPTIEMBRE,8,2020,0.0,E,0.62,A,0.0,E,,,4.66,A,,,171.37,A
MX JUBILADOS 17 SEPTIEMBRE,9,2020,0.0,E,0.35,A,0.0,E,,,5.36,A,,,174.21,A
MX JUBILADOS 17 SEPTIEMBRE,10,2020,0.0,E,0.22,A,0.0,E,,,5.91,A,,,173.54,A
MX JUBILADOS 17 SEPTIEMBRE,11,2020,0.0,E,0.22,A,0.0,E,,,6.5,A,,,175.18,A
MX JUBILADOS 17 SEPTIEMBRE,12,2020,0.0,E,0.22,A,0.0,E,,,2.83,A,,,120.15,B
MX JUBILADOS 17 SEPTIEMBRE,1,2021,0.0,E,0.22,A,0.0,E,,,-0.15,E,,,91.04,D
MX JUBILADOS 17 SEPTIEMBRE,2,2021,0.0,E,0.19,A,0.0,E,,,0.68,A,,,129.05,B
MX JUBILADOS 17 SEPTIEMBRE,3,2021,0.0,E,0.15,A,0.0,E,,,1.32,A,,,142.13,B
MX JUBILADOS 17 SEPTIEMBRE,4,2021,0.0,E,0.1,A,0.0,E,,,1.86,A,,,147.22,A
MX JUBILADOS 17 SEPTIEMBRE,5,2021,0.0,E,0.25,A,0.0,E,,,2.46,A,,,150.88,A
MX JUBILADOS 17 SEPTIEMBRE,6,2021,0.0,E,0.24,A,0.0,E,,,2.97,A,,,151.6,A
MX JUBILADOS 17 SEPTIEMBRE,7,2021,0.0,E,0.13,A,0.0,E,,,3.6,A,,,153.99,A
MX JUBILADOS 17 SEPTIEMBRE,8,2021,0.0,E,0.23,A,0.0,E,,,4.14,A,,,156.78,A
MX JUBILADOS 17 SEPTIEMBRE,9,2021,0.0,E,0.31,A,0.0,E,,,3.84,A,,,150.45,A
MX JUBILADOS 17 SEPTIEMBRE,10,2021,0.0,E,0.82,A,0.0,E,,,4.5,A,,,154.2,A
MX JUBILADOS 17 SEPTIEMBRE,11,2021,0.0,E,0.66,A,0.0,E,,,4.99,A,,,155.26,A
MX JUBILADOS 17 SEPTIEMBRE,12,2021,0.0,E,0.54,A,0.0,E,,,2.14,A,,,115.91,B
MX JUBILADOS 17 SEPTIEMBRE,1,2022,0.0,E,0.51,A,0.0,E,,,-0.21,E,,,87.16,D
MX JUBILADOS 17 SEPTIEMBRE,2,2022,0.0,E,0.64,A,0.0,E,,,0.26,E,,,110.26,B
MX JUBILADOS 17 SEPTIEMBRE,3,2022,0.0,E,0.52,A,0.0,E,,,0.77,A,,,121.74,B
MX JUBILADOS 17 SEPTIEMBRE,4,2022,0.0,E,0.45,A,0.0,E,,,1.25,A,,,128.35,B
MX JUBILADOS 17 SEPTIEMBRE,5,2022,0.0,E,0.51,A,0.0,E,,,1.78,A,,,133.62,B
MX JUBILADOS 17 SEPTIEMBRE,6,2022,0.0,E,0.32,A,0.0,E,,,2.32,A,,,137.91,B
MX JUBILADOS 17 SEPTIEMBRE,7,2022,0.0,E,0.4,A,0.0,E,,,2.72,A,,,138.67,B
MX JUBILADOS 17 SEPTIEMBRE,8,2022,0.0,E,0.44,A,0.0,E,,,3.25,A,,,141.88,B
MX JUBILADOS 17 SEPTIEMBRE,9,2022,0.0,E,0.33,A,0.0,E,,,3.74,A,,,138.38,B
MX JUBILADOS 17 SEPTIEMBRE,10,2022,0.0,E,0.35,A,0.0,E,,,4.36,A,,,140.51,B
MX JUBILADOS 17 SEPTIEMBRE,11,2022,0.0,E,0.48,A,0.0,E,,,4.78,A,,,142.72,B
MX JUBILADOS 17 SEPTIEMBRE,12,2022,0.0,E,0.45,A,0.0,E,,,2.07,A,,,113.29,B
MX JUBILADOS 17 SEPTIEMBRE,1,2023,0.0,E,0.62,A,0.0,E,,,0.01,E,,,100.61,C
MX JUBILADOS 17 SEPTIEMBRE,2,2023,0.0,E,0.53,A,0.0,E,,,0.81,A,,,138.21,B
MX JUBILADOS 17 SEPTIEMBRE,3,2023,0.0,E,0.38,A,0.0,E,,,1.14,A,,,139.35,B
MX JUBILADOS 17 SEPTIEMBRE,4,2023,0.0,E,0.52,A,0.0,E,,,1.66,A,,,144.83,A
MX JUBILADOS 17 SEPTIEMBRE,5,2023,0.0,E,0.48,A,0.0,E,,,2.04,A,,,144.05,A
MX JUBILADOS 17 SEPTIEMBRE,6,2023,0.0,E,0.41,A,0.0,E,,,2.46,A,,,144.31,A
MX JUBILADOS 17 SEPTIEMBRE,7,2023,0.0,E,0.53,A,0.0,E,,,3.01,A,,,147.59,A
MX JUBILADOS 17 SEPTIEMBRE,8,2023,0.0,E,0.56,A,0.0,E,,,3.48,A,,,148.97,A
MX JUBILADOS 17 SEPTIEMBRE,9,2023,0.0,E,0.39,A,0.0,E,,,3.61,A,,,143.54,A
MX JUBILADOS 17 SEPTIEMBRE,10,2023,0.0,E,0.96,A,0.0,E,,,4.06,A,,,145.05,A
MX JUBILADOS 17 SEPTIEMBRE,11,2023,0.0,E,1.15,A,0.0,E,,,4.5,A,,,146.46,A
MX JUBILADOS 17 SEPTIEMBRE,12,2023,0.0,E,0.83,A,0.0,E,,,1.94,A,,,114.02,B
MX JUBILADOS 17 SEPTIEMBRE,1,2024,0.0,E,0.74,A,0.0,E,,,-0.3,E,,,82.42,D
MX JUBILADOS 17 SEPTIEMBRE,2,2024,0.0,E,0.76,A,0.0,E,,,0.2,E,,,107.84,C
MX JUBILADOS 17 SEPTIEMBRE,3,2024,72.61,A,0.59,A,195.94,A,27.13,A,0.7,A,0.96,E,120.6,B
MX JUBILADOS 17 SEPTIEMBRE,4,2024,72.78,A,0.57,A,200.17,A,17.79,A,1.21,A,1.64,E,128.89,B
MX JUBILADOS 17 SEPTIEMBRE,5,2024,74.16,A,0.41,A,283.28,A,22.41,A,1.54,A,2.06,E,130.0,B
MX JUBILADOS 17 SEPTIEMBRE,6,2024,74.36,A,0.23,A,503.01,A,18.25,A,1.96,A,2.61,E,132.66,B
MX JUBILADOS 17 SEPTIEMBRE,7,2024,74.67,A,0.24,A,479.33,A,20.02,A,2.52,A,3.34,E,137.63,B
MX JUBILADOS 17 SEPTIEMBRE,8,2024,74.83,A,0.25,A,484.15,A,5.75,D,3.06,A,4.04,E,141.98,B
MX JUBILADOS 17 SEPTIEMBRE,9,2024,75.28,A,0.29,A,406.21,A,24.92,A,3.27,A,4.29,E,139.27,B
MX JUBILADOS 17 SEPTIEMBRE,10,2024,75.82,A,0.41,A,281.38,A,31.92,A,3.66,A,4.77,E,140.05,B
MX JUBILADOS 17 SEPTIEMBRE,11,2024,76.19,A,0.56,A,209.43,A,49.94,A,4.1,A,5.32,E,141.64,B
MX JUBILADOS 17 SEPTIEMBRE,12,2024,76.86,A,0.55,A,220.91,A,48.84,A,1.75,A,2.25,E,112.69,B
MX JUBILADOS 17 SEPTIEMBRE,1,2025,75.21,A,0.51,A,248.18,A,68.27,A,0.56,B,0.74,E,189.65,A
MX JUBILADOS 17 SEPTIEMBRE,2,2025,75.86,A,0.5,A,258.11,A,74.73,A,0.97,A,1.26,E,167.86,A
MX JUBILADOS 17 SEPTIEMBRE,3,2025,76.4,A,0.48,A,272.13,A,80.14,A,1.32,A,1.7,E,157.72,A
MX JUBILADOS 17 SEPTIEMBRE,4,2025,76.95,A,0.58,A,228.87,A,88.65,A,1.82,A,2.34,E,161.45,A
MX JUBILADOS 17 SEPTIEMBRE,5,2025,78.57,A,0.56,A,231.83,A,66.79,A,2.31,A,2.91,E,161.27,A
MX JUBILADOS 17 SEPTIEMBRE,6,2025,78.73,A,0.37,A,348.7,A,73.39,A,2.71,A,3.4,E,158.95,A
MX JUBILADOS 17 SEPTIEMBRE,7,2025,78.97,A,0.44,A,296.53,A,81.34,A,3.29,A,4.12,E,163.23,A
MX JUBILADOS 17 SEPTIEMBRE,8,2025,79.07,A,0.46,A,288.89,A,75.11,A,3.73,A,4.66,E,162.51,A
MX JUBILADOS 17 SEPTIEMBRE,9,2025,79.1,A,0.55,A,245.11,A,80.22,A,3.59,A,4.48,E,149.08,A
MX JUBILADOS 17 SEPTIEMBRE,10,2025,79.67,A,0.52,A,260.69,A,81.56,A,4.09,A,5.07,E,150.94,A
MX JUBILADOS 17 SEPTIEMBRE,11,2025,79.64,A,0.54,A,256.37,A,118.16,A,4.65,A,5.77,E,154.29,A
MX JUBILADOS 17 SEPTIEMBRE,12,2025,83.46,A,0.62,A,225.72,A,118.2,A,5.17,A,6.12,D,153.41,A
MX JUBILADOS 17 SEPTIEMBRE,1,2026,77.9,A,0.49,A,289.77,A,89.82,A,0.54,B,0.68,E,178.62,A
MX JUBILADOS 17 SEPTIEMBRE,2,2026,77.78,A,0.59,A,240.91,A,98.66,A,1.14,A,1.45,E,187.68,A
MX LA PROSPERIDAD,1,2019,0.0,E,16.43,E,0.0,E,,,0.58,B,,,142.92,B
MX LA PROSPERIDAD,2,2019,0.0,E,19.01,E,0.0,E,,,0.89,A,,,129.81,B
MX LA PROSPERIDAD,3,2019,0.0,E,19.26,E,0.0,E,,,1.08,A,,,123.25,B
MX LA PROSPERIDAD,4,2019,0.0,E,18.88,E,0.0,E,,,1.46,A,,,123.64,B
MX LA PROSPERIDAD,5,2019,0.0,E,43.83,E,0.0,E,,,1.43,A,,,119.34,B
MX LA PROSPERIDAD,6,2019,0.0,E,11.68,E,0.0,E,,,0.21,E,,,103.26,C
MX LA PROSPERIDAD,6,2019,0.0,E,11.68,E,0.0,E,,,0.52,B,,,120.93,B
MX LA PROSPERIDAD,6,2019,0.0,E,19.78,E,0.0,E,,,0.76,A,,,103.26,C
MX LA PROSPERIDAD,6,2019,0.0,E,19.78,E,0.0,E,,,1.91,A,,,120.93,B
MX LA PROSPERIDAD,7,2019,0.0,E,20.57,E,0.0,E,,,1.68,A,,,115.15,B
MX LA PROSPERIDAD,8,2019,0.0,E,19.13,E,0.0,E,,,2.23,A,,,117.92,B
MX LA PROSPERIDAD,9,2019,0.0,E,20.7,E,0.0,E,,,2.52,A,,,118.09,B
MX LA PROSPERIDAD,10,2019,0.0,E,20.29,E,0.0,E,,,2.55,A,,,116.5,B
MX LA PROSPERIDAD,11,2019,0.0,E,22.55,E,0.0,E,,,2.48,A,,,115.04,B
MX LA PROSPERIDAD,12,2019,0.0,E,20.96,E,0.0,E,,,2.38,A,,,112.72,B
MX LA PROSPERIDAD,1,2020,0.0,E,19.57,E,0.0,E,,,0.25,E,,,115.37,B
MX LA PROSPERIDAD,2,2020,0.0,E,19.21,E,0.0,E,,,0.41,D,,,117.24,B
MX LA PROSPERIDAD,4,2020,0.0,E,50.8,E,0.0,E,,,1.04,A,,,116.4,B
MX LA PROSPERIDAD,5,2020,0.0,E,43.83,E,0.0,E,,,1.43,A,,,119.34,B
MX LA PROSPERIDAD,8,2020,0.0,E,16.16,E,0.0,E,,,1.21,A,,,110.06,B
MX LA PROSPERIDAD,9,2020,0.0,E,15.76,E,0.0,E,,,1.21,A,,,108.76,C
MX LA PROSPERIDAD,10,2020,0.0,E,14.58,E,0.0,E,,,1.15,A,,,107.49,C
MX LA PROSPERIDAD,11,2020,0.0,E,14.58,E,0.0,E,,,1.08,A,,,106.36,C
MX LA PROSPERIDAD,1,2021,0.0,E,14.54,E,0.0,E,,,0.46,C,,,138.44,B
MX LA PROSPERIDAD,2,2021,0.0,E,14.76,E,0.0,E,,,0.6,B,,,122.03,B
MX LA PROSPERIDAD,3,2021,0.0,E,15.73,E,0.0,E,,,0.79,A,,,118.31,B
MX LA PROSPERIDAD,4,2021,0.0,E,17.01,E,0.0,E,,,0.91,A,,,115.06,B
MX LA PROSPERIDAD,5,2021,0.0,E,16.06,E,0.0,E,,,1.35,A,,,118.24,B
MX LA PROSPERIDAD,6,2021,0.0,E,17.4,E,0.0,E,,,0.98,A,,,110.47,B
MX LA PROSPERIDAD,7,2021,0.0,E,18.36,E,0.0,E,,,0.83,A,,,107.56,C
MX LA PROSPERIDAD,8,2021,0.0,E,23.12,E,0.0,E,,,0.79,A,,,106.32,C
MX LA PROSPERIDAD,9,2021,0.0,E,24.06,E,0.0,E,,,0.87,A,,,106.38,C
MX LA PROSPERIDAD,10,2021,0.0,E,24.59,E,0.0,E,,,0.87,A,,,105.87,C
MX LA PROSPERIDAD,11,2021,0.0,E,25.11,E,0.0,E,,,0.97,A,,,105.99,C
MX LA PROSPERIDAD,12,2021,0.0,E,25.4,E,0.0,E,,,0.74,A,,,103.99,C
MX LA PROSPERIDAD,1,2022,0.0,E,24.73,E,0.0,E,,,0.12,E,,,109.88,C
MX LA PROSPERIDAD,2,2022,0.0,E,25.53,E,0.0,E,,,0.28,E,,,111.76,B
MX LA PROSPERIDAD,3,2022,0.0,E,27.7,E,0.0,E,,,0.38,D,,,109.73,C
MX LA PROSPERIDAD,4,2022,0.0,E,28.95,E,0.0,E,,,0.47,C,,,108.76,C
MX LA PROSPERIDAD,5,2022,0.0,E,29.8,E,0.0,E,,,0.52,B,,,107.73,C
MX LA PROSPERIDAD,6,2022,0.0,E,30.86,E,0.0,E,,,0.45,C,,,105.75,C
MX LA PROSPERIDAD,7,2022,0.0,E,29.58,E,0.0,E,,,0.51,B,,,105.52,C
MX LA PROSPERIDAD,8,2022,0.0,E,29.78,E,0.0,E,,,0.47,C,,,104.42,C
MX LA PROSPERIDAD,9,2022,0.0,E,30.44,E,0.0,E,,,0.7,A,,,105.98,C
MX LA PROSPERIDAD,10,2022,0.0,E,32.3,E,0.0,E,,,0.47,C,,,103.54,C
MX LA PROSPERIDAD,11,2022,0.0,E,32.75,E,0.0,E,,,0.42,D,,,102.83,C
MX LA PROSPERIDAD,12,2022,0.0,E,34.51,E,0.0,E,,,0.04,E,,,100.24,C
MX LA PROSPERIDAD,1,2023,0.0,E,33.04,E,0.0,E,,,0.14,E,,,110.54,B
MX LA PROSPERIDAD,2,2023,0.0,E,33.29,E,0.0,E,,,-0.57,E,,,83.57,D
MX LA PROSPERIDAD,3,2023,0.0,E,31.8,E,0.0,E,,,-0.9,E,,,82.97,D
MX LA PROSPERIDAD,4,2023,0.0,E,31.9,E,0.0,E,,,-1.12,E,,,83.44,D
MX LA PROSPERIDAD,5,2023,0.0,E,30.73,E,0.0,E,,,-1.28,E,,,84.81,D
MX LA PROSPERIDAD,6,2023,0.0,E,29.77,E,0.0,E,,,-1.46,E,,,85.33,D
MX LA PROSPERIDAD,7,2023,0.0,E,29.07,E,0.0,E,,,-0.86,E,,,92.05,D
MX LA PROSPERIDAD,8,2023,0.0,E,28.99,E,0.0,E,,,-0.84,E,,,93.25,D
MX LA PROSPERIDAD,9,2023,0.0,E,28.24,E,0.0,E,,,-0.35,E,,,97.4,C
MX LA PROSPERIDAD,10,2023,0.0,E,27.88,E,0.0,E,,,0.02,E,,,100.17,C
MX LA PROSPERIDAD,11,2023,0.0,E,26.98,E,0.0,E,,,0.38,D,,,102.53,C
MX LA PROSPERIDAD,12,2023,0.0,E,27.77,E,0.0,E,,,0.24,E,,,101.43,C
MX LA PROSPERIDAD,1,2024,0.0,E,28.09,E,0.0,E,,,0.0,E,,,100.14,C
MX LA PROSPERIDAD,2,2024,0.0,E,27.6,E,0.0,E,,,0.02,E,,,100.79,C
MX LA PROSPERIDAD,3,2024,42.91,A,26.99,E,77.12,D,13.25,A,0.01,E,0.02,E,100.3,C
MX LA PROSPERIDAD,4,2024,42.41,A,28.35,E,73.12,D,15.09,A,0.0,E,0.0,E,100.0,C
MX LA PROSPERIDAD,5,2024,42.29,A,28.3,E,72.6,D,14.73,A,-0.18,E,-0.36,E,97.41,C
MX LA PROSPERIDAD,6,2024,41.86,A,28.1,E,72.26,D,16.46,A,-0.03,E,-0.06,E,99.65,C
MX LA PROSPERIDAD,7,2024,41.63,A,28.0,E,71.46,D,14.91,A,0.02,E,0.03,E,100.18,C
MX LA PROSPERIDAD,8,2024,41.69,A,28.07,E,70.84,D,9.07,B,0.03,E,0.07,E,100.32,C
MX LA PROSPERIDAD,9,2024,42.06,A,27.76,E,71.18,D,6.67,D,0.05,E,0.11,E,100.47,C
MX LA PROSPERIDAD,10,2024,42.12,A,28.13,E,71.23,D,7.47,D,0.05,E,0.11,E,100.43,C
MX LA PROSPERIDAD,11,2024,42.16,A,27.57,E,72.81,D,3.31,E,0.1,E,0.2,E,100.7,C
MX LA PROSPERIDAD,12,2024,39.19,A,16.83,E,125.96,B,4.05,E,0.49,C,1.09,E,103.44,C
MX LA PROSPERIDAD,1,2025,39.34,A,16.47,E,126.86,B,2.77,E,0.08,E,0.18,E,107.16,C
MX LA PROSPERIDAD,2,2025,39.59,A,16.57,E,127.1,B,3.76,E,0.04,E,0.09,E,101.74,C
MX LA PROSPERIDAD,3,2025,39.91,A,15.67,E,137.67,A,4.8,E,0.03,E,0.06,E,100.83,C
MX LA PROSPERIDAD,4,2025,39.34,A,16.89,E,130.13,A,9.53,B,0.01,E,0.02,E,100.17,C
MX LA PROSPERIDAD,5,2025,39.14,A,16.18,E,134.48,A,8.77,C,-0.24,E,-0.54,E,95.89,C
MX LA PROSPERIDAD,6,2025,38.67,A,17.6,E,126.17,B,16.42,A,-0.53,E,-1.21,E,92.58,D
MX LA PROSPERIDAD,7,2025,38.31,A,17.27,E,124.82,B,14.33,A,-0.61,E,-1.39,E,92.62,D
MX LA PROSPERIDAD,8,2025,38.2,A,17.57,E,122.32,B,11.75,A,-0.5,E,-1.16,E,94.57,C
MX LA PROSPERIDAD,9,2025,38.17,A,17.86,E,120.43,B,11.04,B,-0.65,E,-1.5,E,93.79,C
MX LA PROSPERIDAD,10,2025,38.14,A,18.39,E,117.42,B,14.78,A,-0.43,E,-1.0,E,96.1,C
MX LA PROSPERIDAD,11,2025,38.55,A,18.6,E,114.47,B,14.14,A,-0.0,E,-0.0,E,100.0,C
MX LA PROSPERIDAD,12,2025,40.17,A,18.74,E,110.89,B,12.24,A,0.4,D,0.88,E,103.08,C
MX LA PROSPERIDAD,1,2026,39.74,A,18.72,E,107.53,B,12.36,A,0.01,E,0.01,E,100.51,C
MX LA PROSPERIDAD,2,2026,39.35,A,17.82,E,113.2,B,14.58,A,0.03,E,0.07,E,101.55,C
MX LA PROSPERIDAD,3,2026,43.33,A,,,,,15.77,A,0.38,D,0.78,E,109.35,C
MX LEMPIRA SUR,1,2019,0.0,E,4.45,B,0.0,E,,,0.29,E,,,120.58,B
MX LEMPIRA SUR,2,2019,0.0,E,4.43,B,0.0,E,,,0.22,E,,,107.09,C
MX LEMPIRA SUR,3,2019,0.0,E,4.56,B,0.0,E,,,0.37,D,,,108.0,C
MX LEMPIRA SUR,4,2019,0.0,E,4.95,B,0.0,E,,,0.56,B,,,109.19,C
MX LEMPIRA SUR,5,2019,0.0,E,6.11,C,0.0,E,,,0.45,C,,,105.92,C
MX LEMPIRA SUR,6,2019,0.0,E,39.65,E,0.0,E,,,1.43,A,,,118.69,B
MX LEMPIRA SUR,6,2019,0.0,E,39.65,E,0.0,E,,,8.1,A,,,112.03,B
MX LEMPIRA SUR,6,2019,0.0,E,7.28,D,0.0,E,,,0.22,E,,,118.69,B
MX LEMPIRA SUR,6,2019,0.0,E,7.28,D,0.0,E,,,1.22,A,,,112.03,B
MX LEMPIRA SUR,7,2019,0.0,E,5.78,C,0.0,E,,,1.43,A,,,111.53,B
MX LEMPIRA SUR,8,2019,0.0,E,5.47,C,0.0,E,,,1.64,A,,,112.07,B
MX LEMPIRA SUR,9,2019,0.0,E,5.32,C,0.0,E,,,1.77,A,,,111.99,B
MX LEMPIRA SUR,10,2019,0.0,E,5.31,C,0.0,E,,,1.97,A,,,112.34,B
MX LEMPIRA SUR,11,2019,0.0,E,4.92,B,0.0,E,,,2.39,A,,,113.93,B
MX LEMPIRA SUR,12,2019,0.0,E,4.79,B,0.0,E,,,0.98,A,,,104.72,C
MX LEMPIRA SUR,1,2020,0.0,E,4.44,B,0.0,E,,,0.24,E,,,118.14,B
MX LEMPIRA SUR,3,2020,0.0,E,4.61,B,0.0,E,,,0.21,E,,,104.91,C
MX LEMPIRA SUR,4,2020,0.0,E,4.97,B,0.0,E,,,0.21,E,,,103.61,C
MX LEMPIRA SUR,5,2020,0.0,E,6.11,C,0.0,E,,,0.45,C,,,105.92,C
MX LEMPIRA SUR,6,2020,0.0,E,6.03,C,0.0,E,,,0.8,A,,,108.62,C
MX LEMPIRA SUR,7,2020,0.0,E,5.67,C,0.0,E,,,1.1,A,,,110.48,B
MX LEMPIRA SUR,9,2020,0.0,E,4.78,B,0.0,E,,,1.46,A,,,111.93,B
MX LEMPIRA SUR,10,2020,0.0,E,4.31,B,0.0,E,,,1.52,A,,,111.62,B
MX LEMPIRA SUR,11,2020,0.0,E,3.99,B,0.0,E,,,1.71,A,,,112.08,B
MX LEMPIRA SUR,12,2020,0.0,E,3.57,B,0.0,E,,,0.65,B,,,104.18,C
MX LEMPIRA SUR,12,2020,0.0,E,3.57,B,0.0,E,,,0.65,B,,,104.18,C
MX LEMPIRA SUR,12,2020,0.0,E,3.57,B,0.0,E,,,0.65,B,,,104.18,C
MX LEMPIRA SUR,12,2020,0.0,E,3.57,B,0.0,E,,,0.65,B,,,104.18,C
MX LEMPIRA SUR,1,2021,0.0,E,6.31,C,0.0,E,,,0.12,E,,,111.35,B
MX LEMPIRA SUR,2,2021,0.0,E,13.03,E,0.0,E,,,0.26,E,,,111.29,B
MX LEMPIRA SUR,3,2021,0.0,E,12.31,E,0.0,E,,,0.34,D,,,109.21,C
MX LEMPIRA SUR,4,2021,0.0,E,13.2,E,0.0,E,,,-0.11,E,,,97.68,C
MX LEMPIRA SUR,5,2021,0.0,E,10.92,E,0.0,E,,,0.38,D,,,106.08,C
MX LEMPIRA SUR,6,2021,0.0,E,5.71,C,0.0,E,,,0.76,A,,,109.88,C
MX LEMPIRA SUR,7,2021,0.0,E,5.56,C,0.0,E,,,1.09,A,,,112.28,B
MX LEMPIRA SUR,8,2021,0.0,E,5.66,C,0.0,E,,,1.25,A,,,112.43,B
MX LEMPIRA SUR,9,2021,0.0,E,5.19,C,0.0,E,,,1.14,A,,,110.85,B
MX LEMPIRA SUR,10,2021,0.0,E,4.99,B,0.0,E,,,1.24,A,,,110.44,B
MX LEMPIRA SUR,11,2021,0.0,E,4.51,B,0.0,E,,,1.36,A,,,109.98,C
MX LEMPIRA SUR,12,2021,0.0,E,4.47,B,0.0,E,,,0.54,B,,,103.4,C
MX LEMPIRA SUR,1,2022,0.0,E,4.13,B,0.0,E,,,0.2,E,,,116.66,B
MX LEMPIRA SUR,2,2022,0.0,E,4.82,B,0.0,E,,,0.15,E,,,105.82,C
MX LEMPIRA SUR,3,2022,0.0,E,4.12,B,0.0,E,,,0.14,E,,,103.27,C
MX LEMPIRA SUR,4,2022,0.0,E,3.96,B,0.0,E,,,0.13,E,,,102.43,C
MX LEMPIRA SUR,5,2022,0.0,E,4.08,B,0.0,E,,,0.25,E,,,103.43,C
MX LEMPIRA SUR,6,2022,0.0,E,3.89,B,0.0,E,,,0.3,D,,,103.45,C
MX LEMPIRA SUR,7,2022,0.0,E,4.97,B,0.0,E,,,0.41,D,,,104.06,C
MX LEMPIRA SUR,8,2022,0.0,E,4.01,B,0.0,E,,,0.66,A,,,105.98,C
MX LEMPIRA SUR,9,2022,0.0,E,4.08,B,0.0,E,,,0.71,A,,,105.94,C
MX LEMPIRA SUR,10,2022,0.0,E,4.06,B,0.0,E,,,0.96,A,,,107.5,C
MX LEMPIRA SUR,11,2022,0.0,E,4.1,B,0.0,E,,,1.11,A,,,108.12,C
MX LEMPIRA SUR,12,2022,0.0,E,13.66,E,0.0,E,,,0.43,C,,,102.76,C
MX LEMPIRA SUR,1,2023,0.0,E,14.16,E,0.0,E,,,0.03,E,,,102.1,C
MX LEMPIRA SUR,2,2023,0.0,E,12.86,E,0.0,E,,,-0.09,E,,,96.65,C
MX LEMPIRA SUR,3,2023,0.0,E,12.41,E,0.0,E,,,-0.07,E,,,98.14,C
MX LEMPIRA SUR,4,2023,0.0,E,13.66,E,0.0,E,,,0.11,E,,,102.14,C
MX LEMPIRA SUR,5,2023,0.0,E,11.48,E,0.0,E,,,0.12,E,,,101.77,C
MX LEMPIRA SUR,6,2023,0.0,E,13.26,E,0.0,E,,,0.2,E,,,102.49,C
MX LEMPIRA SUR,7,2023,0.0,E,12.36,E,0.0,E,,,0.42,D,,,104.54,C
MX LEMPIRA SUR,8,2023,0.0,E,7.0,C,0.0,E,,,0.61,B,,,105.92,C
MX LEMPIRA SUR,9,2023,0.0,E,9.75,D,0.0,E,,,0.7,A,,,106.08,C
MX LEMPIRA SUR,10,2023,0.0,E,9.58,D,0.0,E,,,0.95,A,,,107.57,C
MX LEMPIRA SUR,11,2023,0.0,E,9.11,D,0.0,E,,,1.04,A,,,107.56,C
MX LEMPIRA SUR,12,2023,0.0,E,7.78,D,0.0,E,,,0.52,B,,,103.32,C
MX LEMPIRA SUR,1,2024,0.0,E,8.1,D,0.0,E,,,0.26,E,,,123.17,B
MX LEMPIRA SUR,2,2024,0.0,E,9.13,D,0.0,E,,,0.47,C,,,120.79,B
MX LEMPIRA SUR,3,2024,32.3,A,10.12,E,48.97,E,7.64,D,0.56,B,1.67,E,117.38,B
MX LEMPIRA SUR,4,2024,31.91,A,9.63,D,50.79,E,6.38,D,0.65,B,1.96,E,114.93,B
MX LEMPIRA SUR,5,2024,31.82,A,8.31,D,58.77,E,8.69,C,0.78,A,2.37,E,113.39,B
MX LEMPIRA SUR,6,2024,31.84,A,9.88,D,48.66,E,7.64,D,0.93,A,2.81,E,113.05,B
MX LEMPIRA SUR,7,2024,31.66,A,7.83,D,59.63,E,7.29,D,1.06,A,3.22,E,112.98,B
MX LEMPIRA SUR,8,2024,31.57,A,9.61,D,48.11,E,7.46,D,1.14,A,3.49,E,112.36,B
MX LEMPIRA SUR,9,2024,31.52,A,9.06,D,51.66,E,7.51,D,1.22,A,3.72,E,111.76,B
MX LEMPIRA SUR,10,2024,30.61,A,8.87,D,53.48,E,11.7,B,1.23,A,3.87,E,111.03,B
MX LEMPIRA SUR,11,2024,30.33,A,9.16,D,52.22,E,11.53,B,1.22,A,3.89,E,110.1,B
MX LEMPIRA SUR,12,2024,29.69,A,7.01,D,69.79,D,12.89,A,0.54,B,1.74,E,103.78,C
MX LEMPIRA SUR,1,2025,28.89,A,8.84,D,55.1,E,14.0,A,0.16,E,0.55,E,116.32,B
MX LEMPIRA SUR,2,2025,28.45,A,8.52,D,57.69,E,16.13,A,0.33,D,1.11,E,116.92,B
MX LEMPIRA SUR,3,2025,28.33,A,7.07,D,69.26,D,18.45,A,0.67,A,2.27,E,122.91,B
MX LEMPIRA SUR,4,2025,28.79,A,7.68,D,63.66,D,18.15,A,0.82,A,2.76,E,121.1,B
MX LEMPIRA SUR,5,2025,28.58,A,7.4,D,69.4,D,21.6,A,1.02,A,3.45,E,120.15,B
MX LEMPIRA SUR,6,2025,28.27,A,7.43,D,68.45,D,18.35,A,1.17,A,4.0,E,119.25,B
MX LEMPIRA SUR,7,2025,28.04,A,3.86,B,132.71,A,18.6,A,1.3,A,4.49,E,118.81,B
MX LEMPIRA SUR,8,2025,27.96,A,3.78,B,134.61,A,19.39,A,1.49,A,5.14,E,119.15,B
MX LEMPIRA SUR,9,2025,28.06,A,3.71,B,136.08,A,18.92,A,1.62,A,5.58,E,118.61,B
MX LEMPIRA SUR,10,2025,27.89,A,4.96,B,98.05,C,19.61,A,1.71,A,5.94,E,118.03,B
MX LEMPIRA SUR,11,2025,28.16,A,4.52,B,107.19,B,17.96,A,1.85,A,6.34,D,117.56,B
MX LEMPIRA SUR,12,2025,26.74,A,4.31,B,112.98,B,19.7,A,0.54,B,1.94,E,104.18,C
MX LEMPIRA SUR,1,2026,26.29,A,4.37,B,112.68,B,20.1,A,0.25,E,0.93,E,128.32,B
MX LEMPIRA SUR,2,2026,26.48,A,4.33,B,114.24,B,21.78,A,0.36,D,1.33,E,119.71,B
MX LEMPIRA SUR,3,2026,26.88,A,,,,,21.38,A,0.48,C,1.73,E,117.21,B
MX MEDICA HONDUREÑA,1,2019,0.0,E,16.42,E,0.0,E,,,0.02,E,,,101.78,C
MX MEDICA HONDUREÑA,2,2019,0.0,E,16.91,E,0.0,E,,,0.28,E,,,113.33,B
MX MEDICA HONDUREÑA,3,2019,0.0,E,21.14,E,0.0,E,,,0.4,D,,,112.51,B
MX MEDICA HONDUREÑA,4,2019,0.0,E,18.98,E,0.0,E,,,0.34,D,,,107.79,C
MX MEDICA HONDUREÑA,5,2019,0.0,E,12.88,E,0.0,E,,,0.85,A,,,116.92,B
MX MEDICA HONDUREÑA,6,2019,0.0,E,15.43,E,0.0,E,,,0.93,A,,,114.39,B
MX MEDICA HONDUREÑA,6,2019,0.0,E,15.43,E,0.0,E,,,0.02,E,,,107.29,C
MX MEDICA HONDUREÑA,6,2019,0.0,E,14.77,E,0.0,E,,,25.05,A,,,114.39,B
MX MEDICA HONDUREÑA,6,2019,0.0,E,14.77,E,0.0,E,,,0.48,C,,,107.29,C
MX MEDICA HONDUREÑA,7,2019,0.0,E,15.88,E,0.0,E,,,0.61,B,,,108.05,C
MX MEDICA HONDUREÑA,8,2019,0.0,E,12.68,E,0.0,E,,,0.67,A,,,107.82,C
MX MEDICA HONDUREÑA,9,2019,0.0,E,12.41,E,0.0,E,,,0.78,A,,,108.02,C
MX MEDICA HONDUREÑA,10,2019,0.0,E,11.51,E,0.0,E,,,0.93,A,,,108.59,C
MX MEDICA HONDUREÑA,11,2019,0.0,E,11.47,E,0.0,E,,,1.08,A,,,109.17,C
MX MEDICA HONDUREÑA,12,2019,0.0,E,12.94,E,0.0,E,,,1.36,A,,,109.43,C
MX MEDICA HONDUREÑA,1,2020,0.0,E,13.48,E,0.0,E,,,0.34,D,,,133.35,B
MX MEDICA HONDUREÑA,2,2020,0.0,E,11.8,E,0.0,E,,,0.43,C,,,120.32,B
MX MEDICA HONDUREÑA,3,2020,0.0,E,12.75,E,0.0,E,,,0.6,B,,,119.14,B
MX MEDICA HONDUREÑA,4,2020,0.0,E,14.49,E,0.0,E,,,0.65,A,,,115.96,B
MX MEDICA HONDUREÑA,5,2020,0.0,E,12.88,E,0.0,E,,,0.85,A,,,116.92,B
MX MEDICA HONDUREÑA,6,2020,0.0,E,12.88,E,0.0,E,,,0.85,A,,,116.92,B
MX MEDICA HONDUREÑA,11,2020,0.0,E,12.71,E,0.0,E,,,1.42,A,,,113.29,B
MX MEDICA HONDUREÑA,1,2021,0.0,E,12.0,E,0.0,E,,,0.31,D,,,133.06,B
MX MEDICA HONDUREÑA,2,2021,0.0,E,11.74,E,0.0,E,,,0.31,D,,,115.78,B
MX MEDICA HONDUREÑA,3,2021,0.0,E,10.82,E,0.0,E,,,0.36,D,,,111.62,B
MX MEDICA HONDUREÑA,4,2021,0.0,E,10.5,E,0.0,E,,,0.35,D,,,108.31,C
MX MEDICA HONDUREÑA,5,2021,0.0,E,10.82,E,0.0,E,,,0.44,C,,,108.31,C
MX MEDICA HONDUREÑA,6,2021,0.0,E,10.92,E,0.0,E,,,0.65,B,,,109.98,C
MX MEDICA HONDUREÑA,7,2021,0.0,E,10.51,E,0.0,E,,,1.31,A,,,117.81,B
MX MEDICA HONDUREÑA,8,2021,0.0,E,10.3,E,0.0,E,,,1.43,A,,,116.93,B
MX MEDICA HONDUREÑA,9,2021,0.0,E,10.16,E,0.0,E,,,1.25,A,,,112.97,B
MX MEDICA HONDUREÑA,10,2021,0.0,E,10.25,E,0.0,E,,,1.15,A,,,110.73,B
MX MEDICA HONDUREÑA,11,2021,0.0,E,9.44,D,0.0,E,,,1.18,A,,,110.16,B
MX MEDICA HONDUREÑA,12,2021,0.0,E,9.35,D,0.0,E,,,0.52,B,,,103.72,C
MX MEDICA HONDUREÑA,1,2022,0.0,E,10.14,E,0.0,E,,,-0.03,E,,,97.23,C
MX MEDICA HONDUREÑA,2,2022,0.0,E,9.7,D,0.0,E,,,-0.02,E,,,99.01,C
MX MEDICA HONDUREÑA,3,2022,0.0,E,9.62,D,0.0,E,,,3.62,A,,,200.97,A
MX MEDICA HONDUREÑA,4,2022,0.0,E,9.49,D,0.0,E,,,3.34,A,,,170.61,A
MX MEDICA HONDUREÑA,5,2022,0.0,E,9.69,D,0.0,E,,,3.26,A,,,154.42,A
MX MEDICA HONDUREÑA,6,2022,0.0,E,9.91,D,0.0,E,,,2.95,A,,,140.1,B
MX MEDICA HONDUREÑA,7,2022,0.0,E,11.8,E,0.0,E,,,2.81,A,,,133.06,B
MX MEDICA HONDUREÑA,8,2022,0.0,E,9.88,D,0.0,E,,,3.03,A,,,128.94,B
MX MEDICA HONDUREÑA,9,2022,0.0,E,9.63,D,0.0,E,,,2.8,A,,,124.43,B
MX MEDICA HONDUREÑA,10,2022,0.0,E,12.18,E,0.0,E,,,2.56,A,,,120.31,B
MX MEDICA HONDUREÑA,11,2022,0.0,E,11.15,E,0.0,E,,,2.21,A,,,115.25,B
MX MEDICA HONDUREÑA,12,2022,0.0,E,11.41,E,0.0,E,,,0.67,A,,,103.83,C
MX MEDICA HONDUREÑA,1,2023,0.0,E,8.82,D,0.0,E,,,-0.12,E,,,90.33,D
MX MEDICA HONDUREÑA,2,2023,0.0,E,8.54,D,0.0,E,,,-0.25,E,,,90.2,D
MX MEDICA HONDUREÑA,3,2023,0.0,E,9.11,D,0.0,E,,,-0.51,E,,,86.82,D
MX MEDICA HONDUREÑA,4,2023,0.0,E,8.95,D,0.0,E,,,-0.75,E,,,85.84,D
MX MEDICA HONDUREÑA,5,2023,0.0,E,8.5,D,0.0,E,,,0.03,E,,,100.49,C
MX MEDICA HONDUREÑA,6,2023,0.0,E,7.01,D,0.0,E,,,0.01,E,,,100.15,C
MX MEDICA HONDUREÑA,7,2023,0.0,E,6.54,C,0.0,E,,,0.01,E,,,100.07,C
MX MEDICA HONDUREÑA,8,2023,0.0,E,6.19,C,0.0,E,,,0.37,D,,,103.5,C
MX MEDICA HONDUREÑA,9,2023,0.0,E,7.25,D,0.0,E,,,0.24,E,,,102.03,C
MX MEDICA HONDUREÑA,10,2023,0.0,E,7.86,D,0.0,E,,,0.26,E,,,102.02,C
MX MEDICA HONDUREÑA,11,2023,0.0,E,7.34,D,0.0,E,,,0.34,D,,,102.39,C
MX MEDICA HONDUREÑA,12,2023,0.0,E,7.48,D,0.0,E,,,0.1,E,,,100.66,C
MX MEDICA HONDUREÑA,1,2024,0.0,E,7.67,D,0.0,E,,,0.05,E,,,103.83,C
MX MEDICA HONDUREÑA,2,2024,0.0,E,7.44,D,0.0,E,,,0.14,E,,,106.09,C
MX MEDICA HONDUREÑA,3,2024,65.95,A,7.1,D,119.52,B,10.62,B,0.22,E,0.32,E,107.37,C
MX MEDICA HONDUREÑA,4,2024,66.19,A,8.69,D,98.54,C,19.27,A,0.23,E,0.32,E,105.49,C
MX MEDICA HONDUREÑA,5,2024,66.29,A,9.42,D,92.44,C,19.9,A,0.53,B,0.75,E,110.04,B
MX MEDICA HONDUREÑA,6,2024,66.85,A,9.89,D,89.03,C,17.13,A,0.54,B,0.76,E,108.46,C
MX MEDICA HONDUREÑA,7,2024,67.17,A,10.31,E,86.24,C,17.53,A,0.51,B,0.72,E,106.83,C
MX MEDICA HONDUREÑA,8,2024,67.52,A,10.14,E,86.54,C,11.8,A,0.52,B,0.72,E,106.01,C
MX MEDICA HONDUREÑA,9,2024,67.9,A,10.65,E,82.81,D,14.03,A,0.57,B,0.79,E,105.92,C
MX MEDICA HONDUREÑA,10,2024,67.84,A,10.1,E,87.38,C,11.53,B,0.59,B,0.81,E,105.51,C
MX MEDICA HONDUREÑA,11,2024,68.04,A,10.56,E,82.26,D,5.4,E,0.6,B,0.83,E,105.09,C
MX MEDICA HONDUREÑA,12,2024,68.53,A,11.77,E,75.35,D,8.07,C,0.6,B,0.82,E,104.65,C
MX MEDICA HONDUREÑA,1,2025,67.86,A,11.85,E,74.9,D,6.34,D,0.05,E,0.06,E,104.63,C
MX MEDICA HONDUREÑA,2,2025,67.39,A,12.32,E,71.7,D,-0.69,E,0.19,E,0.27,E,109.66,C
MX MEDICA HONDUREÑA,3,2025,67.02,A,13.39,E,65.99,D,5.54,D,0.31,D,0.43,E,110.45,B
MX MEDICA HONDUREÑA,4,2025,67.78,A,13.59,E,65.62,D,9.08,B,0.36,D,0.49,E,108.43,C
MX MEDICA HONDUREÑA,5,2025,67.2,A,11.85,E,76.98,D,12.54,A,0.29,E,0.41,E,105.45,C
MX MEDICA HONDUREÑA,6,2025,67.01,A,11.01,E,81.49,D,13.28,A,0.24,E,0.34,E,103.71,C
MX MEDICA HONDUREÑA,7,2025,66.65,A,12.22,E,74.05,D,10.78,B,0.11,E,0.15,E,101.4,C
MX MEDICA HONDUREÑA,8,2025,66.83,A,12.48,E,73.09,D,7.32,D,-0.22,E,-0.3,E,97.64,C
MX MEDICA HONDUREÑA,9,2025,66.79,A,13.15,E,69.73,D,6.38,D,-0.32,E,-0.44,E,96.94,C
MX MEDICA HONDUREÑA,10,2025,66.81,A,14.51,E,63.34,D,7.72,C,-0.19,E,-0.27,E,98.32,C
MX MEDICA HONDUREÑA,11,2025,66.58,A,16.14,E,57.92,E,6.46,D,-0.27,E,-0.38,E,97.81,C
MX MEDICA HONDUREÑA,12,2025,66.27,A,18.33,E,54.68,E,13.33,A,0.02,E,0.02,E,100.13,C
MX MEDICA HONDUREÑA,1,2026,60.48,A,18.13,E,57.96,E,41.0,A,-0.31,E,-0.47,E,74.54,D
MX MEDICA HONDUREÑA,2,2026,59.51,A,19.1,E,55.29,E,36.9,A,-0.79,E,-1.23,E,70.92,D
MX MEDICA HONDUREÑA,3,2026,58.3,A,,,,,24.71,A,-1.2,E,-1.91,E,71.49,D
MX MUJERES EN ACCION,6,2024,39.98,A,7.77,D,100.65,B,28.97,A,0.88,A,2.06,E,112.5,B
MX MUJERES EN ACCION,7,2024,40.64,A,7.46,D,101.59,B,20.4,A,1.04,A,2.39,E,112.63,B
MX MUJERES EN ACCION,8,2024,40.84,A,7.24,D,104.75,B,18.66,A,1.53,A,3.51,E,116.35,B
MX MUJERES EN ACCION,9,2024,41.63,A,7.16,D,104.62,B,15.64,A,1.69,A,3.81,E,115.8,B
MX MUJERES EN ACCION,10,2024,41.47,A,7.17,D,103.97,B,20.83,A,1.81,A,4.1,E,115.35,B
MX MUJERES EN ACCION,11,2024,41.62,A,6.8,C,107.07,B,15.16,A,1.94,A,4.38,E,115.06,B
MX MUJERES EN ACCION,12,2024,42.14,A,6.8,C,109.47,B,15.9,A,1.68,A,3.75,E,111.35,B
MX MUJERES EN ACCION,1,2025,42.46,A,6.96,C,109.22,B,20.59,A,0.23,E,0.5,E,120.11,B
MX MUJERES EN ACCION,2,2025,42.37,A,7.19,D,110.26,B,29.59,A,0.39,D,0.86,E,116.98,B
MX MUJERES EN ACCION,3,2025,42.48,A,6.79,C,113.44,B,25.79,A,0.44,C,0.96,E,112.33,B
MX MUJERES EN ACCION,4,2025,42.33,A,8.34,D,94.09,C,29.05,A,0.44,C,0.98,E,109.26,C
MX MUJERES EN ACCION,5,2025,41.9,A,9.35,D,86.87,C,37.14,A,0.52,B,1.16,E,108.86,C
MX MUJERES EN ACCION,6,2025,40.66,A,7.19,D,113.25,B,38.18,A,0.69,A,1.59,E,110.22,B
MX MUJERES EN ACCION,7,2025,40.22,A,7.81,D,101.84,B,34.57,A,0.74,A,1.74,E,109.63,C
MX MUJERES EN ACCION,8,2025,40.0,A,7.54,D,103.76,B,31.49,A,0.91,A,2.13,E,110.39,B
MX MUJERES EN ACCION,9,2025,40.5,A,7.0,D,103.13,B,26.22,A,1.23,A,2.86,E,112.49,B
MX MUJERES EN ACCION,10,2025,40.47,A,6.44,C,111.72,B,27.5,A,1.48,A,3.46,E,113.68,B
MX MUJERES EN ACCION,11,2025,41.36,A,6.22,C,113.6,B,21.37,A,1.84,A,4.2,E,115.43,B
MX MUJERES EN ACCION,12,2025,41.01,A,5.7,C,123.86,B,23.06,A,1.94,A,4.46,E,114.99,B
MX MUJERES EN ACCION,1,2026,40.75,A,5.8,C,123.26,B,28.03,A,0.17,E,0.38,E,115.28,B
MX MUJERES EN ACCION,2,2026,41.08,A,5.89,C,122.95,B,30.53,A,0.32,D,0.74,E,115.04,B
MX MUJERES EN ACCION,3,2026,41.23,A,,,,,22.35,A,0.33,D,0.75,E,109.44,C
MX MUJERES UNIDAS,5,2019,0.0,E,97.82,E,0.0,E,,,-1.4,E,,,35.38,E
MX MUJERES UNIDAS,1,2020,0.0,E,96.43,E,0.0,E,,,-0.3,E,,,49.96,E
MX MUJERES UNIDAS,2,2020,0.0,E,96.88,E,0.0,E,,,-0.69,E,,,41.99,E
MX MUJERES UNIDAS,3,2020,0.0,E,97.4,E,0.0,E,,,-1.01,E,,,38.19,E
MX MUJERES UNIDAS,4,2020,0.0,E,97.63,E,0.0,E,,,-1.21,E,,,36.76,E
MX MUJERES UNIDAS,5,2020,0.0,E,97.82,E,0.0,E,,,-1.4,E,,,35.38,E
MX MUJERES UNIDAS,6,2020,0.0,E,97.82,E,0.0,E,,,-2.06,E,,,29.91,E
MX MUJERES UNIDAS,7,2020,0.0,E,97.65,E,0.0,E,,,-2.23,E,,,36.23,E
MX MUJERES UNIDAS,8,2020,0.0,E,97.54,E,0.0,E,,,-2.43,E,,,38.92,E
MX MUJERES UNIDAS,9,2020,0.0,E,97.48,E,0.0,E,,,-3.08,E,,,36.78,E
MX MUJERES UNIDAS,10,2020,0.0,E,96.68,E,0.0,E,,,-3.24,E,,,38.63,E
MX MUJERES UNIDAS,11,2020,0.0,E,97.05,E,0.0,E,,,-3.78,E,,,32.85,E
MX MUJERES UNIDAS,12,2020,0.0,E,96.76,E,0.0,E,,,-3.03,E,,,51.81,E
MX MUJERES UNIDAS,12,2020,0.0,E,96.76,E,0.0,E,,,-3.03,E,,,51.81,E
MX MUJERES UNIDAS,12,2020,0.0,E,96.76,E,0.0,E,,,-3.03,E,,,51.81,E
MX MUJERES UNIDAS,12,2020,0.0,E,96.76,E,0.0,E,,,-3.03,E,,,51.81,E
MX MUJERES UNIDAS,1,2021,0.0,E,96.71,E,0.0,E,,,-0.2,E,,,45.91,E
MX MUJERES UNIDAS,2,2021,0.0,E,95.93,E,0.0,E,,,-0.13,E,,,83.54,D
MX MUJERES UNIDAS,3,2021,0.0,E,95.17,E,0.0,E,,,-0.02,E,,,98.0,C
MX MUJERES UNIDAS,4,2021,0.0,E,95.09,E,0.0,E,,,0.08,E,,,105.14,C
MX MUJERES UNIDAS,5,2021,0.0,E,95.1,E,0.0,E,,,0.09,E,,,104.55,C
MX MUJERES UNIDAS,6,2021,0.0,E,94.99,E,0.0,E,,,-0.02,E,,,99.0,C
MX MUJERES UNIDAS,7,2021,0.0,E,95.04,E,0.0,E,,,-0.01,E,,,99.58,C
MX MUJERES UNIDAS,8,2021,0.0,E,94.62,E,0.0,E,,,-0.04,E,,,98.63,C
MX MUJERES UNIDAS,9,2021,0.0,E,94.14,E,0.0,E,,,0.08,E,,,102.21,C
MX MUJERES UNIDAS,10,2021,0.0,E,94.18,E,0.0,E,,,-0.14,E,,,96.52,C
MX MUJERES UNIDAS,11,2021,0.0,E,93.59,E,0.0,E,,,-0.27,E,,,93.76,C
MX MUJERES UNIDAS,12,2021,0.0,E,93.09,E,0.0,E,,,-0.2,E,,,95.85,C
MX MUJERES UNIDAS,1,2022,0.0,E,93.54,E,0.0,E,,,-0.12,E,,,72.21,D
MX MUJERES UNIDAS,2,2022,0.0,E,93.14,E,0.0,E,,,-0.29,E,,,66.92,D
MX MUJERES UNIDAS,3,2022,0.0,E,93.14,E,0.0,E,,,-0.45,E,,,65.31,E
MX MUJERES UNIDAS,4,2022,0.0,E,93.25,E,0.0,E,,,-0.62,E,,,62.17,E
MX MUJERES UNIDAS,5,2022,0.0,E,91.07,E,0.0,E,,,-1.42,E,,,54.24,E
MX MUJERES UNIDAS,6,2022,0.0,E,88.64,E,0.0,E,,,-1.28,E,,,70.46,D
MX MUJERES UNIDAS,7,2022,0.0,E,88.32,E,0.0,E,,,-0.68,E,,,85.99,D
MX MUJERES UNIDAS,8,2022,0.0,E,88.87,E,0.0,E,,,-0.81,E,,,85.04,D
MX MUJERES UNIDAS,9,2022,0.0,E,87.43,E,0.0,E,,,-1.15,E,,,80.48,D
MX MUJERES UNIDAS,10,2022,0.0,E,86.86,E,0.0,E,,,-1.3,E,,,80.02,D
MX MUJERES UNIDAS,11,2022,0.0,E,88.44,E,0.0,E,,,-1.43,E,,,79.48,D
MX MUJERES UNIDAS,12,2022,0.0,E,87.41,E,0.0,E,,,-1.64,E,,,78.9,D
MX MUJERES UNIDAS,1,2023,0.0,E,88.63,E,0.0,E,,,-0.04,E,,,93.0,D
MX MUJERES UNIDAS,2,2023,0.0,E,86.56,E,0.0,E,,,-0.2,E,,,81.52,D
MX MUJERES UNIDAS,3,2023,0.0,E,88.43,E,0.0,E,,,-0.35,E,,,79.03,D
MX MUJERES UNIDAS,4,2023,0.0,E,88.17,E,0.0,E,,,-0.44,E,,,79.4,D
MX MUJERES UNIDAS,5,2023,0.0,E,87.51,E,0.0,E,,,-0.35,E,,,86.87,D
MX MUJERES UNIDAS,6,2023,0.0,E,87.32,E,0.0,E,,,-0.45,E,,,86.32,D
MX MUJERES UNIDAS,7,2023,0.0,E,85.53,E,0.0,E,,,-0.48,E,,,87.53,D
MX MUJERES UNIDAS,8,2023,0.0,E,86.79,E,0.0,E,,,-0.62,E,,,86.14,D
MX MUJERES UNIDAS,9,2023,0.0,E,86.58,E,0.0,E,,,-0.32,E,,,93.72,C
MX MUJERES UNIDAS,10,2023,0.0,E,86.43,E,0.0,E,,,0.23,E,,,104.15,C
MX MUJERES UNIDAS,11,2023,0.0,E,86.22,E,0.0,E,,,0.49,C,,,107.9,C
MX MUJERES UNIDAS,12,2023,0.0,E,85.91,E,0.0,E,,,0.34,D,,,104.99,C
MX MUJERES UNIDAS,1,2024,0.0,E,84.79,E,0.0,E,,,0.17,E,,,132.44,B
MX MUJERES UNIDAS,2,2024,0.0,E,84.91,E,0.0,E,,,0.05,E,,,104.3,C
MX MUJERES UNIDAS,3,2024,-86.48,E,84.64,E,114.14,B,2.85,E,-0.01,E,0.0,E,99.76,C
MX MUJERES UNIDAS,4,2024,-86.29,E,83.94,E,114.99,B,4.11,E,0.13,E,-0.06,E,103.5,C
MX MUJERES UNIDAS,5,2024,-86.32,E,83.52,E,116.02,B,3.91,E,0.43,C,-0.19,E,109.12,C
MX MUJERES UNIDAS,6,2024,-86.22,E,83.7,E,116.77,B,3.35,E,-0.06,E,0.03,E,98.95,C
MX MUJERES UNIDAS,7,2024,-86.92,E,82.95,E,117.75,B,3.27,E,-0.54,E,0.24,E,92.55,D
MX MUJERES UNIDAS,8,2024,-87.09,E,82.76,E,118.22,B,2.66,E,-0.67,E,0.29,E,92.05,D
MX MUJERES UNIDAS,9,2024,-87.26,E,82.4,E,119.13,B,2.54,E,-0.87,E,0.38,E,90.8,D
MX MUJERES UNIDAS,10,2024,-89.59,E,82.42,E,124.17,B,3.27,E,-0.97,E,0.38,E,91.34,D
MX MUJERES UNIDAS,11,2024,-89.54,E,82.03,E,125.2,B,4.18,E,-0.87,E,0.35,E,92.8,D
MX MUJERES UNIDAS,12,2024,-90.03,E,82.73,E,124.53,B,3.21,E,-1.25,E,0.48,E,90.8,D
MX MUJERES UNIDAS,1,2025,-90.01,E,83.74,E,123.94,B,4.32,E,0.28,E,-0.11,E,131.42,B
MX MUJERES UNIDAS,2,2025,-90.09,E,83.11,E,124.94,B,3.64,E,-0.02,E,0.01,E,98.84,C
MX MUJERES UNIDAS,3,2025,-90.59,E,82.68,E,126.35,B,4.24,E,-0.11,E,0.04,E,96.48,C
MX MUJERES UNIDAS,4,2025,-91.12,E,82.69,E,126.51,B,3.33,E,0.27,E,-0.1,E,106.63,C
MX MUJERES UNIDAS,5,2025,-91.11,E,82.85,E,126.2,B,5.05,E,0.27,E,-0.1,E,104.86,C
MX MUJERES UNIDAS,6,2025,-91.22,E,81.66,E,127.72,B,4.3,E,0.21,E,-0.08,E,103.08,C
MX MUJERES UNIDAS,7,2025,-91.22,E,80.92,E,128.89,B,3.41,E,0.58,B,-0.21,E,107.37,C
MX MUJERES UNIDAS,8,2025,-91.28,E,81.0,E,129.05,B,3.37,E,0.35,D,-0.13,E,103.87,C
MX MUJERES UNIDAS,9,2025,-91.3,E,80.93,E,129.28,B,2.91,E,0.46,C,-0.17,E,104.6,C
MX MUJERES UNIDAS,10,2025,-91.21,E,81.05,E,130.01,A,5.09,E,0.45,C,-0.16,E,104.06,C
MX MUJERES UNIDAS,11,2025,-91.31,E,81.46,E,129.93,B,5.32,E,0.26,E,-0.09,E,102.11,C
MX MUJERES UNIDAS,12,2025,-91.36,E,81.18,E,130.9,A,5.99,D,0.03,E,-0.01,E,100.2,C
MX MUJERES UNIDAS,1,2026,-91.46,E,81.16,E,131.43,A,5.96,D,-0.07,E,0.02,E,94.92,C
MX MUJERES UNIDAS,2,2026,-91.32,E,81.64,E,131.11,A,7.16,D,0.12,E,-0.04,E,105.28,C
MX MUJERES UNIDAS,3,2026,-91.36,E,,,,,6.87,D,-0.12,E,0.04,E,96.48,C
MX MULTIPARTICIPATIVA,1,2019,0.0,E,3.08,B,0.0,E,,,0.31,D,,,125.83,B
MX MULTIPARTICIPATIVA,2,2019,0.0,E,2.68,B,0.0,E,,,0.29,E,,,110.68,B
MX MULTIPARTICIPATIVA,3,2019,0.0,E,2.52,B,0.0,E,,,0.35,D,,,108.41,C
MX MULTIPARTICIPATIVA,4,2019,0.0,E,2.58,B,0.0,E,,,0.39,D,,,107.13,C
MX MULTIPARTICIPATIVA,5,2019,0.0,E,4.96,B,0.0,E,,,0.75,A,,,112.34,B
MX MULTIPARTICIPATIVA,6,2019,0.0,E,12.12,E,0.0,E,,,0.56,B,,,107.91,C
MX MULTIPARTICIPATIVA,6,2019,0.0,E,12.12,E,0.0,E,,,0.16,E,,,109.22,C
MX MULTIPARTICIPATIVA,6,2019,0.0,E,2.94,B,0.0,E,,,2.65,A,,,107.91,C
MX MULTIPARTICIPATIVA,6,2019,0.0,E,2.94,B,0.0,E,,,0.74,A,,,109.22,C
MX MULTIPARTICIPATIVA,7,2019,0.0,E,3.02,B,0.0,E,,,1.0,A,,,110.42,B
MX MULTIPARTICIPATIVA,8,2019,0.0,E,3.02,B,0.0,E,,,0.65,B,,,105.75,C
MX MULTIPARTICIPATIVA,9,2019,0.0,E,3.54,B,0.0,E,,,0.44,C,,,103.36,C
MX MULTIPARTICIPATIVA,10,2019,0.0,E,3.5,B,0.0,E,,,0.64,B,,,104.47,C
MX MULTIPARTICIPATIVA,11,2019,0.0,E,3.49,B,0.0,E,,,0.73,A,,,104.55,C
MX MULTIPARTICIPATIVA,12,2019,0.0,E,3.51,B,0.0,E,,,0.52,B,,,102.81,C
MX MULTIPARTICIPATIVA,1,2020,0.0,E,4.14,B,0.0,E,,,0.27,E,,,120.25,B
MX MULTIPARTICIPATIVA,2,2020,0.0,E,4.31,B,0.0,E,,,0.49,C,,,118.59,B
MX MULTIPARTICIPATIVA,3,2020,0.0,E,4.91,B,0.0,E,,,0.69,A,,,118.19,B
MX MULTIPARTICIPATIVA,4,2020,0.0,E,5.0,C,0.0,E,,,0.76,A,,,115.4,B
MX MULTIPARTICIPATIVA,5,2020,0.0,E,4.96,B,0.0,E,,,0.75,A,,,112.34,B
MX MULTIPARTICIPATIVA,6,2020,0.0,E,4.84,B,0.0,E,,,1.04,A,,,115.23,B
MX MULTIPARTICIPATIVA,7,2020,0.0,E,4.3,B,0.0,E,,,1.09,A,,,113.49,B
MX MULTIPARTICIPATIVA,8,2020,0.0,E,4.17,B,0.0,E,,,1.03,A,,,110.9,B
MX MULTIPARTICIPATIVA,9,2020,0.0,E,3.98,B,0.0,E,,,1.02,A,,,109.29,C
MX MULTIPARTICIPATIVA,10,2020,0.0,E,4.7,B,0.0,E,,,1.23,A,,,109.55,C
MX MULTIPARTICIPATIVA,11,2020,0.0,E,4.87,B,0.0,E,,,1.25,A,,,108.89,C
MX MULTIPARTICIPATIVA,12,2020,0.0,E,5.15,C,0.0,E,,,0.65,B,,,103.98,C
MX MULTIPARTICIPATIVA,12,2020,0.0,E,5.15,C,0.0,E,,,0.65,B,,,103.98,C
MX MULTIPARTICIPATIVA,12,2020,0.0,E,5.15,C,0.0,E,,,0.65,B,,,103.98,C
MX MULTIPARTICIPATIVA,12,2020,0.0,E,5.15,C,0.0,E,,,0.65,B,,,103.98,C
MX MULTIPARTICIPATIVA,1,2021,0.0,E,4.36,B,0.0,E,,,0.28,E,,,125.79,B
MX MULTIPARTICIPATIVA,2,2021,0.0,E,4.08,B,0.0,E,,,0.43,C,,,118.07,B
MX MULTIPARTICIPATIVA,3,2021,0.0,E,4.13,B,0.0,E,,,0.55,B,,,115.12,B
MX MULTIPARTICIPATIVA,4,2021,0.0,E,4.21,B,0.0,E,,,0.71,A,,,114.59,B
MX MULTIPARTICIPATIVA,5,2021,0.0,E,4.06,B,0.0,E,,,0.9,A,,,114.7,B
MX MULTIPARTICIPATIVA,6,2021,0.0,E,4.12,B,0.0,E,,,1.07,A,,,114.89,B
MX MULTIPARTICIPATIVA,7,2021,0.0,E,4.14,B,0.0,E,,,1.23,A,,,114.42,B
MX MULTIPARTICIPATIVA,9,2021,0.0,E,4.45,B,0.0,E,,,1.45,A,,,112.9,B
MX MULTIPARTICIPATIVA,10,2021,0.0,E,4.12,B,0.0,E,,,1.56,A,,,112.41,B
MX MULTIPARTICIPATIVA,11,2021,0.0,E,3.91,B,0.0,E,,,1.64,A,,,111.84,B
MX MULTIPARTICIPATIVA,12,2021,0.0,E,4.25,B,0.0,E,,,1.56,A,,,110.22,B
MX MULTIPARTICIPATIVA,1,2022,0.0,E,4.44,B,0.0,E,,,0.15,E,,,113.38,B
MX MULTIPARTICIPATIVA,2,2022,0.0,E,4.85,B,0.0,E,,,0.33,D,,,113.98,B
MX MULTIPARTICIPATIVA,3,2022,0.0,E,5.1,C,0.0,E,,,0.25,E,,,106.82,C
MX MULTIPARTICIPATIVA,4,2022,0.0,E,4.86,B,0.0,E,,,0.29,E,,,105.85,C
MX MULTIPARTICIPATIVA,5,2022,0.0,E,4.95,B,0.0,E,,,0.3,E,,,104.69,C
MX MULTIPARTICIPATIVA,6,2022,0.0,E,4.5,B,0.0,E,,,0.2,E,,,102.64,C
MX MULTIPARTICIPATIVA,7,2022,0.0,E,4.45,B,0.0,E,,,0.28,E,,,103.11,C
MX MULTIPARTICIPATIVA,8,2022,0.0,E,4.48,B,0.0,E,,,0.36,D,,,103.55,C
MX MULTIPARTICIPATIVA,9,2022,0.0,E,4.17,B,0.0,E,,,0.45,C,,,103.98,C
MX MULTIPARTICIPATIVA,10,2022,0.0,E,4.46,B,0.0,E,,,0.64,B,,,105.1,C
MX MULTIPARTICIPATIVA,11,2022,0.0,E,4.02,B,0.0,E,,,0.78,A,,,105.78,C
MX MULTIPARTICIPATIVA,12,2022,0.0,E,3.68,B,0.0,E,,,0.4,D,,,102.58,C
MX MULTIPARTICIPATIVA,1,2023,0.0,E,3.99,B,0.0,E,,,0.3,E,,,125.54,B
MX MULTIPARTICIPATIVA,2,2023,0.0,E,3.89,B,0.0,E,,,0.63,B,,,128.58,B
MX MULTIPARTICIPATIVA,3,2023,0.0,E,4.0,B,0.0,E,,,0.89,A,,,127.0,B
MX MULTIPARTICIPATIVA,4,2023,0.0,E,4.0,B,0.0,E,,,0.99,A,,,121.48,B
MX MULTIPARTICIPATIVA,5,2023,0.0,E,4.07,B,0.0,E,,,1.19,A,,,120.67,B
MX MULTIPARTICIPATIVA,6,2023,0.0,E,3.49,B,0.0,E,,,1.5,A,,,121.99,B
MX MULTIPARTICIPATIVA,7,2023,0.0,E,3.67,B,0.0,E,,,1.84,A,,,123.12,B
MX MULTIPARTICIPATIVA,8,2023,0.0,E,3.96,B,0.0,E,,,2.15,A,,,123.86,B
MX MULTIPARTICIPATIVA,9,2023,0.0,E,3.87,B,0.0,E,,,2.36,A,,,123.37,B
MX MULTIPARTICIPATIVA,10,2023,0.0,E,4.42,B,0.0,E,,,2.46,A,,,121.76,B
MX MULTIPARTICIPATIVA,11,2023,0.0,E,4.13,B,0.0,E,,,2.66,A,,,121.47,B
MX MULTIPARTICIPATIVA,12,2023,0.0,E,4.22,B,0.0,E,,,1.45,A,,,109.58,C
MX MULTIPARTICIPATIVA,1,2024,0.0,E,4.96,B,0.0,E,,,0.35,D,,,132.75,B
MX MULTIPARTICIPATIVA,2,2024,0.0,E,4.71,B,0.0,E,,,0.56,B,,,125.12,B
MX MULTIPARTICIPATIVA,3,2024,82.21,A,4.92,B,108.74,B,67.37,A,0.72,A,0.83,E,121.27,B
MX MULTIPARTICIPATIVA,4,2024,82.73,A,5.12,C,103.9,B,64.68,A,0.81,A,0.94,E,117.15,B
MX MULTIPARTICIPATIVA,5,2024,82.65,A,5.06,C,103.33,B,62.61,A,1.05,A,1.21,E,117.8,B
MX MULTIPARTICIPATIVA,6,2024,82.52,A,4.5,B,110.99,B,34.39,A,1.31,A,1.51,E,119.05,B
MX MULTIPARTICIPATIVA,7,2024,82.36,A,3.7,B,131.22,A,25.57,A,1.61,A,1.87,E,120.3,B
MX MULTIPARTICIPATIVA,8,2024,82.19,A,3.67,B,128.9,B,17.65,A,1.98,A,2.31,E,122.25,B
MX MULTIPARTICIPATIVA,9,2024,81.5,A,3.75,B,127.78,B,34.32,A,2.23,A,2.62,E,122.41,B
MX MULTIPARTICIPATIVA,10,2024,81.96,A,3.71,B,126.97,B,37.7,A,2.57,A,3.01,E,123.6,B
MX MULTIPARTICIPATIVA,11,2024,81.93,A,3.86,B,123.76,B,51.89,A,2.83,A,3.31,E,123.8,B
MX MULTIPARTICIPATIVA,12,2024,82.43,A,3.59,B,127.13,B,11.2,B,1.1,A,1.28,E,107.38,C
MX MULTIPARTICIPATIVA,1,2025,80.93,A,3.44,B,127.24,B,14.65,A,0.44,C,0.52,E,141.8,B
MX MULTIPARTICIPATIVA,2,2025,81.91,A,3.51,B,125.24,B,26.68,A,0.82,A,0.96,E,138.15,B
MX MULTIPARTICIPATIVA,3,2025,82.39,A,3.56,B,123.23,B,36.6,A,0.66,A,0.77,E,117.77,B
MX MULTIPARTICIPATIVA,4,2025,82.22,A,3.43,B,121.38,B,18.09,A,1.01,A,1.18,E,120.72,B
MX MULTIPARTICIPATIVA,5,2025,82.47,A,3.11,B,132.58,A,30.87,A,1.33,A,1.55,E,122.23,B
MX MULTIPARTICIPATIVA,6,2025,82.71,A,2.9,B,140.56,A,35.92,A,1.51,A,1.76,E,121.3,B
MX MULTIPARTICIPATIVA,7,2025,82.9,A,2.92,B,136.51,A,40.56,A,1.94,A,2.25,E,123.89,B
MX MULTIPARTICIPATIVA,8,2025,82.94,A,2.82,B,137.49,A,37.06,A,2.31,A,2.69,E,125.19,B
MX MULTIPARTICIPATIVA,9,2025,83.08,A,2.75,B,136.79,A,18.61,A,2.65,A,3.08,E,125.39,B
MX MULTIPARTICIPATIVA,10,2025,83.2,A,2.8,B,133.8,A,30.23,A,2.71,A,3.14,E,122.86,B
MX MULTIPARTICIPATIVA,11,2025,82.95,A,2.82,B,120.3,B,25.36,A,2.55,A,2.98,E,119.2,B
MX MULTIPARTICIPATIVA,12,2025,84.69,A,3.44,B,98.85,C,9.49,B,2.23,A,2.55,E,114.48,B
MX MULTIPARTICIPATIVA,1,2026,82.84,A,2.84,B,125.77,B,14.24,A,0.31,D,0.36,E,126.39,B
MX MULTIPARTICIPATIVA,2,2026,82.74,A,2.86,B,130.12,A,21.04,A,0.66,A,0.77,E,128.72,B
MX MULTIPARTICIPATIVA,3,2026,82.95,A,,,,,19.35,A,0.99,A,1.15,E,128.1,B
MX PORTEÑA,1,2019,0.0,E,46.88,E,0.0,E,,,0.05,E,,,103.42,C
MX PORTEÑA,2,2019,0.0,E,50.49,E,0.0,E,,,0.06,E,,,102.01,C
MX PORTEÑA,3,2019,0.0,E,45.41,E,0.0,E,,,0.07,E,,,101.65,C
MX PORTEÑA,4,2019,0.0,E,43.27,E,0.0,E,,,0.03,E,,,100.58,C
MX PORTEÑA,5,2019,,,,,,,,,,,,,,
MX PORTEÑA,6,2019,0.0,E,25.66,E,0.0,E,,,0.28,E,,,103.7,C
MX PORTEÑA,6,2019,0.0,E,25.66,E,0.0,E,,,0.03,E,,,100.77,C
MX PORTEÑA,6,2019,0.0,E,43.94,E,0.0,E,,,0.69,A,,,103.7,C
MX PORTEÑA,6,2019,0.0,E,43.94,E,0.0,E,,,0.07,E,,,100.77,C
MX PORTEÑA,7,2019,0.0,E,41.49,E,0.0,E,,,0.15,E,,,101.48,C
MX PORTEÑA,8,2019,0.0,E,42.64,E,0.0,E,,,0.2,E,,,101.7,C
MX PORTEÑA,9,2019,0.0,E,45.28,E,0.0,E,,,0.13,E,,,101.02,C
MX PORTEÑA,10,2019,0.0,E,46.15,E,0.0,E,,,0.11,E,,,100.76,C
MX PORTEÑA,11,2019,0.0,E,43.69,E,0.0,E,,,0.24,E,,,101.61,C
MX PORTEÑA,12,2019,0.0,E,37.78,E,0.0,E,,,0.13,E,,,100.78,C
MX PORTEÑA,1,2020,0.0,E,41.12,E,0.0,E,,,0.07,E,,,105.16,C
MX PORTEÑA,2,2020,0.0,E,43.99,E,0.0,E,,,0.06,E,,,102.12,C
MX PORTEÑA,3,2020,0.0,E,11.48,E,0.0,E,,,0.29,E,,,107.54,C
MX PORTEÑA,4,2020,0.0,E,12.9,E,0.0,E,,,0.52,B,,,110.62,B
MX PORTEÑA,5,2020,,,,,,,,,,,,,,
MX PORTEÑA,6,2020,0.0,E,35.95,E,0.0,E,,,0.33,D,,,104.53,C
MX PORTEÑA,7,2020,0.0,E,43.56,E,0.0,E,,,0.04,E,,,100.49,C
MX PORTEÑA,8,2020,0.0,E,45.55,E,0.0,E,,,-0.25,E,,,97.34,C
MX PORTEÑA,9,2020,0.0,E,44.67,E,0.0,E,,,-0.42,E,,,96.13,C
MX PORTEÑA,10,2020,0.0,E,44.53,E,0.0,E,,,-0.53,E,,,95.57,C
MX PORTEÑA,11,2020,0.0,E,45.53,E,0.0,E,,,-0.81,E,,,93.8,C
MX PORTEÑA,12,2020,0.0,E,44.96,E,0.0,E,,,-1.09,E,,,92.75,D
MX PORTEÑA,1,2021,0.0,E,44.78,E,0.0,E,,,-0.01,E,,,99.33,C
MX PORTEÑA,4,2021,0.0,E,41.14,E,0.0,E,,,-0.27,E,,,93.62,C
MX PORTEÑA,5,2021,0.0,E,40.17,E,0.0,E,,,0.38,D,,,107.11,C
MX PORTEÑA,6,2021,0.0,E,37.99,E,0.0,E,,,0.48,C,,,107.17,C
MX PORTEÑA,7,2021,0.0,E,28.34,E,0.0,E,,,0.9,A,,,111.61,B
MX PORTEÑA,8,2021,0.0,E,32.17,E,0.0,E,,,1.02,A,,,111.55,B
MX PORTEÑA,9,2021,0.0,E,31.99,E,0.0,E,,,1.03,A,,,110.35,B
MX PORTEÑA,10,2021,0.0,E,32.28,E,0.0,E,,,0.87,A,,,107.64,C
MX PORTEÑA,11,2021,0.0,E,31.94,E,0.0,E,,,0.8,A,,,106.42,C
MX PORTEÑA,12,2021,0.0,E,31.55,E,0.0,E,,,0.13,E,,,100.93,C
MX PORTEÑA,1,2022,0.0,E,31.19,E,0.0,E,,,0.13,E,,,113.96,B
MX PORTEÑA,2,2022,0.0,E,31.4,E,0.0,E,,,0.12,E,,,106.01,C
MX PORTEÑA,3,2022,0.0,E,30.33,E,0.0,E,,,0.16,E,,,105.28,C
MX PORTEÑA,4,2022,0.0,E,29.89,E,0.0,E,,,0.17,E,,,104.15,C
MX PORTEÑA,5,2022,0.0,E,29.83,E,0.0,E,,,0.08,E,,,101.49,C
MX PORTEÑA,6,2022,0.0,E,29.84,E,0.0,E,,,-0.16,E,,,97.52,C
MX PORTEÑA,7,2022,0.0,E,28.19,E,0.0,E,,,-0.12,E,,,98.35,C
MX PORTEÑA,8,2022,0.0,E,26.91,E,0.0,E,,,-0.14,E,,,98.34,C
MX PORTEÑA,9,2022,0.0,E,26.94,E,0.0,E,,,-0.06,E,,,99.39,C
MX PORTEÑA,10,2022,0.0,E,27.57,E,0.0,E,,,-0.05,E,,,99.48,C
MX PORTEÑA,11,2022,0.0,E,27.17,E,0.0,E,,,-0.06,E,,,99.47,C
MX PORTEÑA,12,2022,0.0,E,27.88,E,0.0,E,,,-1.42,E,,,89.57,D
MX PORTEÑA,1,2023,0.0,E,27.75,E,0.0,E,,,0.04,E,,,104.41,C
MX PORTEÑA,2,2023,0.0,E,27.78,E,0.0,E,,,0.01,E,,,100.33,C
MX PORTEÑA,3,2023,0.0,E,27.33,E,0.0,E,,,0.01,E,,,100.44,C
MX PORTEÑA,4,2023,0.0,E,28.19,E,0.0,E,,,0.05,E,,,101.28,C
MX PORTEÑA,5,2023,0.0,E,28.89,E,0.0,E,,,0.62,B,,,112.69,B
MX PORTEÑA,6,2023,0.0,E,29.2,E,0.0,E,,,0.59,B,,,110.05,B
MX PORTEÑA,7,2023,0.0,E,27.8,E,0.0,E,,,0.52,B,,,107.73,C
MX PORTEÑA,8,2023,0.0,E,29.37,E,0.0,E,,,0.52,B,,,106.79,C
MX PORTEÑA,9,2023,0.0,E,28.42,E,0.0,E,,,0.52,B,,,106.0,C
MX PORTEÑA,10,2023,0.0,E,30.57,E,0.0,E,,,0.42,D,,,104.45,C
MX PORTEÑA,11,2023,0.0,E,29.39,E,0.0,E,,,0.43,C,,,104.13,C
MX PORTEÑA,12,2023,0.0,E,31.98,E,0.0,E,,,0.11,E,,,100.98,C
MX PORTEÑA,1,2024,0.0,E,31.79,E,0.0,E,,,0.01,E,,,101.34,C
MX PORTEÑA,2,2024,0.0,E,32.92,E,0.0,E,,,0.01,E,,,100.56,C
MX PORTEÑA,3,2024,33.45,A,33.86,E,32.14,E,14.78,A,0.01,E,0.02,E,100.35,C
MX PORTEÑA,4,2024,33.53,A,33.41,E,32.66,E,13.97,A,0.01,E,0.02,E,100.23,C
MX PORTEÑA,5,2024,33.34,A,30.48,E,35.82,E,14.32,A,0.01,E,0.02,E,100.19,C
MX PORTEÑA,6,2024,33.46,A,31.72,E,34.78,E,14.05,A,-0.15,E,-0.42,E,96.98,C
MX PORTEÑA,7,2024,33.46,A,30.2,E,36.35,E,13.79,A,0.0,E,0.0,E,100.01,C
MX PORTEÑA,8,2024,34.44,A,30.72,E,35.69,E,10.02,B,-0.08,E,-0.21,E,98.88,C
MX PORTEÑA,9,2024,35.03,A,30.38,E,36.18,E,10.26,B,-0.1,E,-0.27,E,98.67,C
MX PORTEÑA,10,2024,35.84,A,30.69,E,36.23,E,6.1,D,-0.2,E,-0.51,E,97.77,C
MX PORTEÑA,11,2024,36.01,A,32.5,E,34.68,E,6.66,D,-0.3,E,-0.77,E,96.93,C
MX PORTEÑA,12,2024,36.32,A,33.04,E,34.62,E,8.07,C,-0.62,E,-1.57,E,94.35,C
MX PORTEÑA,1,2025,36.61,A,33.22,E,34.82,E,7.03,D,-0.19,E,-0.48,E,79.8,D
MX PORTEÑA,2,2025,37.02,A,33.58,E,34.66,E,8.95,C,-0.15,E,-0.37,E,90.97,D
MX PORTEÑA,3,2025,37.71,A,34.03,E,34.38,E,9.66,B,-0.41,E,-1.0,E,84.99,D
MX PORTEÑA,4,2025,37.81,A,34.69,E,34.22,E,10.58,B,-0.5,E,-1.22,E,86.0,D
MX PORTEÑA,5,2025,37.82,A,34.65,E,34.82,E,11.51,B,-0.59,E,-1.44,E,87.05,D
MX PORTEÑA,6,2025,37.62,A,35.22,E,35.34,E,14.58,A,-0.98,E,-2.39,E,83.02,D
MX PORTEÑA,7,2025,37.07,A,34.9,E,35.75,E,16.95,A,-1.19,E,-2.97,E,82.01,D
MX PORTEÑA,8,2025,37.83,A,34.52,E,35.86,E,11.67,B,-1.02,E,-2.49,E,86.5,D
MX PORTEÑA,9,2025,37.62,A,34.54,E,36.01,E,10.94,B,-1.18,E,-2.89,E,86.17,D
MX PORTEÑA,10,2025,37.44,A,34.79,E,36.29,E,11.11,B,-1.33,E,-3.27,E,86.06,D
MX PORTEÑA,11,2025,37.38,A,35.44,E,36.3,E,11.64,B,-1.43,E,-3.51,E,86.41,D
MX PORTEÑA,12,2025,38.36,A,36.08,E,36.41,E,10.18,B,-1.68,E,-4.01,E,85.85,D
MX PORTEÑA,1,2026,38.2,A,35.7,E,36.34,E,7.47,D,0.06,E,0.13,E,107.73,C
MX PORTEÑA,2,2026,37.82,A,36.07,E,36.45,E,8.93,C,0.06,E,0.16,E,104.38,C
MX PORTEÑA,3,2026,36.47,A,,,,,14.68,A,0.13,E,0.32,E,102.37,C
MX PRODUCTORES INTEGRADOS,1,2019,0.0,E,12.61,E,0.0,E,,,0.5,C,,,146.01,A
MX PRODUCTORES INTEGRADOS,2,2019,0.0,E,14.87,E,0.0,E,,,0.7,A,,,128.07,B
MX PRODUCTORES INTEGRADOS,3,2019,0.0,E,22.03,E,0.0,E,,,0.61,B,,,114.56,B
MX PRODUCTORES INTEGRADOS,4,2019,0.0,E,22.35,E,0.0,E,,,0.6,B,,,110.32,B
MX PRODUCTORES INTEGRADOS,6,2019,0.0,E,6.64,C,0.0,E,,,2.08,A,,,132.85,B
MX PRODUCTORES INTEGRADOS,6,2019,0.0,E,6.64,C,0.0,E,,,0.01,E,,,111.79,B
MX PRODUCTORES INTEGRADOS,6,2019,0.0,E,23.66,E,0.0,E,,,200.32,A,,,132.85,B
MX PRODUCTORES INTEGRADOS,6,2019,0.0,E,23.66,E,0.0,E,,,1.06,A,,,111.79,B
MX PRODUCTORES INTEGRADOS,9,2019,0.0,E,18.62,E,0.0,E,,,1.66,A,,,115.97,B
MX PRODUCTORES INTEGRADOS,10,2019,0.0,E,19.03,E,0.0,E,,,1.8,A,,,115.52,B
MX PRODUCTORES INTEGRADOS,12,2019,0.0,E,14.62,E,0.0,E,,,1.02,A,,,105.68,C
MX PRODUCTORES INTEGRADOS,1,2020,0.0,E,14.54,E,0.0,E,,,0.13,E,,,110.07,B
MX PRODUCTORES INTEGRADOS,2,2020,0.0,E,17.02,E,0.0,E,,,0.1,E,,,103.51,C
MX PRODUCTORES INTEGRADOS,6,2020,0.0,E,19.94,E,0.0,E,,,0.72,A,,,109.78,C
MX PRODUCTORES INTEGRADOS,7,2020,0.0,E,22.83,E,0.0,E,,,0.89,A,,,110.35,B
MX PRODUCTORES INTEGRADOS,8,2020,0.0,E,23.66,E,0.0,E,,,0.75,A,,,107.74,C
MX PRODUCTORES INTEGRADOS,10,2020,0.0,E,22.16,E,0.0,E,,,0.8,A,,,106.18,C
MX PRODUCTORES INTEGRADOS,12,2020,0.0,E,18.16,E,0.0,E,,,0.62,B,,,103.74,C
MX PRODUCTORES INTEGRADOS,1,2021,0.0,E,18.44,E,0.0,E,,,0.31,D,,,125.76,B
MX PRODUCTORES INTEGRADOS,2,2021,0.0,E,19.23,E,0.0,E,,,0.42,D,,,116.6,B
MX PRODUCTORES INTEGRADOS,3,2021,0.0,E,19.91,E,0.0,E,,,0.35,D,,,108.71,C
MX PRODUCTORES INTEGRADOS,4,2021,0.0,E,16.0,E,0.0,E,,,0.41,D,,,107.6,C
MX PRODUCTORES INTEGRADOS,5,2021,0.0,E,18.25,E,0.0,E,,,0.36,D,,,105.27,C
MX PRODUCTORES INTEGRADOS,6,2021,0.0,E,17.04,E,0.0,E,,,0.47,C,,,105.59,C
MX PRODUCTORES INTEGRADOS,7,2021,0.0,E,17.16,E,0.0,E,,,1.48,A,,,115.1,B
MX PRODUCTORES INTEGRADOS,9,2021,0.0,E,16.38,E,0.0,E,,,1.68,A,,,113.77,B
MX PRODUCTORES INTEGRADOS,10,2021,0.0,E,17.79,E,0.0,E,,,1.69,A,,,112.25,B
MX PRODUCTORES INTEGRADOS,11,2021,0.0,E,21.9,E,0.0,E,,,1.74,A,,,111.63,B
MX PRODUCTORES INTEGRADOS,12,2021,0.0,E,19.56,E,0.0,E,,,1.21,A,,,107.33,C
MX PRODUCTORES INTEGRADOS,2,2022,0.0,E,18.98,E,0.0,E,,,0.12,E,,,104.59,C
MX PRODUCTORES INTEGRADOS,3,2022,0.0,E,18.69,E,0.0,E,,,0.29,E,,,107.94,C
MX PRODUCTORES INTEGRADOS,4,2022,0.0,E,18.5,E,0.0,E,,,5.66,A,,,,
MX PRODUCTORES INTEGRADOS,5,2022,0.0,E,17.61,E,0.0,E,,,0.12,E,,,101.6,C
MX PRODUCTORES INTEGRADOS,6,2022,0.0,E,18.65,E,0.0,E,,,0.09,E,,,100.95,C
MX PRODUCTORES INTEGRADOS,7,2022,0.0,E,19.38,E,0.0,E,,,0.29,E,,,102.94,C
MX PRODUCTORES INTEGRADOS,8,2022,0.0,E,17.93,E,0.0,E,,,0.53,B,,,104.91,C
MX PRODUCTORES INTEGRADOS,9,2022,0.0,E,19.67,E,0.0,E,,,0.45,C,,,103.77,C
MX PRODUCTORES INTEGRADOS,10,2022,0.0,E,21.73,E,0.0,E,,,0.43,C,,,103.19,C
MX PRODUCTORES INTEGRADOS,11,2022,0.0,E,22.19,E,0.0,E,,,0.17,E,,,101.11,C
MX PRODUCTORES INTEGRADOS,12,2022,0.0,E,14.43,E,0.0,E,,,0.21,E,,,101.24,C
MX PRODUCTORES INTEGRADOS,1,2023,0.0,E,16.46,E,0.0,E,,,0.32,D,,,125.55,B
MX PRODUCTORES INTEGRADOS,2,2023,0.0,E,15.99,E,0.0,E,,,0.28,E,,,109.9,C
MX PRODUCTORES INTEGRADOS,3,2023,0.0,E,17.47,E,0.0,E,,,0.14,E,,,103.32,C
MX PRODUCTORES INTEGRADOS,4,2023,0.0,E,15.74,E,0.0,E,,,0.13,E,,,102.18,C
MX PRODUCTORES INTEGRADOS,5,2023,0.0,E,17.3,E,0.0,E,,,0.16,E,,,102.24,C
MX PRODUCTORES INTEGRADOS,6,2023,0.0,E,16.84,E,0.0,E,,,0.17,E,,,101.97,C
MX PRODUCTORES INTEGRADOS,7,2023,0.0,E,17.48,E,0.0,E,,,0.21,E,,,102.1,C
MX PRODUCTORES INTEGRADOS,8,2023,0.0,E,20.12,E,0.0,E,,,0.34,D,,,102.97,C
MX PRODUCTORES INTEGRADOS,9,2023,0.0,E,20.85,E,0.0,E,,,0.51,B,,,103.84,C
MX PRODUCTORES INTEGRADOS,10,2023,0.0,E,20.19,E,0.0,E,,,0.51,B,,,103.48,C
MX PRODUCTORES INTEGRADOS,11,2023,0.0,E,19.42,E,0.0,E,,,0.7,A,,,104.34,C
MX PRODUCTORES INTEGRADOS,12,2023,0.0,E,18.83,E,0.0,E,,,0.15,E,,,100.8,C
MX PRODUCTORES INTEGRADOS,1,2024,0.0,E,19.36,E,0.0,E,,,0.32,D,,,123.45,B
MX PRODUCTORES INTEGRADOS,2,2024,0.0,E,11.67,E,0.0,E,,,0.16,E,,,105.43,C
MX PRODUCTORES INTEGRADOS,3,2024,32.29,A,11.64,E,61.76,D,9.21,B,0.33,D,0.98,E,109.03,C
MX PRODUCTORES INTEGRADOS,4,2024,32.06,A,11.5,E,62.88,D,10.23,B,0.27,E,0.8,E,105.41,C
MX PRODUCTORES INTEGRADOS,5,2024,32.57,A,10.54,E,67.46,D,7.64,D,0.2,E,0.58,E,103.13,C
MX PRODUCTORES INTEGRADOS,6,2024,32.61,A,9.93,D,70.99,D,7.24,D,0.31,D,0.9,E,104.1,C
MX PRODUCTORES INTEGRADOS,7,2024,32.39,A,8.63,D,81.5,D,9.32,B,0.41,D,1.21,E,104.78,C
MX PRODUCTORES INTEGRADOS,8,2024,31.74,A,7.82,D,90.29,C,14.03,A,0.53,B,1.59,E,105.2,C
MX PRODUCTORES INTEGRADOS,9,2024,31.63,A,7.15,D,119.36,B,12.64,A,0.63,B,1.86,E,105.49,C
MX PRODUCTORES INTEGRADOS,10,2024,31.34,A,7.56,D,110.99,B,12.93,A,0.64,B,1.93,E,105.06,C
MX PRODUCTORES INTEGRADOS,11,2024,31.81,A,7.88,D,107.12,B,8.34,C,0.62,B,1.84,E,104.0,C
MX PRODUCTORES INTEGRADOS,12,2024,31.18,A,7.54,D,116.94,B,10.08,B,0.12,E,0.36,E,100.69,C
MX PRODUCTORES INTEGRADOS,1,2025,29.75,A,6.19,C,148.2,A,19.45,A,0.18,E,0.57,E,115.57,B
MX PRODUCTORES INTEGRADOS,2,2025,29.77,A,6.58,C,141.63,A,20.71,A,0.3,E,0.95,E,112.75,B
MX PRODUCTORES INTEGRADOS,3,2025,29.42,A,6.33,C,147.41,A,22.08,A,0.22,E,0.7,E,105.36,C
MX PRODUCTORES INTEGRADOS,4,2025,29.6,A,5.64,C,170.76,A,22.95,A,0.19,E,0.61,E,103.38,C
MX PRODUCTORES INTEGRADOS,5,2025,29.6,A,4.85,B,196.4,A,21.4,A,0.18,E,0.58,E,102.59,C
MX PRODUCTORES INTEGRADOS,6,2025,29.72,A,6.22,C,155.14,A,21.48,A,0.37,D,1.15,E,104.48,C
MX PRODUCTORES INTEGRADOS,7,2025,29.93,A,7.0,D,136.27,A,19.56,A,0.32,D,1.02,E,103.38,C
MX PRODUCTORES INTEGRADOS,8,2025,30.5,A,7.47,D,128.1,B,17.24,A,0.45,C,1.39,E,104.14,C
MX PRODUCTORES INTEGRADOS,9,2025,30.74,A,7.34,D,133.11,A,17.92,A,0.65,B,1.96,E,105.35,C
MX PRODUCTORES INTEGRADOS,10,2025,31.29,A,6.45,C,148.49,A,12.4,A,0.65,B,1.93,E,104.73,C
MX PRODUCTORES INTEGRADOS,11,2025,31.05,A,5.64,C,170.65,A,10.46,B,0.51,B,1.52,E,103.33,C
MX PRODUCTORES INTEGRADOS,12,2025,31.1,A,5.62,C,174.49,A,10.96,B,0.28,E,0.85,E,101.68,C
MX PRODUCTORES INTEGRADOS,1,2026,29.9,A,6.47,C,156.86,A,19.57,A,0.19,E,0.58,E,116.33,B
MX PRODUCTORES INTEGRADOS,2,2026,29.25,A,6.56,C,154.37,A,21.55,A,0.2,E,0.64,E,108.43,C
MX PRODUCTORES INTEGRADOS,3,2026,28.32,A,,,,,25.43,A,0.3,E,0.98,E,108.46,C
MX REGIONAL GUALEMA,1,2019,0.0,E,29.84,E,0.0,E,,,0.13,E,,,116.34,B
MX REGIONAL GUALEMA,2,2019,0.0,E,30.18,E,0.0,E,,,0.15,E,,,109.3,C
MX REGIONAL GUALEMA,3,2019,0.0,E,31.85,E,0.0,E,,,0.29,E,,,111.29,B
MX REGIONAL GUALEMA,4,2019,0.0,E,31.55,E,0.0,E,,,0.55,B,,,116.11,B
MX REGIONAL GUALEMA,5,2019,0.0,E,35.33,E,0.0,E,,,0.36,D,,,110.66,B
MX REGIONAL GUALEMA,6,2019,0.0,E,0.0,A,,,,,3.43,A,,,176.82,A
MX REGIONAL GUALEMA,6,2019,0.0,E,0.0,A,,,,,0.11,E,,,109.3,C
MX REGIONAL GUALEMA,6,2019,0.0,E,33.98,E,0.0,E,,,14.23,A,,,176.82,A
MX REGIONAL GUALEMA,6,2019,0.0,E,33.98,E,0.0,E,,,0.46,C,,,109.3,C
MX REGIONAL GUALEMA,7,2019,0.0,E,32.65,E,0.0,E,,,0.49,C,,,108.35,C
MX REGIONAL GUALEMA,8,2019,0.0,E,26.65,E,0.0,E,,,0.92,A,,,114.05,B
MX REGIONAL GUALEMA,9,2019,0.0,E,29.45,E,0.0,E,,,0.87,A,,,112.15,B
MX REGIONAL GUALEMA,10,2019,0.0,E,31.32,E,0.0,E,,,1.01,A,,,112.8,B
MX REGIONAL GUALEMA,11,2019,0.0,E,38.19,E,0.0,E,,,1.03,A,,,111.88,B
MX REGIONAL GUALEMA,12,2019,0.0,E,30.02,E,0.0,E,,,1.11,A,,,111.69,B
MX REGIONAL GUALEMA,1,2020,0.0,E,30.33,E,0.0,E,,,0.28,E,,,135.39,B
MX REGIONAL GUALEMA,2,2020,0.0,E,34.01,E,0.0,E,,,0.32,D,,,121.03,B
MX REGIONAL GUALEMA,3,2020,0.0,E,34.73,E,0.0,E,,,0.36,D,,,116.8,B
MX REGIONAL GUALEMA,4,2020,0.0,E,43.06,E,0.0,E,,,0.38,D,,,113.39,B
MX REGIONAL GUALEMA,5,2020,0.0,E,35.33,E,0.0,E,,,0.36,D,,,110.66,B
MX REGIONAL GUALEMA,6,2020,0.0,E,36.77,E,0.0,E,,,0.64,B,,,116.35,B
MX REGIONAL GUALEMA,7,2020,0.0,E,34.75,E,0.0,E,,,0.73,A,,,116.08,B
MX REGIONAL GUALEMA,8,2020,0.0,E,31.92,E,0.0,E,,,1.04,A,,,120.36,B
MX REGIONAL GUALEMA,9,2020,0.0,E,31.11,E,0.0,E,,,1.21,A,,,121.37,B
MX REGIONAL GUALEMA,10,2020,0.0,E,31.94,E,0.0,E,,,1.33,A,,,120.9,B
MX REGIONAL GUALEMA,11,2020,0.0,E,27.3,E,0.0,E,,,1.39,A,,,119.99,B
MX REGIONAL GUALEMA,12,2020,0.0,E,24.92,E,0.0,E,,,0.57,B,,,106.6,C
MX REGIONAL GUALEMA,1,2021,0.0,E,23.54,E,0.0,E,,,0.25,E,,,137.87,B
MX REGIONAL GUALEMA,2,2021,0.0,E,21.61,E,0.0,E,,,0.32,D,,,124.95,B
MX REGIONAL GUALEMA,3,2021,0.0,E,19.6,E,0.0,E,,,1.03,A,,,153.95,A
MX REGIONAL GUALEMA,4,2021,0.0,E,16.08,E,0.0,E,,,1.03,A,,,138.88,B
MX REGIONAL GUALEMA,5,2021,0.0,E,15.81,E,0.0,E,,,1.19,A,,,136.37,B
MX REGIONAL GUALEMA,6,2021,0.0,E,13.85,E,0.0,E,,,1.34,A,,,135.17,B
MX REGIONAL GUALEMA,7,2021,0.0,E,13.81,E,0.0,E,,,1.54,A,,,134.11,B
MX REGIONAL GUALEMA,8,2021,0.0,E,12.82,E,0.0,E,,,1.7,A,,,134.07,B
MX REGIONAL GUALEMA,9,2021,0.0,E,12.85,E,0.0,E,,,1.86,A,,,133.56,B
MX REGIONAL GUALEMA,10,2021,0.0,E,9.71,D,0.0,E,,,2.25,A,,,136.96,B
MX REGIONAL GUALEMA,11,2021,0.0,E,6.88,C,0.0,E,,,2.5,A,,,137.65,B
MX REGIONAL GUALEMA,12,2021,0.0,E,6.87,C,0.0,E,,,0.96,A,,,110.63,B
MX REGIONAL GUALEMA,1,2022,0.0,E,6.97,C,0.0,E,,,0.19,E,,,132.37,B
MX REGIONAL GUALEMA,2,2022,0.0,E,7.14,D,0.0,E,,,0.32,D,,,126.65,B
MX REGIONAL GUALEMA,3,2022,0.0,E,11.77,E,0.0,E,,,0.45,C,,,124.06,B
MX REGIONAL GUALEMA,4,2022,0.0,E,12.1,E,0.0,E,,,0.82,A,,,134.07,B
MX REGIONAL GUALEMA,5,2022,0.0,E,12.79,E,0.0,E,,,1.0,A,,,133.55,B
MX REGIONAL GUALEMA,6,2022,0.0,E,12.74,E,0.0,E,,,1.21,A,,,135.4,B
MX REGIONAL GUALEMA,7,2022,0.0,E,12.7,E,0.0,E,,,1.51,A,,,138.15,B
MX REGIONAL GUALEMA,8,2022,0.0,E,13.04,E,0.0,E,,,1.68,A,,,137.43,B
MX REGIONAL GUALEMA,9,2022,0.0,E,12.97,E,0.0,E,,,1.73,A,,,134.23,B
MX REGIONAL GUALEMA,10,2022,0.0,E,12.26,E,0.0,E,,,1.86,A,,,133.26,B
MX REGIONAL GUALEMA,11,2022,0.0,E,14.15,E,0.0,E,,,1.94,A,,,130.57,B
MX REGIONAL GUALEMA,12,2022,0.0,E,11.36,E,0.0,E,,,0.87,A,,,110.4,B
MX REGIONAL GUALEMA,1,2023,0.0,E,11.4,E,0.0,E,,,0.17,E,,,131.69,B
MX REGIONAL GUALEMA,2,2023,0.0,E,14.05,E,0.0,E,,,0.49,C,,,143.64,A
MX REGIONAL GUALEMA,3,2023,0.0,E,18.75,E,0.0,E,,,0.5,B,,,126.42,B
MX REGIONAL GUALEMA,4,2023,0.0,E,15.32,E,0.0,E,,,0.65,B,,,126.07,B
MX REGIONAL GUALEMA,5,2023,0.0,E,18.95,E,0.0,E,,,0.81,A,,,127.31,B
MX REGIONAL GUALEMA,6,2023,0.0,E,18.96,E,0.0,E,,,0.93,A,,,127.05,B
MX REGIONAL GUALEMA,7,2023,0.0,E,18.79,E,0.0,E,,,1.33,A,,,133.2,B
MX REGIONAL GUALEMA,8,2023,0.0,E,21.19,E,0.0,E,,,1.43,A,,,131.27,B
MX REGIONAL GUALEMA,9,2023,0.0,E,24.52,E,0.0,E,,,1.48,A,,,128.56,B
MX REGIONAL GUALEMA,10,2023,0.0,E,26.32,E,0.0,E,,,1.79,A,,,131.38,B
MX REGIONAL GUALEMA,11,2023,0.0,E,25.81,E,0.0,E,,,1.94,A,,,131.11,B
MX REGIONAL GUALEMA,12,2023,0.0,E,26.97,E,0.0,E,,,0.87,A,,,110.51,B
MX REGIONAL GUALEMA,1,2024,0.0,E,27.4,E,0.0,E,,,0.24,E,,,140.03,B
MX REGIONAL GUALEMA,2,2024,0.0,E,29.05,E,0.0,E,,,0.21,E,,,117.06,B
MX REGIONAL GUALEMA,3,2024,22.29,A,26.05,E,27.17,E,53.54,A,0.31,D,1.36,E,117.6,B
MX REGIONAL GUALEMA,4,2024,22.43,A,26.19,E,27.33,E,54.77,A,0.69,A,2.96,E,129.69,B
MX REGIONAL GUALEMA,5,2024,21.6,A,29.4,E,30.1,E,55.09,A,0.81,A,3.6,E,128.31,B
MX REGIONAL GUALEMA,6,2024,22.06,A,24.36,E,35.92,E,53.75,A,1.06,A,4.6,E,130.91,B
MX REGIONAL GUALEMA,7,2024,22.2,A,27.31,E,31.38,E,51.94,A,1.23,A,5.33,E,131.35,B
MX REGIONAL GUALEMA,8,2024,22.41,A,22.03,E,38.37,E,51.6,A,1.63,A,6.98,D,137.54,B
MX REGIONAL GUALEMA,9,2024,22.77,A,20.11,E,41.25,E,49.91,A,1.91,A,8.04,D,139.32,B
MX REGIONAL GUALEMA,10,2024,23.15,A,20.06,E,41.25,E,49.33,A,2.18,A,9.02,C,140.57,B
MX REGIONAL GUALEMA,11,2024,23.44,A,20.37,E,42.94,E,53.07,A,2.61,A,10.68,B,144.44,A
MX REGIONAL GUALEMA,12,2024,23.53,A,20.39,E,41.95,E,50.62,A,1.16,A,4.71,E,113.79,B
MX REGIONAL GUALEMA,1,2025,23.83,A,19.85,E,42.49,E,50.2,A,0.31,D,1.24,E,154.36,A
MX REGIONAL GUALEMA,2,2025,23.78,A,17.87,E,46.79,E,50.88,A,0.74,A,2.99,E,169.61,A
MX REGIONAL GUALEMA,3,2025,23.96,A,16.83,E,47.55,E,48.49,A,0.95,A,3.8,E,157.7,A
MX REGIONAL GUALEMA,4,2025,23.94,A,15.25,E,51.49,E,48.52,A,1.28,A,5.12,E,159.56,A
MX REGIONAL GUALEMA,5,2025,23.23,A,14.95,E,63.88,D,47.82,A,1.91,A,7.81,D,170.9,A
MX REGIONAL GUALEMA,6,2025,23.34,A,16.71,E,59.36,E,50.15,A,2.22,A,9.03,C,169.38,A
MX REGIONAL GUALEMA,7,2025,23.45,A,18.05,E,55.06,E,51.4,A,2.58,A,10.42,B,169.86,A
MX REGIONAL GUALEMA,8,2025,23.39,A,17.65,E,57.05,E,52.17,A,2.93,A,11.89,B,169.45,A
MX REGIONAL GUALEMA,9,2025,22.94,A,17.6,E,55.52,E,51.51,A,3.26,A,13.51,A,170.54,A
MX REGIONAL GUALEMA,10,2025,22.41,A,16.12,E,59.92,E,51.58,A,3.47,A,14.72,A,169.01,A
MX REGIONAL GUALEMA,11,2025,22.75,A,14.93,E,65.83,D,53.36,A,3.84,A,16.05,A,169.7,A
MX REGIONAL GUALEMA,12,2025,22.54,A,14.34,E,68.03,D,54.52,A,1.71,A,7.22,D,119.51,B
MX REGIONAL GUALEMA,1,2026,22.11,A,15.7,E,59.98,E,52.19,A,0.29,E,1.24,E,149.75,A
MX REGIONAL GUALEMA,2,2026,22.26,A,16.7,E,58.18,E,54.36,A,0.55,B,2.37,E,148.84,A
MX REGIONAL GUALEMA,3,2026,22.17,A,,,,,54.43,A,0.73,A,3.14,E,140.51,B
MX SABANA GRANDE,3,2026,41.64,A,,,,,11.02,B,0.83,A,1.91,E,132.91,B
MX SABANA GRANDE,1,2019,0.0,E,13.51,E,0.0,E,,,0.45,C,,,150.1,A
MX SABANA GRANDE,2,2019,0.0,E,12.65,E,0.0,E,,,0.78,A,,,142.41,B
MX SABANA GRANDE,3,2019,0.0,E,11.75,E,0.0,E,,,0.93,A,,,131.18,B
MX SABANA GRANDE,4,2019,0.0,E,10.94,E,0.0,E,,,1.21,A,,,131.01,B
MX SABANA GRANDE,5,2019,0.0,E,7.29,D,0.0,E,,,1.36,A,,,129.95,B
MX SABANA GRANDE,6,2019,0.0,E,0.3,A,0.0,E,,,3.95,A,,,203.6,A
MX SABANA GRANDE,6,2019,0.0,E,0.3,A,0.0,E,,,0.97,A,,,127.03,B
MX SABANA GRANDE,6,2019,0.0,E,10.24,E,0.0,E,,,6.57,A,,,203.6,A
MX SABANA GRANDE,6,2019,0.0,E,10.24,E,0.0,E,,,1.61,A,,,127.03,B
MX SABANA GRANDE,7,2019,0.0,E,9.92,D,0.0,E,,,1.74,A,,,124.73,B
MX SABANA GRANDE,8,2019,0.0,E,9.45,D,0.0,E,,,1.91,A,,,123.76,B
MX SABANA GRANDE,9,2019,0.0,E,9.25,D,0.0,E,,,2.08,A,,,122.97,B
MX SABANA GRANDE,10,2019,0.0,E,8.84,D,0.0,E,,,2.21,A,,,122.23,B
MX SABANA GRANDE,11,2019,0.0,E,8.34,D,0.0,E,,,2.24,A,,,120.25,B
MX SABANA GRANDE,1,2020,0.0,E,7.73,D,0.0,E,,,0.19,E,,,118.82,B
MX SABANA GRANDE,2,2020,0.0,E,7.3,D,0.0,E,,,0.48,C,,,124.32,B
MX SABANA GRANDE,3,2020,0.0,E,7.31,D,0.0,E,,,0.75,A,,,126.58,B
MX SABANA GRANDE,4,2020,0.0,E,7.36,D,0.0,E,,,1.03,A,,,127.43,B
MX SABANA GRANDE,5,2020,0.0,E,7.29,D,0.0,E,,,1.36,A,,,129.95,B
MX SABANA GRANDE,6,2020,0.0,E,7.32,D,0.0,E,,,1.75,A,,,133.17,B
MX SABANA GRANDE,7,2020,0.0,E,7.27,D,0.0,E,,,2.05,A,,,134.25,B
MX SABANA GRANDE,8,2020,0.0,E,6.99,C,0.0,E,,,2.3,A,,,134.12,B
MX SABANA GRANDE,9,2020,0.0,E,7.33,D,0.0,E,,,2.81,A,,,137.94,B
MX SABANA GRANDE,10,2020,0.0,E,6.67,C,0.0,E,,,3.25,A,,,140.37,B
MX SABANA GRANDE,11,2020,0.0,E,6.39,C,0.0,E,,,3.73,A,,,141.47,B
MX SABANA GRANDE,12,2020,0.0,E,6.26,C,0.0,E,,,3.18,A,,,130.09,B
MX SABANA GRANDE,1,2021,0.0,E,6.22,C,0.0,E,,,0.32,D,,,138.28,B
MX SABANA GRANDE,2,2021,0.0,E,5.96,C,0.0,E,,,0.65,B,,,139.12,B
MX SABANA GRANDE,3,2021,0.0,E,5.78,C,0.0,E,,,0.99,A,,,139.53,B
MX SABANA GRANDE,4,2021,0.0,E,5.61,C,0.0,E,,,1.26,A,,,135.46,B
MX SABANA GRANDE,5,2021,0.0,E,5.45,C,0.0,E,,,1.7,A,,,139.34,B
MX SABANA GRANDE,6,2021,0.0,E,5.34,C,0.0,E,,,1.98,A,,,139.41,B
MX SABANA GRANDE,7,2021,0.0,E,5.21,C,0.0,E,,,2.25,A,,,138.69,B
MX SABANA GRANDE,8,2021,0.0,E,5.21,C,0.0,E,,,2.88,A,,,143.94,A
MX SABANA GRANDE,9,2021,0.0,E,7.62,D,0.0,E,,,3.04,A,,,141.23,B
MX SABANA GRANDE,10,2021,0.0,E,8.18,D,0.0,E,,,3.22,A,,,139.68,B
MX SABANA GRANDE,11,2021,0.0,E,8.02,D,0.0,E,,,3.36,A,,,138.26,B
MX SABANA GRANDE,12,2021,0.0,E,7.13,D,0.0,E,,,1.36,A,,,111.61,B
MX SABANA GRANDE,1,2022,0.0,E,5.54,C,0.0,E,,,0.31,D,,,137.31,B
MX SABANA GRANDE,2,2022,0.0,E,5.52,C,0.0,E,,,0.52,B,,,130.88,B
MX SABANA GRANDE,3,2022,0.0,E,5.33,C,0.0,E,,,0.63,B,,,124.45,B
MX SABANA GRANDE,4,2022,0.0,E,5.24,C,0.0,E,,,0.86,A,,,125.65,B
MX SABANA GRANDE,5,2022,0.0,E,5.13,C,0.0,E,,,0.89,A,,,120.86,B
MX SABANA GRANDE,6,2022,0.0,E,4.86,B,0.0,E,,,1.17,A,,,123.4,B
MX SABANA GRANDE,7,2022,0.0,E,4.92,B,0.0,E,,,1.47,A,,,125.22,B
MX SABANA GRANDE,8,2022,0.0,E,4.58,B,0.0,E,,,1.72,A,,,125.98,B
MX SABANA GRANDE,9,2022,0.0,E,4.6,B,0.0,E,,,2.04,A,,,127.79,B
MX SABANA GRANDE,10,2022,0.0,E,4.45,B,0.0,E,,,2.3,A,,,128.81,B
MX SABANA GRANDE,11,2022,0.0,E,4.4,B,0.0,E,,,2.65,A,,,130.5,B
MX SABANA GRANDE,12,2022,0.0,E,4.25,B,0.0,E,,,1.09,A,,,109.89,C
MX SABANA GRANDE,1,2023,0.0,E,4.35,B,0.0,E,,,0.1,E,,,109.62,C
MX SABANA GRANDE,2,2023,0.0,E,4.26,B,0.0,E,,,0.44,C,,,123.96,B
MX SABANA GRANDE,3,2023,0.0,E,3.72,B,0.0,E,,,0.63,B,,,122.21,B
MX SABANA GRANDE,4,2023,0.0,E,4.58,B,0.0,E,,,0.94,A,,,125.62,B
MX SABANA GRANDE,5,2023,0.0,E,5.82,C,0.0,E,,,1.36,A,,,129.67,B
MX SABANA GRANDE,6,2023,0.0,E,5.28,C,0.0,E,,,1.71,A,,,132.26,B
MX SABANA GRANDE,7,2023,0.0,E,5.15,C,0.0,E,,,1.96,A,,,132.34,B
MX SABANA GRANDE,8,2023,0.0,E,5.59,C,0.0,E,,,2.4,A,,,135.42,B
MX SABANA GRANDE,9,2023,0.0,E,4.86,B,0.0,E,,,2.78,A,,,135.6,B
MX SABANA GRANDE,10,2023,0.0,E,5.07,C,0.0,E,,,2.91,A,,,133.36,B
MX SABANA GRANDE,11,2023,0.0,E,7.83,D,0.0,E,,,3.18,A,,,133.84,B
MX SABANA GRANDE,12,2023,0.0,E,4.69,B,0.0,E,,,1.03,A,,,108.17,C
MX SABANA GRANDE,1,2024,0.0,E,4.51,B,0.0,E,,,0.29,E,,,132.49,B
MX SABANA GRANDE,2,2024,0.0,E,4.6,B,0.0,E,,,0.63,B,,,136.44,B
MX SABANA GRANDE,3,2024,43.22,A,4.27,B,139.04,A,13.72,A,0.76,A,1.69,E,129.38,B
MX SABANA GRANDE,4,2024,42.99,A,4.53,B,133.02,A,17.73,A,0.93,A,2.06,E,126.62,B
MX SABANA GRANDE,5,2024,43.1,A,5.15,C,118.54,B,22.02,A,1.22,A,2.71,E,129.34,B
MX SABANA GRANDE,6,2024,42.88,A,4.37,B,137.47,A,21.86,A,1.38,A,3.07,E,127.77,B
MX SABANA GRANDE,7,2024,42.47,A,4.45,B,134.96,A,22.78,A,1.57,A,3.54,E,127.63,B
MX SABANA GRANDE,8,2024,42.65,A,4.11,B,144.73,A,21.33,A,1.89,A,4.24,E,129.41,B
MX SABANA GRANDE,9,2024,42.49,A,4.37,B,131.58,A,20.94,A,2.18,A,4.91,E,130.15,B
MX SABANA GRANDE,10,2024,43.18,A,4.19,B,137.75,A,20.29,A,2.56,A,5.68,E,132.08,B
MX SABANA GRANDE,11,2024,43.57,A,4.08,B,139.78,A,18.06,A,2.96,A,6.5,D,134.28,B
MX SABANA GRANDE,12,2024,42.55,A,4.09,B,141.81,A,13.55,A,0.83,A,1.85,E,107.01,C
MX SABANA GRANDE,1,2025,41.39,A,4.38,B,137.63,A,14.08,A,0.3,D,0.7,E,136.79,B
MX SABANA GRANDE,2,2025,41.08,A,4.7,B,127.49,B,15.24,A,0.67,A,1.55,E,142.05,B
MX SABANA GRANDE,3,2025,41.14,A,5.08,C,117.41,B,18.19,A,0.94,A,2.18,E,139.15,B
MX SABANA GRANDE,4,2025,42.69,A,5.31,C,112.82,B,15.0,A,1.09,A,2.43,E,131.17,B
MX SABANA GRANDE,5,2025,43.53,A,4.65,B,114.65,B,13.03,A,1.43,A,3.14,E,134.08,B
MX SABANA GRANDE,6,2025,43.08,A,4.81,B,111.0,B,16.04,A,1.74,A,3.88,E,136.2,B
MX SABANA GRANDE,7,2025,43.27,A,4.86,B,109.05,B,16.54,A,1.83,A,4.06,E,132.08,B
MX SABANA GRANDE,8,2025,43.13,A,4.65,B,113.6,B,15.41,A,2.12,A,4.71,E,132.55,B
MX SABANA GRANDE,9,2025,43.11,A,4.1,B,129.03,B,17.07,A,2.51,A,5.58,E,134.85,B
MX SABANA GRANDE,10,2025,42.83,A,4.26,B,123.85,B,18.44,A,2.81,A,6.3,D,136.27,B
MX SABANA GRANDE,11,2025,43.25,A,4.43,B,114.93,B,14.22,A,3.1,A,6.89,D,136.57,B
MX SABANA GRANDE,12,2025,42.02,A,4.12,B,123.66,B,13.81,A,0.76,A,1.73,E,106.37,C
MX SABANA GRANDE,1,2026,41.47,A,3.99,B,128.83,B,16.13,A,0.32,D,0.75,E,140.35,B
MX SABANA GRANDE,2,2026,41.67,A,4.23,B,119.87,B,13.25,A,0.63,B,1.46,E,139.78,B
MX SAN ISIDRO,1,2019,0.0,E,12.05,E,0.0,E,,,0.06,E,,,104.22,C
MX SAN ISIDRO,2,2019,0.0,E,12.33,E,0.0,E,,,0.13,E,,,104.43,C
MX SAN ISIDRO,3,2019,0.0,E,12.95,E,0.0,E,,,0.0,E,,,100.11,C
MX SAN ISIDRO,4,2019,0.0,E,13.88,E,0.0,E,,,-0.0,E,,,99.92,C
MX SAN ISIDRO,5,2019,0.0,E,16.03,E,0.0,E,,,0.59,B,,,109.25,C
MX SAN ISIDRO,6,2019,0.0,E,41.41,E,0.0,E,,,2.79,A,,,157.34,A
MX SAN ISIDRO,6,2019,0.0,E,41.41,E,0.0,E,,,-2.3,E,,,96.51,C
MX SAN ISIDRO,6,2019,0.0,E,12.26,E,0.0,E,,,0.38,D,,,157.34,A
MX SAN ISIDRO,6,2019,0.0,E,12.26,E,0.0,E,,,-0.31,E,,,96.51,C
MX SAN ISIDRO,7,2019,0.0,E,11.97,E,0.0,E,,,-0.24,E,,,97.68,C
MX SAN ISIDRO,8,2019,0.0,E,11.75,E,0.0,E,,,-0.06,E,,,99.5,C
MX SAN ISIDRO,9,2019,0.0,E,11.92,E,0.0,E,,,0.07,E,,,100.53,C
MX SAN ISIDRO,10,2019,0.0,E,11.42,E,0.0,E,,,0.33,D,,,102.32,C
MX SAN ISIDRO,11,2019,0.0,E,11.22,E,0.0,E,,,0.48,C,,,103.0,C
MX SAN ISIDRO,1,2020,0.0,E,11.23,E,0.0,E,,,0.12,E,,,109.89,C
MX SAN ISIDRO,2,2020,0.0,E,11.26,E,0.0,E,,,0.14,E,,,105.26,C
MX SAN ISIDRO,3,2020,0.0,E,11.52,E,0.0,E,,,0.18,E,,,104.6,C
MX SAN ISIDRO,4,2020,0.0,E,12.07,E,0.0,E,,,0.25,E,,,104.59,C
MX SAN ISIDRO,5,2020,0.0,E,16.03,E,0.0,E,,,0.59,B,,,109.25,C
MX SAN ISIDRO,6,2020,0.0,E,22.85,E,0.0,E,,,0.29,E,,,103.57,C
MX SAN ISIDRO,7,2020,0.0,E,26.89,E,0.0,E,,,0.08,E,,,100.9,C
MX SAN ISIDRO,8,2020,0.0,E,26.33,E,0.0,E,,,0.06,E,,,100.6,C
MX SAN ISIDRO,9,2020,0.0,E,18.87,E,0.0,E,,,0.79,A,,,106.82,C
MX SAN ISIDRO,10,2020,0.0,E,19.03,E,0.0,E,,,0.93,A,,,107.14,C
MX SAN ISIDRO,11,2020,0.0,E,16.99,E,0.0,E,,,1.2,A,,,108.35,C
MX SAN ISIDRO,12,2020,0.0,E,15.32,E,0.0,E,,,0.69,A,,,104.24,C
MX SAN ISIDRO,1,2021,0.0,E,16.23,E,0.0,E,,,0.28,E,,,123.56,B
MX SAN ISIDRO,2,2021,0.0,E,15.4,E,0.0,E,,,0.54,B,,,121.58,B
MX SAN ISIDRO,3,2021,0.0,E,14.85,E,0.0,E,,,0.64,B,,,116.61,B
MX SAN ISIDRO,4,2021,0.0,E,16.69,E,0.0,E,,,0.65,B,,,112.64,B
MX SAN ISIDRO,5,2021,0.0,E,16.48,E,0.0,E,,,0.73,A,,,111.04,B
MX SAN ISIDRO,6,2021,0.0,E,15.52,E,0.0,E,,,0.79,A,,,109.69,C
MX SAN ISIDRO,7,2021,0.0,E,14.23,E,0.0,E,,,0.97,A,,,109.96,C
MX SAN ISIDRO,8,2021,0.0,E,14.84,E,0.0,E,,,0.97,A,,,108.83,C
MX SAN ISIDRO,9,2021,0.0,E,15.16,E,0.0,E,,,0.85,A,,,106.93,C
MX SAN ISIDRO,10,2021,0.0,E,14.14,E,0.0,E,,,0.82,A,,,105.97,C
MX SAN ISIDRO,11,2021,0.0,E,13.47,E,0.0,E,,,0.88,A,,,105.86,C
MX SAN ISIDRO,12,2021,0.0,E,13.45,E,0.0,E,,,0.89,A,,,105.45,C
MX SAN ISIDRO,1,2022,0.0,E,14.95,E,0.0,E,,,0.07,E,,,105.66,C
MX SAN ISIDRO,2,2022,0.0,E,13.06,E,0.0,E,,,0.27,E,,,110.51,B
MX SAN ISIDRO,3,2022,0.0,E,13.1,E,0.0,E,,,0.65,B,,,116.84,B
MX SAN ISIDRO,4,2022,0.0,E,14.01,E,0.0,E,,,0.73,A,,,114.56,B
MX SAN ISIDRO,5,2022,0.0,E,14.85,E,0.0,E,,,0.94,A,,,115.29,B
MX SAN ISIDRO,6,2022,0.0,E,14.65,E,0.0,E,,,1.19,A,,,116.28,B
MX SAN ISIDRO,7,2022,0.0,E,14.79,E,0.0,E,,,1.3,A,,,115.19,B
MX SAN ISIDRO,8,2022,0.0,E,14.36,E,0.0,E,,,1.48,A,,,115.3,B
MX SAN ISIDRO,9,2022,0.0,E,15.18,E,0.0,E,,,1.67,A,,,115.44,B
MX SAN ISIDRO,10,2022,0.0,E,15.1,E,0.0,E,,,1.86,A,,,115.46,B
MX SAN ISIDRO,11,2022,0.0,E,15.67,E,0.0,E,,,2.08,A,,,116.01,B
MX SAN ISIDRO,12,2022,0.0,E,14.95,E,0.0,E,,,0.88,A,,,105.56,C
MX SAN ISIDRO,1,2023,0.0,E,15.28,E,0.0,E,,,0.31,D,,,124.34,B
MX SAN ISIDRO,2,2023,0.0,E,15.99,E,0.0,E,,,0.44,C,,,117.22,B
MX SAN ISIDRO,3,2023,0.0,E,15.85,E,0.0,E,,,0.5,C,,,112.6,B
MX SAN ISIDRO,4,2023,0.0,E,16.86,E,0.0,E,,,0.65,A,,,112.53,B
MX SAN ISIDRO,5,2023,0.0,E,14.65,E,0.0,E,,,0.91,A,,,114.16,B
MX SAN ISIDRO,6,2023,0.0,E,11.5,E,0.0,E,,,1.27,A,,,116.24,B
MX SAN ISIDRO,7,2023,0.0,E,11.56,E,0.0,E,,,1.52,A,,,116.77,B
MX SAN ISIDRO,8,2023,0.0,E,11.98,E,0.0,E,,,1.67,A,,,116.11,B
MX SAN ISIDRO,9,2023,0.0,E,12.37,E,0.0,E,,,1.89,A,,,116.39,B
MX SAN ISIDRO,10,2023,0.0,E,14.09,E,0.0,E,,,2.11,A,,,116.53,B
MX SAN ISIDRO,11,2023,0.0,E,13.32,E,0.0,E,,,2.29,A,,,116.44,B
MX SAN ISIDRO,12,2023,0.0,E,13.68,E,0.0,E,,,0.64,B,,,103.74,C
MX SAN ISIDRO,1,2024,0.0,E,12.92,E,0.0,E,,,0.22,E,,,115.39,B
MX SAN ISIDRO,2,2024,0.0,E,12.92,E,0.0,E,,,0.34,D,,,111.89,B
MX SAN ISIDRO,3,2024,41.69,A,13.9,E,95.25,C,12.2,A,0.43,C,0.92,E,110.04,B
MX SAN ISIDRO,4,2024,39.45,A,13.03,E,100.89,B,21.71,A,0.51,B,1.17,E,109.68,C
MX SAN ISIDRO,5,2024,39.55,A,12.76,E,93.42,C,24.81,A,0.51,B,1.19,E,107.84,C
MX SAN ISIDRO,6,2024,37.86,A,13.32,E,90.21,C,28.18,A,0.56,B,1.34,E,107.43,C
MX SAN ISIDRO,7,2024,39.0,A,13.41,E,88.09,C,16.98,A,0.62,B,1.45,E,106.83,C
MX SAN ISIDRO,8,2024,38.63,A,13.32,E,87.03,C,13.09,A,0.64,B,1.52,E,106.19,C
MX SAN ISIDRO,9,2024,38.46,A,13.56,E,83.55,D,16.54,A,0.76,A,1.82,E,106.61,C
MX SAN ISIDRO,10,2024,38.53,A,13.79,E,80.91,D,14.83,A,0.85,A,2.03,E,106.68,C
MX SAN ISIDRO,11,2024,38.7,A,13.98,E,77.47,D,10.36,B,0.91,A,2.16,E,106.53,C
MX SAN ISIDRO,12,2024,38.75,A,13.9,E,78.53,D,10.07,B,0.98,A,2.33,E,106.38,C
MX SAN ISIDRO,1,2025,38.26,A,13.8,E,81.41,D,10.15,B,0.26,E,0.62,E,122.26,B
MX SAN ISIDRO,2,2025,38.34,A,14.0,E,80.44,D,9.9,B,0.29,E,0.7,E,111.63,B
MX SAN ISIDRO,3,2025,38.06,A,14.62,E,76.61,D,11.05,B,0.48,C,1.15,E,112.94,B
MX SAN ISIDRO,4,2025,38.03,A,14.0,E,81.16,D,10.53,B,0.52,B,1.24,E,110.13,B
MX SAN ISIDRO,5,2025,38.1,A,13.98,E,81.42,D,10.22,B,0.47,C,1.13,E,107.2,C
MX SAN ISIDRO,6,2025,38.52,A,14.08,E,81.8,D,10.2,B,0.44,C,1.04,E,105.56,C
MX SAN ISIDRO,7,2025,38.0,A,14.01,E,82.27,D,9.46,B,0.37,D,0.89,E,103.91,C
MX SAN ISIDRO,8,2025,37.93,A,13.72,E,83.76,D,6.3,D,0.22,E,0.52,E,101.97,C
MX SAN ISIDRO,9,2025,37.6,A,13.41,E,84.24,D,5.1,E,0.26,E,0.63,E,102.13,C
MX SAN ISIDRO,10,2025,37.71,A,13.28,E,92.53,C,10.23,B,0.13,E,0.31,E,100.95,C
MX SAN ISIDRO,11,2025,37.51,A,13.04,E,93.18,C,9.01,B,0.14,E,0.35,E,100.96,C
MX SAN ISIDRO,12,2025,37.74,A,12.82,E,94.95,C,9.82,B,0.09,E,0.23,E,100.57,C
MX SAN ISIDRO,1,2026,37.38,A,12.83,E,95.34,C,11.24,B,0.16,E,0.4,E,113.73,B
MX SAN ISIDRO,2,2026,37.38,A,12.78,E,95.73,C,7.95,C,0.22,E,0.53,E,108.88,C
MX SAN ISIDRO,3,2026,37.13,A,,,,,8.18,C,0.23,E,0.57,E,106.27,C
MX TEXTILES MERENDON,1,2025,92.92,A,0.02,A,816.08,A,9.89,B,0.34,D,0.37,E,135.67,B
MX TEXTILES MERENDON,2,2025,93.39,A,0.01,A,1289.26,A,27.78,A,0.53,B,0.57,E,127.22,B
MX TEXTILES MERENDON,3,2025,90.85,A,0.01,A,2035.17,A,0.56,E,0.83,A,0.91,E,128.02,B
MX TEXTILES MERENDON,4,2025,84.95,A,0.01,A,1616.59,A,7.09,D,0.93,A,1.09,E,122.75,B
MX TEXTILES MERENDON,5,2025,83.06,A,0.01,A,4297.29,A,61.11,A,1.3,A,1.56,E,122.85,B
MX TEXTILES MERENDON,6,2025,82.69,A,0.0,A,,,8.76,C,1.85,A,2.23,E,128.56,B
MX TEXTILES MERENDON,7,2025,82.31,A,0.12,A,198.55,A,24.21,A,2.36,A,2.86,E,132.52,B
MX TEXTILES MERENDON,8,2025,82.14,A,0.15,A,163.83,A,17.82,A,2.76,A,3.35,E,135.2,B
MX TEXTILES MERENDON,9,2025,82.22,A,0.15,A,176.92,A,24.33,A,3.15,A,3.82,E,136.84,B
MX TEXTILES MERENDON,10,2025,76.15,A,0.0,A,,,51.42,A,0.36,D,0.47,E,102.89,C
MX TEXTILES MERENDON,11,2025,76.44,A,0.0,A,,,62.37,A,0.24,E,0.31,E,101.74,C
MX TEXTILES MERENDON,12,2025,88.55,A,0.0,A,,,117.63,A,0.56,B,0.63,E,103.38,C
MX TEXTILES MERENDON,1,2026,93.41,A,0.0,A,,,262.66,A,0.28,E,0.3,E,131.88,B
ULTRAJET,1,2019,0.0,E,3.38,B,0.0,E,,,0.34,D,,,134.93,B
ULTRAJET,2,2019,0.0,E,2.85,B,0.0,E,,,0.64,B,,,134.33,B
ULTRAJET,3,2019,0.0,E,4.63,B,0.0,E,,,0.92,A,,,133.08,B
ULTRAJET,4,2019,0.0,E,4.3,B,0.0,E,,,1.16,A,,,131.82,B
ULTRAJET,6,2019,0.0,E,4.98,B,0.0,E,,,1.81,A,,,134.82,B
ULTRAJET,7,2019,0.0,E,4.86,B,0.0,E,,,2.12,A,,,135.3,B
ULTRAJET,8,2019,0.0,E,4.83,B,0.0,E,,,2.37,A,,,134.16,B
ULTRAJET,9,2019,0.0,E,2.76,B,0.0,E,,,2.72,A,,,134.86,B
ULTRAJET,10,2019,0.0,E,2.77,B,0.0,E,,,2.67,A,,,134.86,B
ULTRAJET,11,2019,0.0,E,2.78,B,0.0,E,,,3.0,A,,,133.12,B
ULTRAJET,12,2019,0.0,E,3.26,B,0.0,E,,,2.32,A,,,119.82,B
ULTRAJET,1,2020,0.0,E,3.38,B,0.0,E,,,0.36,D,,,139.17,B
ULTRAJET,3,2021,0.0,E,2.96,B,0.0,E,,,0.02,E,,,100.56,C
ULTRAJET,7,2021,0.0,E,4.05,B,0.0,E,,,0.2,E,,,102.93,C
ULTRAJET,8,2021,0.0,E,3.82,B,0.0,E,,,0.41,D,,,105.39,C
ULTRAJET,9,2021,0.0,E,4.19,B,0.0,E,,,0.55,B,,,106.39,C
ULTRAJET,10,2021,0.0,E,4.26,B,0.0,E,,,0.63,B,,,106.73,C
ULTRAJET,11,2021,0.0,E,3.98,B,0.0,E,,,0.74,A,,,107.26,C
ULTRAJET,12,2021,0.0,E,4.16,B,0.0,E,,,0.38,D,,,103.09,C
ULTRAJET,1,2022,0.0,E,4.19,B,0.0,E,,,0.18,E,,,119.2,B
ULTRAJET,2,2022,0.0,E,4.78,B,0.0,E,,,0.32,D,,,117.08,B
ULTRAJET,3,2022,0.0,E,4.98,B,0.0,E,,,0.43,C,,,115.68,B
ULTRAJET,4,2022,0.0,E,4.81,B,0.0,E,,,0.44,C,,,112.32,B
ULTRAJET,5,2022,0.0,E,5.8,C,0.0,E,,,0.32,D,,,107.1,C
ULTRAJET,6,2022,0.0,E,6.23,C,0.0,E,,,0.24,E,,,104.45,C
ULTRAJET,7,2022,0.0,E,5.99,C,0.0,E,,,0.11,E,,,101.73,C
ULTRAJET,8,2022,0.0,E,5.91,C,0.0,E,,,0.01,E,,,100.13,C
ULTRAJET,9,2022,0.0,E,6.03,C,0.0,E,,,0.01,E,,,100.14,C
ULTRAJET,10,2022,0.0,E,5.66,C,0.0,E,,,0.01,E,,,100.12,C
ULTRAJET,11,2022,0.0,E,5.22,C,0.0,E,,,0.02,E,,,100.2,C
ULTRAJET,12,2022,0.0,E,6.79,C,0.0,E,,,0.07,E,,,100.67,C
ULTRAJET,1,2023,0.0,E,6.39,C,0.0,E,,,0.01,E,,,100.66,C
ULTRAJET,2,2023,0.0,E,6.44,C,0.0,E,,,0.01,E,,,100.32,C
ULTRAJET,3,2023,0.0,E,6.41,C,0.0,E,,,0.01,E,,,100.31,C
ULTRAJET,4,2023,0.0,E,6.21,C,0.0,E,,,0.01,E,,,100.17,C
ULTRAJET,5,2023,0.0,E,5.88,C,0.0,E,,,0.07,E,,,101.76,C
ULTRAJET,6,2023,0.0,E,5.97,C,0.0,E,,,0.09,E,,,101.91,C
ULTRAJET,7,2023,0.0,E,5.78,C,0.0,E,,,0.1,E,,,101.86,C
ULTRAJET,8,2023,0.0,E,6.04,C,0.0,E,,,0.17,E,,,102.76,C
ULTRAJET,9,2023,0.0,E,5.72,C,0.0,E,,,0.22,E,,,103.1,C
ULTRAJET,10,2023,0.0,E,6.06,C,0.0,E,,,0.28,E,,,103.66,C
ULTRAJET,11,2023,0.0,E,5.72,C,0.0,E,,,0.33,D,,,104.0,C
ULTRAJET,12,2023,0.0,E,6.45,C,0.0,E,,,0.16,E,,,101.62,C
ULTRAJET,1,2024,0.0,E,6.4,C,0.0,E,,,0.1,E,,,111.46,B
ULTRAJET,2,2024,0.0,E,6.28,C,0.0,E,,,0.2,E,,,111.16,B
ULTRAJET,3,2024,65.38,A,5.28,C,60.09,D,19.18,A,0.32,D,0.47,E,112.71,B
ULTRAJET,4,2024,65.54,A,5.34,C,67.66,D,23.25,A,0.44,C,0.65,E,113.23,B
ULTRAJET,5,2024,64.51,A,5.61,C,63.59,D,33.77,A,0.53,B,0.8,E,113.33,B
ULTRAJET,6,2024,63.37,A,5.73,C,65.91,D,50.93,A,0.6,B,0.92,E,112.9,B
ULTRAJET,7,2024,62.61,A,5.49,C,66.16,D,47.69,A,0.62,B,0.97,E,111.48,B
ULTRAJET,8,2024,62.38,A,5.41,C,66.18,D,48.62,A,0.72,A,1.12,E,111.75,B
ULTRAJET,9,2024,63.76,A,6.73,C,67.93,D,42.65,A,0.05,E,0.07,E,100.6,C
ULTRAJET,10,2024,63.5,A,6.79,C,69.94,D,47.77,A,0.05,E,0.07,E,100.52,C
ULTRAJET,11,2024,63.13,A,6.84,C,71.88,D,53.91,A,0.05,E,0.08,E,100.54,C
ULTRAJET,12,2024,69.23,A,6.91,C,100.0,C,55.39,A,0.07,E,0.09,E,100.57,C
ULTRAJET,1,2025,72.54,A,6.88,C,101.99,B,44.52,A,0.08,E,0.1,E,108.26,C
ULTRAJET,2,2025,73.41,A,6.53,C,101.97,B,33.84,A,0.23,E,0.3,E,112.69,B
ULTRAJET,3,2025,72.67,A,6.23,C,106.21,B,8.62,C,0.25,E,0.33,E,108.78,C
ULTRAJET,4,2025,71.65,A,6.8,C,99.19,C,8.17,C,0.28,E,0.37,E,107.17,C
ULTRAJET,5,2025,70.9,A,6.46,C,99.12,C,6.12,D,0.53,B,0.72,E,111.55,B
ULTRAJET,6,2025,69.8,A,6.76,C,102.94,B,28.17,A,0.61,B,0.84,E,111.07,B
ULTRAJET,7,2025,68.8,A,6.37,C,104.5,B,13.28,A,0.74,A,1.02,E,111.44,B
ULTRAJET,8,2025,67.33,A,6.22,C,106.77,B,9.55,B,0.9,A,1.27,E,112.28,B
ULTRAJET,9,2025,66.83,A,7.82,D,88.81,C,17.95,A,0.99,A,1.4,E,111.97,B
ULTRAJET,10,2025,67.01,A,7.84,D,89.13,C,23.75,A,1.21,A,1.72,E,113.56,B
ULTRAJET,11,2025,66.96,A,8.19,D,85.68,C,29.5,A,1.41,A,2.01,E,114.66,B
ULTRAJET,12,2025,73.52,A,8.61,D,91.25,C,49.31,A,0.55,B,0.71,E,104.35,C
ULTRAJET,1,2026,72.93,A,7.19,D,112.04,B,59.88,A,0.09,E,0.12,E,110.1,B
ULTRAJET,2,2026,69.45,A,6.86,C,112.15,B,54.23,A,0.2,E,0.28,E,112.02,B
ULTRAJET,3,2026,68.8,A,,,,,45.91,A,0.32,D,0.45,E,112.98,B
MX UNIDAS PARA PROGRESAR,1,2019,0.0,E,12.83,E,0.0,E,,,-0.9,E,,,65.27,E
MX UNIDAS PARA PROGRESAR,2,2019,0.0,E,14.44,E,0.0,E,,,-1.02,E,,,76.66,D
MX UNIDAS PARA PROGRESAR,3,2019,0.0,E,18.83,E,0.0,E,,,2.66,A,,,146.23,A
MX UNIDAS PARA PROGRESAR,4,2019,0.0,E,20.66,E,0.0,E,,,2.09,A,,,126.84,B
MX UNIDAS PARA PROGRESAR,6,2019,0.0,E,1.05,A,0.0,E,,,2.17,A,,,135.89,B
MX UNIDAS PARA PROGRESAR,6,2019,0.0,E,1.05,A,0.0,E,,,0.05,E,,,113.96,B
MX UNIDAS PARA PROGRESAR,6,2019,0.0,E,19.63,E,0.0,E,,,77.32,A,,,135.89,B
MX UNIDAS PARA PROGRESAR,6,2019,0.0,E,19.63,E,0.0,E,,,1.64,A,,,113.96,B
MX UNIDAS PARA PROGRESAR,7,2019,0.0,E,19.98,E,0.0,E,,,1.64,A,,,112.01,B
MX UNIDAS PARA PROGRESAR,8,2019,0.0,E,20.49,E,0.0,E,,,1.38,A,,,108.93,C
MX UNIDAS PARA PROGRESAR,9,2019,0.0,E,20.25,E,0.0,E,,,0.75,A,,,104.28,C
MX UNIDAS PARA PROGRESAR,10,2019,0.0,E,20.7,E,0.0,E,,,0.55,B,,,102.89,C
MX UNIDAS PARA PROGRESAR,11,2019,0.0,E,20.64,E,0.0,E,,,0.79,A,,,104.05,C
MX UNIDAS PARA PROGRESAR,1,2020,0.0,E,21.22,E,0.0,E,,,-0.35,E,,,83.24,D
MX UNIDAS PARA PROGRESAR,2,2020,0.0,E,21.42,E,0.0,E,,,-0.4,E,,,89.14,D
MX UNIDAS PARA PROGRESAR,3,2020,0.0,E,10.68,E,0.0,E,,,-0.68,E,,,87.07,D
MX UNIDAS PARA PROGRESAR,4,2020,0.0,E,18.08,E,0.0,E,,,-1.36,E,,,79.51,D
MX UNIDAS PARA PROGRESAR,6,2020,0.0,E,19.15,E,0.0,E,,,-2.47,E,,,73.81,D
MX UNIDAS PARA PROGRESAR,7,2020,0.0,E,19.3,E,0.0,E,,,-2.21,E,,,78.82,D
MX UNIDAS PARA PROGRESAR,8,2020,0.0,E,17.35,E,0.0,E,,,-2.3,E,,,80.58,D
MX UNIDAS PARA PROGRESAR,9,2020,0.0,E,16.48,E,0.0,E,,,-2.3,E,,,82.49,D
MX UNIDAS PARA PROGRESAR,10,2020,0.0,E,16.48,E,0.0,E,,,-2.13,E,,,85.3,D
MX UNIDAS PARA PROGRESAR,11,2020,0.0,E,16.21,E,0.0,E,,,-1.82,E,,,88.36,D
MX UNIDAS PARA PROGRESAR,1,2021,0.0,E,15.67,E,0.0,E,,,-0.15,E,,,91.18,D
MX UNIDAS PARA PROGRESAR,2,2021,0.0,E,17.13,E,0.0,E,,,0.14,E,,,104.99,C
MX UNIDAS PARA PROGRESAR,3,2021,0.0,E,16.52,E,0.0,E,,,0.01,E,,,100.14,C
MX UNIDAS PARA PROGRESAR,4,2021,0.0,E,16.27,E,0.0,E,,,0.03,E,,,100.49,C
MX UNIDAS PARA PROGRESAR,5,2021,0.0,E,15.15,E,0.0,E,,,0.03,E,,,100.47,C
MX UNIDAS PARA PROGRESAR,8,2021,0.0,E,13.12,E,0.0,E,,,0.18,E,,,101.53,C
MX UNIDAS PARA PROGRESAR,9,2021,0.0,E,12.88,E,0.0,E,,,0.23,E,,,101.76,C
MX UNIDAS PARA PROGRESAR,10,2021,0.0,E,12.98,E,0.0,E,,,0.55,B,,,103.79,C
MX UNIDAS PARA PROGRESAR,11,2021,0.0,E,12.98,E,0.0,E,,,0.55,B,,,103.49,C
MX UNIDAS PARA PROGRESAR,12,2021,0.0,E,12.71,E,0.0,E,,,0.15,E,,,100.85,C
MX UNIDAS PARA PROGRESAR,1,2022,0.0,E,13.89,E,0.0,E,,,0.85,A,,,164.88,A
MX UNIDAS PARA PROGRESAR,2,2022,0.0,E,15.03,E,0.0,E,,,0.86,A,,,134.11,B
MX UNIDAS PARA PROGRESAR,3,2022,0.0,E,14.14,E,0.0,E,,,0.61,B,,,115.18,B
MX UNIDAS PARA PROGRESAR,4,2022,0.0,E,13.62,E,0.0,E,,,0.71,A,,,113.75,B
MX UNIDAS PARA PROGRESAR,5,2022,0.0,E,14.74,E,0.0,E,,,0.65,A,,,110.18,B
MX UNIDAS PARA PROGRESAR,6,2022,0.0,E,12.92,E,0.0,E,,,0.65,B,,,108.45,C
MX UNIDAS PARA PROGRESAR,7,2022,0.0,E,12.79,E,0.0,E,,,0.68,A,,,107.51,C
MX UNIDAS PARA PROGRESAR,8,2022,0.0,E,12.2,E,0.0,E,,,0.67,A,,,106.47,C
MX UNIDAS PARA PROGRESAR,9,2022,0.0,E,12.05,E,0.0,E,,,0.74,A,,,106.41,C
MX UNIDAS PARA PROGRESAR,10,2022,0.0,E,12.05,E,0.0,E,,,0.74,A,,,106.41,C
MX UNIDAS PARA PROGRESAR,11,2022,0.0,E,11.82,E,0.0,E,,,0.89,A,,,106.23,C
MX UNIDAS PARA PROGRESAR,12,2022,0.0,E,12.34,E,0.0,E,,,0.2,E,,,101.27,C
MX UNIDAS PARA PROGRESAR,1,2023,0.0,E,12.7,E,0.0,E,,,0.02,E,,,101.65,C
MX UNIDAS PARA PROGRESAR,2,2023,0.0,E,12.96,E,0.0,E,,,-0.02,E,,,99.24,C
MX UNIDAS PARA PROGRESAR,3,2023,0.0,E,13.14,E,0.0,E,,,0.03,E,,,100.84,C
MX UNIDAS PARA PROGRESAR,4,2023,0.0,E,14.47,E,0.0,E,,,0.26,E,,,105.03,C
MX UNIDAS PARA PROGRESAR,5,2023,0.0,E,12.38,E,0.0,E,,,0.32,D,,,105.02,C
MX UNIDAS PARA PROGRESAR,6,2023,0.0,E,11.8,E,0.0,E,,,0.57,B,,,107.39,C
MX UNIDAS PARA PROGRESAR,7,2023,0.0,E,13.19,E,0.0,E,,,1.13,A,,,112.68,B
MX UNIDAS PARA PROGRESAR,8,2023,0.0,E,12.61,E,0.0,E,,,1.13,A,,,110.81,B
MX UNIDAS PARA PROGRESAR,9,2023,0.0,E,11.84,E,0.0,E,,,1.41,A,,,112.3,B
MX UNIDAS PARA PROGRESAR,10,2023,0.0,E,12.49,E,0.0,E,,,1.77,A,,,113.79,B
MX UNIDAS PARA PROGRESAR,11,2023,0.0,E,12.19,E,0.0,E,,,1.9,A,,,113.69,B
MX UNIDAS PARA PROGRESAR,12,2023,0.0,E,12.57,E,0.0,E,,,0.19,E,,,101.1,C
MX UNIDAS PARA PROGRESAR,1,2024,0.0,E,12.54,E,0.0,E,,,0.18,E,,,115.42,B
MX UNIDAS PARA PROGRESAR,2,2024,0.0,E,14.1,E,0.0,E,,,0.3,E,,,112.15,B
MX UNIDAS PARA PROGRESAR,3,2024,31.97,A,14.54,E,131.15,A,36.51,A,0.19,E,0.51,E,104.89,C
MX UNIDAS PARA PROGRESAR,4,2024,32.26,A,14.56,E,129.71,B,34.98,A,0.31,D,0.85,E,106.09,C
MX UNIDAS PARA PROGRESAR,5,2024,32.36,A,14.57,E,131.04,A,25.72,A,0.44,C,1.18,E,106.81,C
MX UNIDAS PARA PROGRESAR,6,2024,31.77,A,12.92,E,144.44,A,24.36,A,0.28,E,0.78,E,103.6,C
MX UNIDAS PARA PROGRESAR,7,2024,32.08,A,11.74,E,150.51,A,18.2,A,0.9,A,2.44,E,110.12,B
MX UNIDAS PARA PROGRESAR,7,2024,32.08,A,11.74,E,150.51,A,18.2,A,-0.16,E,-0.43,E,97.56,C
MX UNIDAS PARA PROGRESAR,7,2024,0.0,E,14.42,E,0.0,E,,,1.21,A,,,110.12,B
MX UNIDAS PARA PROGRESAR,7,2024,0.0,E,14.42,E,0.0,E,,,-0.21,E,,,97.56,C
MX UNIDAS PARA PROGRESAR,8,2024,31.95,A,12.28,E,142.17,A,14.86,A,0.87,A,2.38,E,108.5,C
MX UNIDAS PARA PROGRESAR,9,2024,32.93,A,11.81,E,148.61,A,20.89,A,1.1,A,2.91,E,109.35,C
MX UNIDAS PARA PROGRESAR,10,2024,34.48,A,11.03,E,154.19,A,8.15,C,1.17,A,2.93,E,108.46,C
MX UNIDAS PARA PROGRESAR,11,2024,35.52,A,11.22,E,155.42,A,11.5,B,1.42,A,3.45,E,109.14,C
MX UNIDAS PARA PROGRESAR,12,2024,32.81,A,10.91,E,157.88,A,21.67,A,0.34,D,0.91,E,102.02,C
MX UNIDAS PARA PROGRESAR,1,2025,31.93,A,11.21,E,154.83,A,29.89,A,0.22,E,0.59,E,118.75,B
MX UNIDAS PARA PROGRESAR,2,2025,31.02,A,12.01,E,156.76,A,49.36,A,0.33,D,0.94,E,114.29,B
MX UNIDAS PARA PROGRESAR,3,2025,30.71,A,12.19,E,158.66,A,48.2,A,0.11,E,0.31,E,102.86,C
MX UNIDAS PARA PROGRESAR,4,2025,31.3,A,11.64,E,164.26,A,20.35,A,0.16,E,0.44,E,102.99,C
MX UNIDAS PARA PROGRESAR,5,2025,31.65,A,11.95,E,156.67,A,16.7,A,0.26,E,0.73,E,104.01,C
MX UNIDAS PARA PROGRESAR,6,2025,32.05,A,10.12,E,182.7,A,13.93,A,0.33,D,0.9,E,104.15,C
MX UNIDAS PARA PROGRESAR,7,2025,32.23,A,11.1,E,168.93,A,17.38,A,0.94,A,2.54,E,110.13,B
MX UNIDAS PARA PROGRESAR,8,2025,32.27,A,10.99,E,171.89,A,17.18,A,0.96,A,2.6,E,108.92,C
MX UNIDAS PARA PROGRESAR,9,2025,32.4,A,10.52,E,179.07,A,15.33,A,0.96,A,2.59,E,107.88,C
MX UNIDAS PARA PROGRESAR,10,2025,32.58,A,10.23,E,179.64,A,34.2,A,0.93,A,2.49,E,106.84,C
MX UNIDAS PARA PROGRESAR,11,2025,32.8,A,10.28,E,175.85,A,31.29,A,1.13,A,3.01,E,107.7,C
MX UNIDAS PARA PROGRESAR,12,2025,32.21,A,9.47,D,179.8,A,23.43,A,0.44,C,1.2,E,102.65,C
MX UNIDAS PARA PROGRESAR,1,2026,32.1,A,9.85,D,179.34,A,30.85,A,0.22,E,0.61,E,118.26,B
MX UNIDAS PARA PROGRESAR,2,2026,30.54,A,9.71,D,182.74,A,38.85,A,0.31,D,0.88,E,112.28,B
MX UNIDAS PARA PROGRESAR,3,2026,32.65,A,,,,,38.34,A,1.03,A,2.78,E,124.04,B
MX USULA,1,2019,0.0,E,1.42,A,0.0,E,,,2.16,A,,,134.22,B
MX USULA,2,2019,0.0,E,10.78,E,0.0,E,,,0.73,A,,,136.08,B
MX USULA,3,2019,0.0,E,11.02,E,0.0,E,,,0.93,A,,,130.85,B
MX USULA,4,2019,0.0,E,11.28,E,0.0,E,,,1.08,A,,,126.95,B
MX USULA,5,2019,0.0,E,9.58,D,0.0,E,,,0.96,A,,,118.59,B
MX USULA,6,2019,0.0,E,6.07,C,0.0,E,,,0.97,A,,,116.99,B
MX USULA,6,2019,0.0,E,6.07,C,0.0,E,,,0.13,E,,,122.87,B
MX USULA,6,2019,0.0,E,10.35,E,0.0,E,,,10.47,A,,,116.99,B
MX USULA,6,2019,0.0,E,10.35,E,0.0,E,,,1.41,A,,,122.87,B
MX USULA,7,2019,0.0,E,13.16,E,0.0,E,,,1.48,A,,,120.19,B
MX USULA,8,2019,0.0,E,12.68,E,0.0,E,,,1.53,A,,,118.23,B
MX USULA,9,2019,0.0,E,11.94,E,0.0,E,,,1.63,A,,,117.57,B
MX USULA,10,2019,0.0,E,11.61,E,0.0,E,,,1.71,A,,,116.96,B
MX USULA,11,2019,0.0,E,12.19,E,0.0,E,,,1.67,A,,,115.92,B
MX USULA,1,2020,0.0,E,12.56,E,0.0,E,,,0.13,E,,,111.98,B
MX USULA,2,2020,0.0,E,11.9,E,0.0,E,,,0.42,D,,,119.28,B
MX USULA,3,2020,0.0,E,24.37,E,0.0,E,,,0.57,B,,,117.73,B
MX USULA,4,2020,0.0,E,8.65,D,0.0,E,,,0.75,A,,,117.75,B
MX USULA,5,2020,0.0,E,9.58,D,0.0,E,,,0.96,A,,,118.59,B
MX USULA,6,2020,0.0,E,9.99,D,0.0,E,,,1.14,A,,,118.58,B
MX USULA,7,2020,0.0,E,10.24,E,0.0,E,,,1.3,A,,,118.46,B
MX USULA,8,2020,0.0,E,10.02,E,0.0,E,,,1.51,A,,,118.48,B
MX USULA,9,2020,0.0,E,10.31,E,0.0,E,,,1.65,A,,,119.32,B
MX USULA,10,2020,0.0,E,10.11,E,0.0,E,,,1.88,A,,,120.27,B
MX USULA,11,2020,0.0,E,11.36,E,0.0,E,,,2.1,A,,,120.66,B
MX USULA,12,2020,0.0,E,10.7,E,0.0,E,,,0.48,C,,,103.76,C
MX USULA,1,2021,0.0,E,10.54,E,0.0,E,,,0.14,E,,,114.21,B
MX USULA,2,2021,0.0,E,11.0,E,0.0,E,,,0.31,D,,,116.32,B
MX USULA,3,2021,0.0,E,11.22,E,0.0,E,,,0.48,C,,,115.85,B
MX USULA,4,2021,0.0,E,11.25,E,0.0,E,,,0.59,B,,,114.85,B
MX USULA,5,2021,0.0,E,10.54,E,0.0,E,,,0.8,A,,,116.52,B
MX USULA,6,2021,0.0,E,9.9,D,0.0,E,,,0.61,B,,,109.76,C
MX USULA,7,2021,0.0,E,9.65,D,0.0,E,,,0.74,A,,,110.23,B
MX USULA,8,2021,0.0,E,9.03,D,0.0,E,,,0.87,A,,,110.46,B
MX USULA,9,2021,0.0,E,9.32,D,0.0,E,,,1.0,A,,,110.81,B
MX USULA,10,2021,0.0,E,9.46,D,0.0,E,,,1.04,A,,,110.18,B
MX USULA,11,2021,0.0,E,9.15,D,0.0,E,,,1.12,A,,,110.03,B
MX USULA,12,2021,0.0,E,9.04,D,0.0,E,,,0.65,A,,,105.22,C
MX USULA,1,2022,0.0,E,9.37,D,0.0,E,,,0.08,E,,,108.4,C
MX USULA,2,2022,0.0,E,9.24,D,0.0,E,,,0.22,E,,,112.15,B
MX USULA,3,2022,0.0,E,9.26,D,0.0,E,,,0.25,E,,,109.03,C
MX USULA,4,2022,0.0,E,10.05,E,0.0,E,,,0.26,E,,,107.01,C
MX USULA,5,2022,0.0,E,12.13,E,0.0,E,,,0.33,D,,,107.12,C
MX USULA,6,2022,0.0,E,9.9,D,0.0,E,,,0.43,C,,,107.86,C
MX USULA,7,2022,0.0,E,9.74,D,0.0,E,,,0.69,A,,,110.97,B
MX USULA,8,2022,0.0,E,16.63,E,0.0,E,,,1.21,A,,,116.92,B
MX USULA,9,2022,0.0,E,16.14,E,0.0,E,,,1.33,A,,,116.5,B
MX USULA,10,2022,0.0,E,9.83,D,0.0,E,,,1.65,A,,,118.68,B
MX USULA,11,2022,0.0,E,9.71,D,0.0,E,,,1.91,A,,,119.92,B
MX USULA,12,2022,0.0,E,8.25,D,0.0,E,,,0.56,B,,,104.56,C
MX USULA,1,2023,0.0,E,8.6,D,0.0,E,,,0.29,E,,,136.33,B
MX USULA,2,2023,0.0,E,8.6,D,0.0,E,,,0.44,C,,,125.57,B
MX USULA,3,2023,0.0,E,8.21,D,0.0,E,,,0.59,B,,,122.59,B
MX USULA,4,2023,0.0,E,8.26,D,0.0,E,,,0.82,A,,,122.39,B
MX USULA,5,2023,0.0,E,8.06,D,0.0,E,,,0.95,A,,,120.38,B
MX USULA,6,2023,0.0,E,7.26,D,0.0,E,,,3.77,A,,,156.61,A
MX USULA,7,2023,0.0,E,7.31,D,0.0,E,,,3.98,A,,,152.68,A
MX USULA,8,2023,0.0,E,7.2,D,0.0,E,,,4.22,A,,,149.37,A
MX USULA,9,2023,0.0,E,7.37,D,0.0,E,,,4.51,A,,,147.06,A
MX USULA,10,2023,0.0,E,7.43,D,0.0,E,,,4.63,A,,,145.23,A
MX USULA,11,2023,0.0,E,7.01,D,0.0,E,,,4.86,A,,,143.52,A
MX USULA,12,2023,0.0,E,6.79,C,0.0,E,,,2.05,A,,,116.82,B
MX USULA,1,2024,0.0,E,6.82,C,0.0,E,,,0.22,E,,,125.17,B
MX USULA,2,2024,0.0,E,6.87,C,0.0,E,,,0.43,C,,,125.19,B
MX USULA,3,2024,40.29,A,6.26,C,136.01,A,10.88,B,0.56,B,1.29,E,121.81,B
MX USULA,4,2024,39.35,A,6.56,C,130.17,A,10.73,B,0.7,A,1.65,E,119.69,B
MX USULA,5,2024,40.02,A,6.55,C,131.42,A,13.15,A,0.85,A,1.97,E,119.01,B
MX USULA,6,2024,40.18,A,6.64,C,131.09,A,14.52,A,0.98,A,2.27,E,118.41,B
MX USULA,7,2024,40.15,A,6.55,C,132.86,A,14.89,A,1.13,A,2.61,E,118.09,B
MX USULA,8,2024,40.21,A,5.84,C,137.1,A,18.71,A,1.28,A,2.98,E,118.06,B
MX USULA,9,2024,40.31,A,5.03,C,143.66,A,17.31,A,1.32,A,3.1,E,116.47,B
MX USULA,10,2024,40.53,A,5.09,C,140.07,A,14.93,A,1.43,A,3.33,E,116.04,B
MX USULA,11,2024,41.03,A,5.08,C,143.38,A,12.54,A,1.62,A,3.72,E,116.09,B
MX USULA,12,2024,41.54,A,4.98,B,151.21,A,12.34,A,1.44,A,3.26,E,112.42,B
MX USULA,1,2025,41.78,A,5.24,C,151.25,A,14.23,A,0.2,E,0.45,E,120.93,B
MX USULA,2,2025,41.47,A,5.46,C,145.83,A,15.04,A,0.25,E,0.56,E,112.94,B
MX USULA,3,2025,41.68,A,5.55,C,147.23,A,16.73,A,0.36,D,0.81,E,112.56,B
MX USULA,4,2025,40.35,A,5.71,C,151.14,A,19.31,A,0.4,D,0.94,E,110.66,B
MX USULA,5,2025,40.74,A,5.69,C,152.87,A,21.2,A,0.48,C,1.09,E,110.12,B
MX USULA,6,2025,40.53,A,5.66,C,154.24,A,22.93,A,0.55,B,1.27,E,109.82,C
MX USULA,7,2025,39.9,A,6.49,C,134.9,A,23.74,A,0.59,B,1.37,E,109.02,C
MX USULA,8,2025,38.7,A,5.88,C,136.14,A,26.63,A,0.69,A,1.68,E,109.65,C
MX USULA,9,2025,38.95,A,5.87,C,135.88,A,26.05,A,0.71,A,1.72,E,108.82,C
MX USULA,10,2025,38.49,A,5.75,C,138.22,A,26.62,A,0.73,A,1.78,E,108.19,C
MX USULA,11,2025,39.01,A,3.31,B,182.1,A,21.4,A,0.74,A,1.8,E,107.49,C
MX USULA,12,2025,39.73,A,1.9,A,243.23,A,19.67,A,0.66,A,1.59,E,105.94,C
MX USULA,1,2026,39.66,A,2.03,A,232.93,A,22.57,A,0.05,E,0.13,E,105.8,C
MX USULA,2,2026,39.76,A,1.92,A,222.44,A,22.25,A,0.31,D,0.75,E,116.22,B
MX USULA,3,2026,39.46,A,,,,,24.08,A,0.35,D,0.87,E,112.38,B
MX ZIP BUENA VISTA,1,2019,0.0,E,12.97,E,0.0,E,,,0.28,E,,,122.8,B
MX ZIP BUENA VISTA,2,2019,0.0,E,1.7,A,0.0,E,,,0.12,E,,,104.95,C
MX ZIP BUENA VISTA,3,2019,0.0,E,1.59,A,0.0,E,,,0.38,D,,,109.97,C
MX ZIP BUENA VISTA,4,2019,0.0,E,2.41,A,0.0,E,,,0.9,A,,,116.23,B
MX ZIP BUENA VISTA,6,2019,0.0,E,2.0,A,0.0,E,,,1.63,A,,,120.49,B
MX ZIP BUENA VISTA,7,2019,0.0,E,3.27,B,0.0,E,,,1.74,A,,,119.16,B
MX ZIP BUENA VISTA,8,2019,0.0,E,3.17,B,0.0,E,,,3.12,A,,,129.18,B
MX ZIP BUENA VISTA,9,2019,0.0,E,1.33,A,0.0,E,,,3.03,A,,,125.42,B
MX ZIP BUENA VISTA,10,2019,0.0,E,1.03,A,0.0,E,,,1.94,A,,,115.88,B
MX ZIP BUENA VISTA,11,2019,0.0,E,1.73,A,0.0,E,,,1.96,A,,,114.46,B
MX ZIP BUENA VISTA,12,2019,0.0,E,2.41,A,0.0,E,,,2.7,A,,,116.28,B
MX ZIP BUENA VISTA,1,2020,0.0,E,1.73,A,0.0,E,,,0.38,D,,,132.29,B
MX ZIP BUENA VISTA,2,2020,0.0,E,0.82,A,0.0,E,,,0.59,B,,,123.54,B
MX ZIP BUENA VISTA,3,2020,0.0,E,1.23,A,0.0,E,,,0.35,D,,,110.06,B
MX ZIP BUENA VISTA,10,2020,0.0,E,2.65,B,0.0,E,,,1.57,A,,,112.44,B
MX ZIP BUENA VISTA,11,2020,0.0,E,1.24,A,0.0,E,,,1.88,A,,,113.67,B
MX ZIP BUENA VISTA,12,2020,0.0,E,0.94,A,0.0,E,,,3.02,A,,,120.14,B
MX ZIP BUENA VISTA,1,2021,0.0,E,1.72,A,0.0,E,,,0.23,E,,,118.92,B
MX ZIP BUENA VISTA,2,2021,0.0,E,1.83,A,0.0,E,,,0.54,B,,,122.09,B
MX ZIP BUENA VISTA,4,2021,0.0,E,1.27,A,0.0,E,,,0.78,A,,,115.6,B
MX ZIP BUENA VISTA,5,2021,0.0,E,0.52,A,0.0,E,,,0.96,A,,,115.33,B
MX ZIP BUENA VISTA,6,2021,0.0,E,0.51,A,0.0,E,,,1.8,A,,,123.14,B
MX ZIP BUENA VISTA,7,2021,0.0,E,1.21,A,0.0,E,,,2.0,A,,,122.33,B
MX ZIP BUENA VISTA,8,2021,0.0,E,1.25,A,0.0,E,,,2.03,A,,,120.48,B
MX ZIP BUENA VISTA,9,2021,0.0,E,1.33,A,0.0,E,,,2.1,A,,,119.44,B
MX ZIP BUENA VISTA,10,2021,0.0,E,1.72,A,0.0,E,,,2.75,A,,,122.35,B
MX ZIP BUENA VISTA,11,2021,0.0,E,1.06,A,0.0,E,,,2.88,A,,,121.19,B
MX ZIP BUENA VISTA,12,2021,0.0,E,1.45,A,0.0,E,,,3.52,A,,,123.96,B
MX ZIP BUENA VISTA,1,2022,0.0,E,1.04,A,0.0,E,,,0.12,E,,,109.16,C
MX ZIP BUENA VISTA,2,2022,0.0,E,0.79,A,0.0,E,,,0.13,E,,,105.31,C
MX ZIP BUENA VISTA,3,2022,0.0,E,0.99,A,0.0,E,,,0.28,E,,,106.87,C
MX ZIP BUENA VISTA,4,2022,0.0,E,1.02,A,0.0,E,,,0.35,D,,,106.25,C
MX ZIP BUENA VISTA,5,2022,0.0,E,0.78,A,0.0,E,,,1.28,A,,,118.94,B
MX ZIP BUENA VISTA,6,2022,0.0,E,0.81,A,0.0,E,,,1.47,A,,,118.78,B
MX ZIP BUENA VISTA,7,2022,0.0,E,1.23,A,0.0,E,,,1.76,A,,,119.31,B
MX ZIP BUENA VISTA,8,2022,0.0,E,1.08,A,0.0,E,,,1.89,A,,,118.55,B
MX ZIP BUENA VISTA,9,2022,0.0,E,1.07,A,0.0,E,,,2.08,A,,,118.13,B
MX ZIP BUENA VISTA,10,2022,0.0,E,2.06,A,0.0,E,,,2.89,A,,,123.21,B
MX ZIP BUENA VISTA,11,2022,0.0,E,2.25,A,0.0,E,,,2.59,A,,,119.54,B
MX ZIP BUENA VISTA,12,2022,0.0,E,2.14,A,0.0,E,,,3.76,A,,,124.04,B
MX ZIP BUENA VISTA,1,2023,0.0,E,2.43,A,0.0,E,,,0.06,E,,,104.13,C
MX ZIP BUENA VISTA,2,2023,0.0,E,2.35,A,0.0,E,,,-0.44,E,,,85.55,D
MX ZIP BUENA VISTA,3,2023,0.0,E,1.17,A,0.0,E,,,-0.37,E,,,92.13,D
MX ZIP BUENA VISTA,4,2023,0.0,E,1.54,A,0.0,E,,,-0.45,E,,,92.73,D
MX ZIP BUENA VISTA,5,2023,0.0,E,0.98,A,0.0,E,,,0.25,E,,,103.2,C
MX ZIP BUENA VISTA,6,2023,0.0,E,0.66,A,0.0,E,,,0.71,A,,,107.75,C
MX ZIP BUENA VISTA,7,2023,0.0,E,0.66,A,0.0,E,,,0.71,A,,,106.91,C
MX ZIP BUENA VISTA,8,2023,0.0,E,0.64,A,0.0,E,,,0.63,B,,,105.43,C
MX ZIP BUENA VISTA,9,2023,0.0,E,1.09,A,0.0,E,,,1.67,A,,,112.81,B
MX ZIP BUENA VISTA,10,2023,0.0,E,1.47,A,0.0,E,,,2.03,A,,,114.47,B
MX ZIP BUENA VISTA,11,2023,0.0,E,1.45,A,0.0,E,,,1.84,A,,,112.46,B
MX ZIP BUENA VISTA,12,2023,0.0,E,1.78,A,0.0,E,,,3.29,A,,,119.56,B
MX ZIP BUENA VISTA,1,2024,0.0,E,2.27,A,0.0,E,,,0.11,E,,,107.4,C
MX ZIP BUENA VISTA,2,2024,0.0,E,2.27,A,0.0,E,,,-0.05,E,,,98.3,C
MX ZIP BUENA VISTA,3,2024,66.24,A,1.88,A,137.17,A,99.18,A,-0.05,E,-0.08,E,98.71,C
MX ZIP BUENA VISTA,4,2024,65.75,A,3.08,B,83.74,D,97.22,A,-0.19,E,-0.28,E,96.75,C
MX ZIP BUENA VISTA,5,2024,66.01,A,3.36,B,76.92,D,34.23,A,0.37,D,0.55,E,105.15,C
MX ZIP BUENA VISTA,6,2024,59.45,A,3.28,B,84.5,D,17.84,A,-0.07,E,-0.12,E,99.1,C
MX ZIP BUENA VISTA,7,2024,59.36,A,3.7,B,79.23,D,68.07,A,-0.49,E,-0.81,E,95.01,C
MX ZIP BUENA VISTA,8,2024,58.6,A,4.94,B,60.34,D,59.13,A,-0.97,E,-1.61,E,91.36,D
MX ZIP BUENA VISTA,9,2024,58.11,A,5.79,C,52.08,E,51.4,A,-1.8,E,-3.02,E,85.75,D
MX ZIP BUENA VISTA,10,2024,54.24,A,5.16,C,64.94,D,43.99,A,-2.82,E,-5.05,E,81.25,D
MX ZIP BUENA VISTA,11,2024,44.35,A,6.31,C,66.07,D,43.29,A,-3.62,E,-7.86,E,81.97,D
MX ZIP BUENA VISTA,12,2024,48.38,A,7.03,D,61.27,D,33.41,A,0.22,E,0.45,E,101.24,C
MX ZIP BUENA VISTA,1,2025,47.42,A,7.8,D,60.45,D,32.13,A,-0.38,E,-0.77,E,73.11,D
MX ZIP BUENA VISTA,2,2025,48.03,A,7.86,D,61.57,D,18.63,A,-0.14,E,-0.28,E,94.84,C
MX ZIP BUENA VISTA,3,2025,47.47,A,8.17,D,65.48,D,17.14,A,0.13,E,0.26,E,103.0,C
MX ZIP BUENA VISTA,4,2025,46.09,A,9.41,D,61.7,D,15.89,A,0.41,D,0.84,E,106.99,C
MX ZIP BUENA VISTA,5,2025,44.56,A,16.61,E,39.16,E,21.41,A,0.88,A,1.86,E,111.77,B
MX ZIP BUENA VISTA,6,2025,42.85,A,24.64,E,30.55,E,35.14,A,0.45,C,0.98,E,104.72,C
MX ZIP BUENA VISTA,7,2025,42.11,A,26.53,E,28.88,E,29.89,A,-1.99,E,-4.41,E,85.46,D
MX ZIP BUENA VISTA,8,2025,41.64,A,28.38,E,29.38,E,27.33,A,-2.23,E,-4.98,E,85.66,D
MX ZIP BUENA VISTA,9,2025,39.61,A,29.86,E,35.52,E,17.43,A,-4.78,E,-10.95,E,75.99,D
MX ZIP BUENA VISTA,10,2025,39.43,A,29.21,E,41.32,E,24.24,A,-3.91,E,-8.91,E,82.29,D
MX ZIP BUENA VISTA,11,2025,39.24,A,31.31,E,41.97,E,16.6,A,-4.92,E,-11.15,E,80.33,D
MX ZIP BUENA VISTA,12,2025,40.79,A,35.8,E,39.6,E,16.16,A,-4.18,E,-9.03,E,84.02,D
MX ZIP BUENA VISTA,1,2026,40.32,A,41.84,E,34.64,E,29.9,A,-0.1,E,-0.21,E,92.15,D
MX ZIP BUENA VISTA,2,2026,38.48,A,43.27,E,33.6,E,12.54,A,0.72,A,1.63,E,125.97,B
MX ZIP BUENA VISTA,3,2026,39.4,A,,,,,7.89,C,2.18,A,4.83,E,152.82,A
NUEVA VIDA,1,2019,0.0,E,15.92,E,0.0,E,,,0.14,E,,,117.85,B
NUEVA VIDA,2,2019,0.0,E,16.24,E,0.0,E,,,0.27,E,,,117.4,B
NUEVA VIDA,3,2019,0.0,E,15.73,E,0.0,E,,,0.35,D,,,114.95,B
NUEVA VIDA,4,2019,0.0,E,17.43,E,0.0,E,,,0.49,C,,,115.28,B
NUEVA VIDA,6,2019,0.0,E,16.39,E,0.0,E,,,0.75,A,,,115.58,B
NUEVA VIDA,7,2019,0.0,E,16.01,E,0.0,E,,,0.91,A,,,116.39,B
NUEVA VIDA,8,2019,0.0,E,15.27,E,0.0,E,,,0.87,A,,,113.72,B
NUEVA VIDA,9,2019,0.0,E,15.95,E,0.0,E,,,1.13,A,,,115.91,B
NUEVA VIDA,10,2019,0.0,E,17.73,E,0.0,E,,,1.23,A,,,115.63,B
NUEVA VIDA,11,2019,0.0,E,15.95,E,0.0,E,,,1.37,A,,,115.86,B
NUEVA VIDA,12,2019,0.0,E,15.0,E,0.0,E,,,1.47,A,,,114.19,B
NUEVA VIDA,1,2020,0.0,E,6.92,C,0.0,E,,,0.29,E,,,134.99,B
NUEVA VIDA,2,2020,0.0,E,6.36,C,0.0,E,,,0.45,C,,,126.9,B
NUEVA VIDA,3,2020,0.0,E,8.99,D,0.0,E,,,0.59,B,,,123.8,B
NUEVA VIDA,4,2020,0.0,E,23.28,E,0.0,E,,,0.4,D,,,112.16,B
NUEVA VIDA,5,2020,0.0,E,41.25,E,0.0,E,,,0.04,E,,,100.92,C
NUEVA VIDA,6,2020,0.0,E,19.24,E,0.0,E,,,0.59,B,,,112.09,B
NUEVA VIDA,7,2020,0.0,E,29.01,E,0.0,E,,,0.25,E,,,104.46,C
NUEVA VIDA,8,2020,0.0,E,30.27,E,0.0,E,,,0.15,E,,,102.33,C
NUEVA VIDA,9,2020,0.0,E,30.28,E,0.0,E,,,0.19,E,,,102.6,C
NUEVA VIDA,10,2020,0.0,E,31.26,E,0.0,E,,,0.07,E,,,100.88,C
NUEVA VIDA,11,2020,0.0,E,30.3,E,0.0,E,,,0.08,E,,,100.91,C
NUEVA VIDA,12,2020,0.0,E,13.52,E,0.0,E,,,0.76,A,,,107.67,C
NUEVA VIDA,1,2021,0.0,E,13.36,E,0.0,E,,,0.08,E,,,110.72,B
NUEVA VIDA,2,2021,0.0,E,11.48,E,0.0,E,,,0.37,D,,,126.15,B
NUEVA VIDA,3,2021,0.0,E,10.46,E,0.0,E,,,0.54,B,,,125.37,B
NUEVA VIDA,4,2021,0.0,E,9.52,D,0.0,E,,,0.8,A,,,128.5,B
NUEVA VIDA,5,2021,0.0,E,7.39,D,0.0,E,,,1.34,A,,,139.16,B
NUEVA VIDA,6,2021,0.0,E,6.11,C,0.0,E,,,1.57,A,,,138.27,B
NUEVA VIDA,7,2021,0.0,E,4.86,B,0.0,E,,,1.66,A,,,133.79,B
NUEVA VIDA,8,2021,0.0,E,5.54,C,0.0,E,,,1.76,A,,,131.72,B
NUEVA VIDA,9,2021,0.0,E,5.57,C,0.0,E,,,1.92,A,,,131.2,B
NUEVA VIDA,10,2021,0.0,E,6.29,C,0.0,E,,,1.97,A,,,128.81,B
NUEVA VIDA,11,2021,0.0,E,6.54,C,0.0,E,,,2.08,A,,,127.94,B
NUEVA VIDA,12,2021,0.0,E,6.58,C,0.0,E,,,1.26,A,,,113.75,B
NUEVA VIDA,1,2022,0.0,E,5.05,C,0.0,E,,,0.1,E,,,115.37,B
NUEVA VIDA,2,2022,0.0,E,4.71,B,0.0,E,,,0.11,E,,,108.68,C
NUEVA VIDA,3,2022,0.0,E,4.36,B,0.0,E,,,0.09,E,,,104.62,C
NUEVA VIDA,4,2022,0.0,E,3.97,B,0.0,E,,,0.08,E,,,103.12,C
NUEVA VIDA,5,2022,0.0,E,3.65,B,0.0,E,,,0.09,E,,,102.89,C
NUEVA VIDA,6,2022,0.0,E,4.14,B,0.0,E,,,0.07,E,,,101.84,C
NUEVA VIDA,7,2022,0.0,E,3.97,B,0.0,E,,,0.11,E,,,102.35,C
NUEVA VIDA,8,2022,0.0,E,4.33,B,0.0,E,,,0.33,D,,,106.46,C
NUEVA VIDA,9,2022,0.0,E,3.82,B,0.0,E,,,0.39,D,,,106.7,C
NUEVA VIDA,10,2022,0.0,E,3.22,B,0.0,E,,,0.53,B,,,108.3,C
NUEVA VIDA,11,2022,0.0,E,3.46,B,0.0,E,,,0.59,B,,,108.59,C
NUEVA VIDA,12,2022,0.0,E,4.01,B,0.0,E,,,0.52,B,,,106.9,C
NUEVA VIDA,1,2023,0.0,E,2.93,B,0.0,E,,,0.28,E,,,141.86,B
NUEVA VIDA,2,2023,0.0,E,2.52,B,0.0,E,,,0.35,D,,,127.95,B
NUEVA VIDA,3,2023,0.0,E,2.87,B,0.0,E,,,0.53,B,,,126.58,B
NUEVA VIDA,4,2023,0.0,E,2.78,B,0.0,E,,,0.73,A,,,127.69,B
NUEVA VIDA,5,2023,0.0,E,2.57,B,0.0,E,,,0.82,A,,,124.96,B
NUEVA VIDA,6,2023,0.0,E,2.43,A,0.0,E,,,0.89,A,,,122.78,B
NUEVA VIDA,7,2023,0.0,E,1.87,A,0.0,E,,,0.89,A,,,119.08,B
NUEVA VIDA,8,2023,0.0,E,1.64,A,0.0,E,,,1.09,A,,,120.12,B
NUEVA VIDA,9,2023,0.0,E,1.62,A,0.0,E,,,1.24,A,,,120.08,B
NUEVA VIDA,10,2023,0.0,E,1.43,A,0.0,E,,,1.39,A,,,120.45,B
NUEVA VIDA,11,2023,0.0,E,1.19,A,0.0,E,,,1.5,A,,,119.96,B
NUEVA VIDA,12,2023,0.0,E,1.25,A,0.0,E,,,0.73,A,,,108.0,C
NUEVA VIDA,1,2024,0.0,E,1.31,A,0.0,E,,,0.09,E,,,112.76,B
NUEVA VIDA,2,2024,0.0,E,1.46,A,0.0,E,,,0.24,E,,,117.73,B
NUEVA VIDA,3,2024,51.68,A,1.12,A,597.7,A,24.21,A,0.36,D,0.67,E,117.74,B
NUEVA VIDA,4,2024,52.22,A,1.28,A,508.26,A,22.62,A,0.47,C,0.86,E,117.07,B
NUEVA VIDA,5,2024,52.1,A,1.21,A,531.26,A,21.65,A,0.58,B,1.06,E,116.92,B
NUEVA VIDA,6,2024,51.97,A,1.04,A,609.88,A,19.46,A,0.66,A,1.2,E,115.56,B
NUEVA VIDA,7,2024,52.37,A,1.61,A,393.13,A,19.61,A,0.89,A,1.61,E,117.85,B
NUEVA VIDA,8,2024,52.86,A,1.62,A,388.34,A,19.58,A,1.09,A,1.95,E,118.9,B
NUEVA VIDA,9,2024,53.22,A,1.71,A,364.75,A,17.36,A,1.2,A,2.15,E,118.55,B
NUEVA VIDA,10,2024,53.24,A,1.88,A,323.45,A,15.32,A,1.31,A,2.34,E,118.29,B
NUEVA VIDA,11,2024,53.67,A,1.74,A,343.78,A,13.98,A,1.48,A,2.61,E,118.7,B
NUEVA VIDA,12,2024,52.8,A,2.36,A,251.38,A,18.4,A,0.75,A,1.35,E,107.95,C
NUEVA VIDA,1,2025,52.64,A,2.09,A,281.96,A,20.57,A,0.22,E,0.4,E,129.64,B
NUEVA VIDA,2,2025,52.91,A,2.25,A,252.96,A,18.83,A,0.38,D,0.68,E,125.53,B
NUEVA VIDA,3,2025,52.68,A,2.1,A,270.38,A,19.99,A,0.49,C,0.89,E,121.87,B
NUEVA VIDA,4,2025,52.85,A,2.06,A,274.35,A,19.62,A,0.61,B,1.11,E,120.4,B
NUEVA VIDA,5,2025,53.05,A,2.07,A,269.8,A,18.86,A,0.75,A,1.34,E,119.81,B
NUEVA VIDA,6,2025,52.84,A,2.39,A,229.74,A,18.23,A,0.77,A,1.38,E,116.78,B
NUEVA VIDA,7,2025,52.94,A,1.87,A,292.87,A,19.21,A,0.89,A,1.61,E,116.81,B
NUEVA VIDA,8,2025,53.22,A,2.33,A,234.83,A,18.79,A,1.15,A,2.06,E,119.04,B
NUEVA VIDA,9,2025,53.38,A,2.2,A,247.2,A,18.06,A,1.24,A,2.21,E,118.15,B
NUEVA VIDA,10,2025,53.84,A,2.65,B,205.18,A,17.68,A,1.38,A,2.45,E,118.3,B
NUEVA VIDA,11,2025,53.89,A,2.87,B,186.0,A,15.02,A,1.56,A,2.76,E,119.07,B
NUEVA VIDA,12,2025,53.53,A,3.21,B,156.74,A,17.27,A,0.79,A,1.41,E,108.06,C
NUEVA VIDA,1,2026,53.28,A,3.46,B,146.06,A,19.39,A,0.16,E,0.29,E,122.24,B
NUEVA VIDA,2,2026,53.3,A,2.49,A,202.63,A,20.58,A,0.38,D,0.68,E,126.49,B
NUEVA VIDA,3,2026,52.74,A,,,,,23.21,A,0.65,B,1.18,E,130.4,B
OCOTEPEQUE,1,2019,0.0,E,13.88,E,0.0,E,,,0.07,E,,,107.28,C
OCOTEPEQUE,2,2019,0.0,E,15.4,E,0.0,E,,,0.16,E,,,108.08,C
OCOTEPEQUE,3,2019,0.0,E,15.96,E,0.0,E,,,0.36,D,,,112.28,B
OCOTEPEQUE,4,2019,0.0,E,16.73,E,0.0,E,,,0.43,C,,,111.18,B
OCOTEPEQUE,5,2019,0.0,E,18.03,E,0.0,E,,,0.57,B,,,111.1,B
OCOTEPEQUE,6,2019,0.0,E,15.54,E,0.0,E,,,0.85,A,,,115.22,B
OCOTEPEQUE,7,2019,0.0,E,15.05,E,0.0,E,,,1.03,A,,,115.82,B
OCOTEPEQUE,8,2019,0.0,E,16.13,E,0.0,E,,,1.11,A,,,115.15,B
OCOTEPEQUE,9,2019,0.0,E,14.61,E,0.0,E,,,1.29,A,,,115.58,B
OCOTEPEQUE,10,2019,0.0,E,15.02,E,0.0,E,,,1.4,A,,,115.4,B
OCOTEPEQUE,11,2019,0.0,E,15.7,E,0.0,E,,,1.6,A,,,116.09,B
OCOTEPEQUE,12,2019,0.0,E,13.23,E,0.0,E,,,1.61,A,,,114.63,B
OCOTEPEQUE,1,2020,0.0,E,14.03,E,0.0,E,,,0.13,E,,,114.6,B
OCOTEPEQUE,2,2020,0.0,E,14.09,E,0.0,E,,,0.25,E,,,113.35,B
OCOTEPEQUE,3,2020,0.0,E,18.26,E,0.0,E,,,0.3,E,,,110.84,B
OCOTEPEQUE,4,2020,0.0,E,21.85,E,0.0,E,,,0.39,D,,,111.21,B
OCOTEPEQUE,5,2020,0.0,E,18.33,E,0.0,E,,,0.6,B,,,114.04,B
OCOTEPEQUE,6,2020,0.0,E,15.23,E,0.0,E,,,0.78,A,,,115.2,B
OCOTEPEQUE,7,2020,0.0,E,14.18,E,0.0,E,,,0.99,A,,,116.96,B
OCOTEPEQUE,8,2020,0.0,E,12.1,E,0.0,E,,,1.19,A,,,117.89,B
OCOTEPEQUE,9,2020,0.0,E,9.78,D,0.0,E,,,1.16,A,,,115.63,B
OCOTEPEQUE,10,2020,0.0,E,7.89,D,0.0,E,,,1.2,A,,,114.58,B
OCOTEPEQUE,11,2020,0.0,E,7.15,D,0.0,E,,,1.35,A,,,115.07,B
OCOTEPEQUE,12,2020,0.0,E,6.36,C,0.0,E,,,1.49,A,,,115.15,B
OCOTEPEQUE,1,2021,0.0,E,6.83,C,0.0,E,,,0.13,E,,,115.66,B
OCOTEPEQUE,2,2021,0.0,E,6.52,C,0.0,E,,,0.28,E,,,117.7,B
OCOTEPEQUE,3,2021,0.0,E,5.92,C,0.0,E,,,0.44,C,,,117.95,B
OCOTEPEQUE,4,2021,0.0,E,10.77,E,0.0,E,,,0.07,E,,,102.16,C
OCOTEPEQUE,5,2021,0.0,E,9.77,D,0.0,E,,,0.29,E,,,107.33,C
OCOTEPEQUE,6,2021,0.0,E,9.18,D,0.0,E,,,0.46,C,,,109.85,C
OCOTEPEQUE,7,2021,0.0,E,8.57,D,0.0,E,,,0.62,B,,,111.78,B
OCOTEPEQUE,8,2021,0.0,E,8.45,D,0.0,E,,,0.83,A,,,114.05,B
OCOTEPEQUE,9,2021,0.0,E,8.14,D,0.0,E,,,1.05,A,,,115.97,B
OCOTEPEQUE,10,2021,0.0,E,8.28,D,0.0,E,,,1.15,A,,,115.94,B
OCOTEPEQUE,11,2021,0.0,E,7.89,D,0.0,E,,,1.3,A,,,116.68,B
OCOTEPEQUE,12,2021,0.0,E,6.51,C,0.0,E,,,1.4,A,,,116.58,B
OCOTEPEQUE,1,2022,0.0,E,6.47,C,0.0,E,,,0.17,E,,,127.61,B
OCOTEPEQUE,2,2022,0.0,E,6.48,C,0.0,E,,,0.35,D,,,129.88,B
OCOTEPEQUE,3,2022,0.0,E,6.41,C,0.0,E,,,0.53,B,,,129.49,B
OCOTEPEQUE,4,2022,0.0,E,6.73,C,0.0,E,,,0.68,A,,,128.96,B
OCOTEPEQUE,5,2022,0.0,E,7.24,D,0.0,E,,,0.85,A,,,129.09,B
OCOTEPEQUE,6,2022,0.0,E,6.83,C,0.0,E,,,1.11,A,,,131.24,B
OCOTEPEQUE,7,2022,0.0,E,6.55,C,0.0,E,,,1.2,A,,,128.62,B
OCOTEPEQUE,8,2022,0.0,E,5.88,C,0.0,E,,,1.34,A,,,127.97,B
OCOTEPEQUE,9,2022,0.0,E,5.38,C,0.0,E,,,1.48,A,,,127.42,B
OCOTEPEQUE,10,2022,0.0,E,5.09,C,0.0,E,,,1.54,A,,,125.45,B
OCOTEPEQUE,11,2022,0.0,E,4.54,B,0.0,E,,,1.8,A,,,127.4,B
OCOTEPEQUE,12,2022,0.0,E,3.51,B,0.0,E,,,2.18,A,,,131.0,B
OCOTEPEQUE,1,2023,0.0,E,3.62,B,0.0,E,,,0.25,E,,,146.36,A
OCOTEPEQUE,2,2023,0.0,E,3.78,B,0.0,E,,,0.55,B,,,151.52,A
OCOTEPEQUE,3,2023,0.0,E,3.93,B,0.0,E,,,0.68,A,,,139.77,B
OCOTEPEQUE,4,2023,0.0,E,4.52,B,0.0,E,,,0.64,B,,,126.16,B
OCOTEPEQUE,5,2023,0.0,E,4.87,B,0.0,E,,,0.9,A,,,128.36,B
OCOTEPEQUE,6,2023,0.0,E,4.74,B,0.0,E,,,1.15,A,,,130.32,B
OCOTEPEQUE,7,2023,0.0,E,4.34,B,0.0,E,,,1.43,A,,,132.4,B
OCOTEPEQUE,8,2023,0.0,E,4.39,B,0.0,E,,,1.6,A,,,131.55,B
OCOTEPEQUE,9,2023,0.0,E,4.57,B,0.0,E,,,1.89,A,,,133.06,B
OCOTEPEQUE,10,2023,0.0,E,4.47,B,0.0,E,,,2.14,A,,,133.68,B
OCOTEPEQUE,11,2023,0.0,E,4.55,B,0.0,E,,,2.36,A,,,133.77,B
OCOTEPEQUE,12,2023,0.0,E,4.05,B,0.0,E,,,2.6,A,,,134.29,B
OCOTEPEQUE,1,2024,0.0,E,4.16,B,0.0,E,,,0.24,E,,,136.35,B
OCOTEPEQUE,2,2024,0.0,E,4.04,B,0.0,E,,,0.28,E,,,118.68,B
OCOTEPEQUE,3,2024,24.47,A,4.63,B,147.44,A,10.45,B,0.29,E,1.12,E,112.71,B
OCOTEPEQUE,4,2024,23.53,A,4.73,B,144.95,A,12.33,A,0.49,C,1.97,E,116.91,B
OCOTEPEQUE,5,2024,24.21,A,5.09,C,134.66,A,12.73,A,0.64,B,2.52,E,118.12,B
OCOTEPEQUE,6,2024,24.58,A,5.2,C,131.48,A,12.63,A,0.84,A,3.25,E,120.15,B
OCOTEPEQUE,7,2024,24.68,A,5.25,C,128.18,B,10.42,B,1.06,A,4.11,E,122.16,B
OCOTEPEQUE,8,2024,24.63,A,4.77,B,141.72,A,9.9,B,1.12,A,4.34,E,120.12,B
OCOTEPEQUE,9,2024,24.75,A,4.9,B,138.69,A,9.9,B,1.26,A,4.86,E,120.03,B
OCOTEPEQUE,10,2024,24.95,A,5.21,C,130.64,A,9.17,B,1.42,A,5.42,E,120.32,B
OCOTEPEQUE,11,2024,25.26,A,5.07,C,133.13,A,7.79,C,1.63,A,6.15,D,121.22,B
OCOTEPEQUE,12,2024,25.6,A,4.65,B,145.02,A,9.03,B,1.62,A,6.03,D,118.92,B
OCOTEPEQUE,1,2025,25.32,A,4.53,B,149.82,A,11.52,B,0.34,D,1.28,E,151.07,A
OCOTEPEQUE,2,2025,24.88,A,4.54,B,151.9,A,11.29,B,0.51,B,1.98,E,136.92,B
OCOTEPEQUE,3,2025,24.56,A,5.09,C,134.96,A,8.42,C,0.72,A,2.8,E,134.58,B
OCOTEPEQUE,4,2025,23.79,A,5.39,C,128.68,B,9.7,B,0.87,A,3.5,E,131.26,B
OCOTEPEQUE,5,2025,24.29,A,5.34,C,129.29,B,11.67,B,1.21,A,4.76,E,134.52,B
OCOTEPEQUE,6,2025,24.54,A,5.55,C,124.2,B,12.39,A,1.5,A,5.86,E,135.85,B
OCOTEPEQUE,7,2025,24.64,A,5.73,C,119.81,B,12.86,A,1.78,A,6.93,D,136.67,B
OCOTEPEQUE,8,2025,24.82,A,5.49,C,123.56,B,11.96,A,2.1,A,8.12,D,137.77,B
OCOTEPEQUE,9,2025,24.94,A,5.61,C,120.91,B,12.99,A,2.28,A,8.76,C,136.14,B
OCOTEPEQUE,10,2025,25.07,A,5.42,C,123.2,B,11.38,B,2.55,A,9.72,C,136.41,B
OCOTEPEQUE,11,2025,25.39,A,5.09,C,128.68,B,12.49,A,3.03,A,11.44,B,139.74,B
OCOTEPEQUE,12,2025,25.41,A,4.73,B,138.29,A,12.31,A,3.0,A,11.34,B,135.27,B
OCOTEPEQUE,1,2026,25.17,A,4.71,B,140.54,A,13.46,A,0.25,E,0.94,E,134.94,B
OCOTEPEQUE,2,2026,25.01,A,4.63,B,143.34,A,12.68,A,0.6,B,2.3,E,143.43,A
OCOTEPEQUE,3,2026,23.64,A,,,,,13.83,A,0.75,A,3.06,E,136.18,B
PACURA AGUAN,4,2024,24.84,A,0.0,A,,,54.31,A,0.21,E,0.82,E,108.22,C
PACURA AGUAN,5,2024,24.97,A,0.0,A,,,53.21,A,0.37,D,1.43,E,108.52,C
PACURA AGUAN,6,2024,25.72,A,0.0,A,,,50.24,A,0.5,C,1.87,E,109.67,C
PACURA AGUAN,7,2024,25.68,A,0.0,A,,,49.75,A,0.54,B,2.03,E,108.94,C
PACURA AGUAN,8,2024,25.96,A,0.0,A,,,45.9,A,0.71,A,2.65,E,110.37,B
PACURA AGUAN,9,2024,27.22,A,0.0,A,,,42.95,A,0.89,A,3.14,E,111.17,B
PACURA AGUAN,10,2024,27.43,A,0.0,A,,,44.88,A,1.25,A,4.4,E,114.42,B
PACURA AGUAN,11,2024,25.26,A,0.0,A,,,40.86,A,1.35,A,5.15,E,114.31,B
PACURA AGUAN,12,2024,23.64,A,0.0,A,,,51.91,A,1.29,A,5.28,E,113.3,B
PACURA AGUAN,1,2025,26.56,A,0.0,A,,,49.68,A,1.36,A,4.95,E,112.7,B
PACURA AGUAN,2,2025,27.24,A,0.0,A,,,47.11,A,1.4,A,4.97,E,112.06,B
PACURA AGUAN,3,2025,27.31,A,0.0,A,,,45.61,A,0.23,E,0.82,E,108.06,C
PACURA AGUAN,4,2025,27.29,A,0.0,A,,,44.7,A,0.34,D,1.21,E,109.25,C
PACURA AGUAN,5,2025,27.36,A,0.0,A,,,43.28,A,0.15,E,0.55,E,103.13,C
PACURA AGUAN,6,2025,27.2,A,0.0,A,,,43.86,A,0.13,E,0.46,E,102.25,C
PACURA AGUAN,7,2025,26.34,A,0.0,A,,,47.13,A,0.3,E,1.09,E,104.53,C
PACURA AGUAN,8,2025,26.73,A,0.0,A,,,39.98,A,0.44,C,1.59,E,105.91,C
PACURA AGUAN,9,2025,27.21,A,0.0,A,,,41.15,A,0.58,B,2.06,E,106.99,C
PACURA AGUAN,10,2025,27.61,A,0.0,A,,,42.5,A,0.69,A,2.44,E,107.56,C
PACURA AGUAN,11,2025,27.5,A,0.0,A,,,44.75,A,0.74,A,2.63,E,107.33,C
PACURA AGUAN,12,2025,27.15,A,0.0,A,,,39.76,A,1.0,A,3.56,E,109.07,C
PACURA AGUAN,1,2026,26.13,A,0.0,A,,,43.31,A,0.13,E,0.48,E,114.33,B
PACURA AGUAN,2,2026,25.85,A,0.0,A,,,44.76,A,0.27,E,1.0,E,115.34,B
PACURA AGUAN,3,2026,25.0,A,,,,,53.22,A,0.27,E,1.07,E,110.88,B
PINALEJO,1,2019,0.0,E,38.18,E,0.0,E,,,0.01,E,,,100.92,C
PINALEJO,2,2019,0.0,E,37.45,E,0.0,E,,,0.09,E,,,103.35,C
PINALEJO,3,2019,0.0,E,44.53,E,0.0,E,,,0.0,E,,,100.08,C
PINALEJO,4,2019,0.0,E,46.03,E,0.0,E,,,0.0,E,,,100.05,C
PINALEJO,5,2019,0.0,E,40.55,E,0.0,E,,,0.0,E,,,100.08,C
PINALEJO,6,2019,0.0,E,39.32,E,0.0,E,,,0.01,E,,,100.09,C
PINALEJO,7,2019,0.0,E,39.15,E,0.0,E,,,0.01,E,,,100.09,C
PINALEJO,8,2019,0.0,E,36.94,E,0.0,E,,,0.0,E,,,100.04,C
PINALEJO,9,2019,0.0,E,40.36,E,0.0,E,,,0.0,E,,,100.01,C
PINALEJO,10,2019,0.0,E,42.97,E,0.0,E,,,0.01,E,,,100.05,C
PINALEJO,11,2019,0.0,E,39.52,E,0.0,E,,,0.0,E,,,100.03,C
PINALEJO,12,2019,0.0,E,39.51,E,0.0,E,,,0.01,E,,,100.05,C
PINALEJO,1,2020,0.0,E,40.72,E,0.0,E,,,0.02,E,,,101.35,C
PINALEJO,2,2020,0.0,E,39.09,E,0.0,E,,,0.0,E,,,100.05,C
PINALEJO,3,2020,0.0,E,42.58,E,0.0,E,,,0.0,E,,,100.06,C
PINALEJO,4,2020,0.0,E,37.18,E,0.0,E,,,0.01,E,,,100.16,C
PINALEJO,5,2020,0.0,E,40.55,E,0.0,E,,,0.0,E,,,100.08,C
PINALEJO,6,2020,0.0,E,48.58,E,0.0,E,,,0.01,E,,,100.11,C
PINALEJO,7,2020,0.0,E,41.41,E,0.0,E,,,0.02,E,,,100.24,C
PINALEJO,8,2020,0.0,E,40.81,E,0.0,E,,,0.02,E,,,100.21,C
PINALEJO,10,2020,0.0,E,32.44,E,0.0,E,,,0.04,E,,,100.28,C
PINALEJO,11,2020,0.0,E,34.05,E,0.0,E,,,0.03,E,,,100.17,C
PINALEJO,12,2020,0.0,E,32.18,E,0.0,E,,,0.03,E,,,100.18,C
PINALEJO,1,2021,0.0,E,30.98,E,0.0,E,,,0.0,E,,,100.15,C
PINALEJO,2,2021,0.0,E,33.21,E,0.0,E,,,0.01,E,,,100.28,C
PINALEJO,3,2021,0.0,E,32.79,E,0.0,E,,,0.01,E,,,100.36,C
PINALEJO,4,2021,0.0,E,33.06,E,0.0,E,,,0.01,E,,,100.16,C
PINALEJO,5,2021,0.0,E,32.13,E,0.0,E,,,0.01,E,,,100.11,C
PINALEJO,6,2021,0.0,E,29.38,E,0.0,E,,,0.01,E,,,100.11,C
PINALEJO,7,2021,0.0,E,28.37,E,0.0,E,,,0.01,E,,,100.08,C
PINALEJO,8,2021,0.0,E,30.8,E,0.0,E,,,0.0,E,,,100.04,C
PINALEJO,9,2021,0.0,E,30.13,E,0.0,E,,,0.01,E,,,100.12,C
PINALEJO,10,2021,0.0,E,30.19,E,0.0,E,,,0.02,E,,,100.13,C
PINALEJO,11,2021,0.0,E,27.51,E,0.0,E,,,0.03,E,,,100.21,C
PINALEJO,12,2021,0.0,E,27.54,E,0.0,E,,,0.01,E,,,100.07,C
PINALEJO,1,2022,0.0,E,27.07,E,0.0,E,,,0.01,E,,,100.78,C
PINALEJO,2,2022,0.0,E,27.1,E,0.0,E,,,0.01,E,,,100.29,C
PINALEJO,3,2022,0.0,E,29.08,E,0.0,E,,,0.01,E,,,100.24,C
PINALEJO,4,2022,0.0,E,29.24,E,0.0,E,,,0.01,E,,,100.2,C
PINALEJO,5,2022,0.0,E,25.24,E,0.0,E,,,0.01,E,,,100.12,C
PINALEJO,6,2022,0.0,E,24.45,E,0.0,E,,,0.04,E,,,100.59,C
PINALEJO,7,2022,0.0,E,23.59,E,0.0,E,,,0.06,E,,,100.75,C
PINALEJO,8,2022,0.0,E,22.95,E,0.0,E,,,0.06,E,,,100.7,C
PINALEJO,9,2022,0.0,E,21.17,E,0.0,E,,,0.07,E,,,100.67,C
PINALEJO,10,2022,0.0,E,24.36,E,0.0,E,,,0.06,E,,,100.57,C
PINALEJO,11,2022,0.0,E,24.57,E,0.0,E,,,0.06,E,,,100.5,C
PINALEJO,12,2022,0.0,E,24.38,E,0.0,E,,,0.06,E,,,100.45,C
PINALEJO,1,2023,0.0,E,26.3,E,0.0,E,,,0.01,E,,,100.65,C
PINALEJO,2,2023,0.0,E,23.35,E,0.0,E,,,0.03,E,,,101.2,C
PINALEJO,3,2023,0.0,E,23.96,E,0.0,E,,,0.03,E,,,100.82,C
PINALEJO,4,2023,0.0,E,23.89,E,0.0,E,,,0.03,E,,,100.56,C
PINALEJO,5,2023,0.0,E,19.4,E,0.0,E,,,0.07,E,,,101.23,C
PINALEJO,6,2023,0.0,E,20.27,E,0.0,E,,,0.04,E,,,100.65,C
PINALEJO,7,2023,0.0,E,18.85,E,0.0,E,,,0.09,E,,,101.13,C
PINALEJO,8,2023,0.0,E,19.85,E,0.0,E,,,0.06,E,,,100.64,C
PINALEJO,9,2023,0.0,E,20.37,E,0.0,E,,,0.06,E,,,100.63,C
PINALEJO,10,2023,0.0,E,19.23,E,0.0,E,,,0.08,E,,,100.76,C
PINALEJO,11,2023,0.0,E,19.23,E,0.0,E,,,0.08,E,,,100.62,C
PINALEJO,12,2023,0.0,E,19.19,E,0.0,E,,,0.07,E,,,100.57,C
PINALEJO,1,2024,0.0,E,19.71,E,0.0,E,,,0.0,E,,,100.5,C
PINALEJO,2,2024,0.0,E,19.13,E,0.0,E,,,0.0,E,,,100.22,C
PINALEJO,3,2024,31.66,A,18.35,E,118.95,B,10.66,B,0.01,E,0.02,E,100.26,C
PINALEJO,4,2024,32.09,A,20.94,E,106.55,B,9.09,B,0.04,E,0.11,E,101.29,C
PINALEJO,5,2024,33.26,A,19.81,E,121.25,B,9.47,B,0.04,E,0.12,E,101.09,C
PINALEJO,6,2024,32.78,A,21.24,E,113.68,B,10.59,B,0.05,E,0.13,E,101.06,C
PINALEJO,7,2024,32.7,A,18.97,E,121.17,B,11.27,B,0.06,E,0.16,E,101.05,C
PINALEJO,8,2024,32.27,A,18.2,E,123.64,B,12.33,A,0.06,E,0.17,E,100.99,C
PINALEJO,9,2024,32.62,A,18.24,E,121.32,B,10.57,B,0.07,E,0.2,E,101.03,C
PINALEJO,10,2024,32.46,A,15.82,E,121.86,B,15.3,A,0.08,E,0.23,E,100.91,C
PINALEJO,11,2024,32.4,A,15.47,E,115.07,B,11.95,A,0.05,E,0.14,E,100.52,C
PINALEJO,12,2024,33.06,A,14.75,E,123.98,B,13.96,A,0.1,E,0.27,E,100.92,C
PINALEJO,1,2025,33.05,A,16.22,E,112.02,B,16.35,A,0.0,E,0.01,E,100.4,C
PINALEJO,2,2025,32.49,A,14.49,E,124.46,B,8.83,C,0.02,E,0.06,E,101.12,C
PINALEJO,3,2025,32.36,A,15.65,E,115.84,B,9.47,B,0.03,E,0.07,E,100.9,C
PINALEJO,4,2025,32.41,A,15.09,E,122.04,B,10.25,B,0.03,E,0.08,E,100.79,C
PINALEJO,5,2025,32.64,A,14.43,E,126.56,B,9.64,B,0.03,E,0.1,E,100.74,C
PINALEJO,6,2025,31.54,A,14.45,E,127.49,B,10.93,B,0.03,E,0.1,E,100.65,C
PINALEJO,7,2025,31.14,A,13.87,E,131.82,A,12.25,A,0.04,E,0.11,E,100.6,C
PINALEJO,8,2025,30.54,A,13.45,E,131.72,A,13.22,A,0.04,E,0.13,E,100.61,C
PINALEJO,9,2025,30.73,A,13.41,E,132.59,A,12.38,A,0.05,E,0.14,E,100.58,C
PINALEJO,10,2025,31.09,A,10.36,E,177.43,A,15.45,A,0.06,E,0.18,E,100.66,C
PINALEJO,11,2025,31.05,A,12.23,E,142.81,A,15.48,A,0.07,E,0.22,E,100.75,C
PINALEJO,12,2025,30.98,A,12.05,E,148.51,A,13.63,A,0.03,E,0.09,E,100.27,C
PINALEJO,1,2026,31.07,A,11.98,E,147.26,A,14.03,A,0.0,E,0.01,E,100.57,C
PINALEJO,2,2026,30.42,A,12.7,E,138.9,A,19.71,A,0.01,E,0.02,E,100.35,C
PINALEJO,3,2026,30.02,A,,,,,23.68,A,0.0,E,0.0,E,100.03,C
EL PORVENIR,9,2021,,,,,,,,,,,,,,
EL PORVENIR,12,2021,0.0,E,23.7,E,0.0,E,,,0.6,B,,,105.18,C
EL PORVENIR,1,2022,0.0,E,22.22,E,0.0,E,,,0.71,A,,,226.53,A
EL PORVENIR,2,2022,0.0,E,21.45,E,0.0,E,,,1.13,A,,,214.86,A
EL PORVENIR,3,2022,0.0,E,26.75,E,0.0,E,,,1.61,A,,,208.3,A
EL PORVENIR,4,2022,0.0,E,24.7,E,0.0,E,,,2.07,A,,,201.48,A
EL PORVENIR,5,2022,0.0,E,23.5,E,0.0,E,,,2.1,A,,,173.96,A
EL PORVENIR,6,2022,0.0,E,23.14,E,0.0,E,,,0.87,A,,,118.42,B
EL PORVENIR,7,2022,0.0,E,53.2,E,0.0,E,,,1.67,A,,,131.95,B
EL PORVENIR,8,2022,0.0,E,53.04,E,0.0,E,,,1.14,A,,,117.53,B
EL PORVENIR,9,2022,0.0,E,42.51,E,0.0,E,,,1.9,A,,,126.61,B
EL PORVENIR,10,2022,0.0,E,47.1,E,0.0,E,,,1.75,A,,,122.81,B
EL PORVENIR,11,2022,0.0,E,48.91,E,0.0,E,,,1.67,A,,,120.66,B
EL PORVENIR,12,2022,0.0,E,50.35,E,0.0,E,,,0.66,A,,,106.7,C
EL PORVENIR,1,2023,0.0,E,49.85,E,0.0,E,,,0.26,E,,,134.89,B
EL PORVENIR,2,2023,0.0,E,50.16,E,0.0,E,,,0.3,D,,,120.52,B
EL PORVENIR,3,2023,0.0,E,42.02,E,0.0,E,,,0.3,E,,,112.92,B
EL PORVENIR,4,2023,0.0,E,44.43,E,0.0,E,,,0.18,E,,,106.02,C
EL PORVENIR,5,2023,0.0,E,44.23,E,0.0,E,,,0.29,E,,,107.97,C
EL PORVENIR,6,2023,0.0,E,42.52,E,0.0,E,,,0.32,D,,,107.39,C
EL PORVENIR,7,2023,0.0,E,38.8,E,0.0,E,,,0.48,C,,,109.7,C
EL PORVENIR,8,2023,0.0,E,40.32,E,0.0,E,,,0.65,A,,,111.77,B
EL PORVENIR,9,2023,0.0,E,44.57,E,0.0,E,,,0.81,A,,,113.4,B
EL PORVENIR,10,2023,0.0,E,38.35,E,0.0,E,,,1.22,A,,,118.48,B
EL PORVENIR,11,2023,0.0,E,37.07,E,0.0,E,,,1.55,A,,,121.7,B
EL PORVENIR,12,2023,0.0,E,44.18,E,0.0,E,,,1.38,A,,,117.24,B
EL PORVENIR,1,2024,0.0,E,42.21,E,0.0,E,,,0.26,E,,,144.82,A
EL PORVENIR,2,2024,0.0,E,46.99,E,0.0,E,,,0.45,C,,,140.05,B
EL PORVENIR,3,2024,49.35,A,48.34,E,7.14,E,30.23,A,0.55,B,1.09,E,129.67,B
EL PORVENIR,4,2024,50.08,A,49.79,E,7.25,E,33.52,A,1.99,A,3.89,E,183.66,A
EL PORVENIR,5,2024,49.73,A,44.25,E,8.68,E,38.66,A,2.08,A,4.08,E,167.5,A
EL PORVENIR,6,2024,49.4,A,48.71,E,8.34,E,43.76,A,2.23,A,4.4,E,160.23,A
EL PORVENIR,7,2024,49.47,A,48.07,E,8.47,E,44.11,A,2.4,A,4.73,E,156.43,A
EL PORVENIR,8,2024,48.97,A,42.77,E,9.22,E,35.23,A,2.59,A,5.15,E,152.14,A
EL PORVENIR,9,2024,49.6,A,42.36,E,9.24,E,31.67,A,2.7,A,5.31,E,147.79,A
EL PORVENIR,10,2024,50.31,A,41.04,E,9.56,E,27.72,A,2.98,A,5.78,E,147.54,A
EL PORVENIR,11,2024,51.0,A,41.73,E,9.4,E,25.41,A,3.27,A,6.24,D,147.81,A
EL PORVENIR,12,2024,51.11,A,41.57,E,9.46,E,21.56,A,2.95,A,5.62,E,136.59,B
EL PORVENIR,1,2025,47.87,A,39.97,E,9.66,E,14.15,A,0.31,D,0.63,E,149.43,A
EL PORVENIR,2,2025,48.59,A,39.3,E,9.97,E,13.12,A,0.78,A,1.56,E,163.3,A
EL PORVENIR,3,2025,49.48,A,35.64,E,13.82,E,7.57,D,1.13,A,2.2,E,158.73,A
EL PORVENIR,4,2025,49.81,A,42.27,E,11.99,E,10.54,B,1.44,A,2.79,E,156.66,A
EL PORVENIR,5,2025,50.17,A,42.49,E,12.15,E,13.96,A,1.67,A,3.2,E,152.41,A
EL PORVENIR,6,2025,50.68,A,43.93,E,11.99,E,18.51,A,1.78,A,3.38,E,145.87,A
EL PORVENIR,7,2025,50.54,A,37.18,E,13.62,E,11.6,B,2.0,A,3.8,E,144.47,A
EL PORVENIR,8,2025,50.31,A,38.35,E,13.44,E,10.48,B,2.08,A,3.97,E,139.61,B
EL PORVENIR,9,2025,50.27,A,40.63,E,13.23,E,15.69,A,2.15,A,4.11,E,136.34,B
EL PORVENIR,10,2025,49.9,A,41.96,E,13.4,E,22.47,A,2.33,A,4.48,E,136.09,B
EL PORVENIR,11,2025,49.77,A,45.73,E,12.79,E,23.93,A,2.64,A,5.09,E,137.31,B
EL PORVENIR,12,2025,50.17,A,46.01,E,13.19,E,25.24,A,2.35,A,4.49,E,128.51,B
EL PORVENIR,1,2026,48.21,A,46.91,E,16.39,E,27.55,A,0.22,E,0.44,E,132.55,B
EL PORVENIR,2,2026,48.11,A,43.9,E,18.16,E,27.98,A,0.31,D,0.62,E,121.35,B
EL PORVENIR,3,2026,47.95,A,,,,,30.28,A,0.4,D,0.78,E,117.26,B
PROSPERIDAD,1,2019,0.0,E,21.97,E,0.0,E,,,-0.06,E,,,95.02,C
PROSPERIDAD,2,2019,0.0,E,19.47,E,0.0,E,,,0.12,E,,,105.35,C
PROSPERIDAD,3,2019,0.0,E,21.4,E,0.0,E,,,-0.3,E,,,92.04,D
PROSPERIDAD,4,2019,0.0,E,20.94,E,0.0,E,,,-0.52,E,,,90.13,D
PROSPERIDAD,5,2019,0.0,E,30.47,E,0.0,E,,,0.75,A,,,112.93,B
PROSPERIDAD,7,2019,0.0,E,23.76,E,0.0,E,,,0.74,A,,,108.41,C
PROSPERIDAD,8,2019,0.0,E,23.15,E,0.0,E,,,0.53,B,,,105.2,C
PROSPERIDAD,9,2019,0.0,E,19.77,E,0.0,E,,,0.55,B,,,104.88,C
PROSPERIDAD,10,2019,0.0,E,20.73,E,0.0,E,,,0.63,B,,,105.04,C
PROSPERIDAD,11,2019,0.0,E,17.44,E,0.0,E,,,0.79,A,,,105.7,C
PROSPERIDAD,12,2019,0.0,E,15.34,E,0.0,E,,,0.16,E,,,101.05,C
PROSPERIDAD,1,2020,0.0,E,17.53,E,0.0,E,,,0.11,E,,,108.89,C
PROSPERIDAD,2,2020,0.0,E,19.21,E,0.0,E,,,0.41,D,,,117.24,B
PROSPERIDAD,3,2020,0.0,E,24.17,E,0.0,E,,,0.62,B,,,118.13,B
PROSPERIDAD,4,2020,0.0,E,21.25,E,0.0,E,,,0.42,D,,,108.87,C
PROSPERIDAD,5,2020,0.0,E,30.47,E,0.0,E,,,0.75,A,,,112.93,B
PROSPERIDAD,6,2020,0.0,E,23.26,E,0.0,E,,,0.66,A,,,109.61,C
PROSPERIDAD,7,2020,0.0,E,21.35,E,0.0,E,,,0.77,A,,,109.78,C
PROSPERIDAD,8,2020,0.0,E,22.09,E,0.0,E,,,0.79,A,,,108.92,C
PROSPERIDAD,9,2020,0.0,E,22.15,E,0.0,E,,,0.62,B,,,106.13,C
PROSPERIDAD,10,2020,0.0,E,22.17,E,0.0,E,,,0.63,B,,,105.61,C
PROSPERIDAD,11,2020,0.0,E,25.46,E,0.0,E,,,0.26,E,,,102.09,C
PROSPERIDAD,12,2020,0.0,E,25.61,E,0.0,E,,,0.32,D,,,102.37,C
PROSPERIDAD,1,2021,0.0,E,23.94,E,0.0,E,,,0.36,D,,,137.93,B
PROSPERIDAD,2,2021,0.0,E,19.68,E,0.0,E,,,0.39,D,,,119.23,B
PROSPERIDAD,3,2021,0.0,E,19.73,E,0.0,E,,,0.33,D,,,110.15,B
PROSPERIDAD,4,2021,0.0,E,20.5,E,0.0,E,,,0.3,E,,,106.97,C
PROSPERIDAD,5,2021,0.0,E,21.12,E,0.0,E,,,0.26,E,,,104.85,C
PROSPERIDAD,6,2021,0.0,E,23.55,E,0.0,E,,,0.31,D,,,104.82,C
PROSPERIDAD,7,2021,0.0,E,23.6,E,0.0,E,,,0.32,D,,,104.31,C
PROSPERIDAD,8,2021,0.0,E,22.43,E,0.0,E,,,0.34,D,,,104.02,C
PROSPERIDAD,9,2021,0.0,E,19.39,E,0.0,E,,,0.27,E,,,102.82,C
PROSPERIDAD,10,2021,0.0,E,23.92,E,0.0,E,,,0.26,E,,,102.42,C
PROSPERIDAD,11,2021,0.0,E,23.68,E,0.0,E,,,0.22,E,,,101.87,C
PROSPERIDAD,12,2021,0.0,E,23.71,E,0.0,E,,,0.22,E,,,101.63,C
PROSPERIDAD,1,2022,0.0,E,21.53,E,0.0,E,,,0.35,D,,,130.42,B
PROSPERIDAD,2,2022,0.0,E,19.69,E,0.0,E,,,0.25,E,,,110.03,B
PROSPERIDAD,3,2022,0.0,E,26.95,E,0.0,E,,,0.05,E,,,101.46,C
PROSPERIDAD,4,2022,0.0,E,27.12,E,0.0,E,,,0.06,E,,,101.28,C
PROSPERIDAD,5,2022,0.0,E,32.33,E,0.0,E,,,0.08,E,,,101.23,C
PROSPERIDAD,6,2022,0.0,E,27.39,E,0.0,E,,,0.12,E,,,101.53,C
PROSPERIDAD,7,2022,0.0,E,25.12,E,0.0,E,,,0.14,E,,,101.57,C
PROSPERIDAD,8,2022,0.0,E,25.91,E,0.0,E,,,0.21,E,,,102.13,C
PROSPERIDAD,9,2022,0.0,E,20.24,E,0.0,E,,,0.29,E,,,102.55,C
PROSPERIDAD,10,2022,0.0,E,17.47,E,0.0,E,,,0.31,D,,,102.43,C
PROSPERIDAD,11,2022,0.0,E,19.78,E,0.0,E,,,0.16,E,,,101.17,C
PROSPERIDAD,12,2022,0.0,E,14.57,E,0.0,E,,,0.18,E,,,101.14,C
PROSPERIDAD,1,2023,0.0,E,17.66,E,0.0,E,,,0.04,E,,,102.93,C
PROSPERIDAD,2,2023,0.0,E,20.41,E,0.0,E,,,0.01,E,,,100.48,C
PROSPERIDAD,3,2023,0.0,E,22.15,E,0.0,E,,,0.01,E,,,100.23,C
PROSPERIDAD,4,2023,0.0,E,19.22,E,0.0,E,,,-0.31,E,,,94.59,C
PROSPERIDAD,5,2023,0.0,E,18.96,E,0.0,E,,,0.0,E,,,100.05,C
PROSPERIDAD,6,2023,0.0,E,17.26,E,0.0,E,,,0.17,E,,,102.11,C
PROSPERIDAD,7,2023,0.0,E,21.24,E,0.0,E,,,0.17,E,,,101.88,C
PROSPERIDAD,8,2023,0.0,E,26.25,E,0.0,E,,,0.13,E,,,101.2,C
PROSPERIDAD,9,2023,0.0,E,15.19,E,0.0,E,,,0.25,E,,,102.15,C
PROSPERIDAD,10,2023,0.0,E,17.32,E,0.0,E,,,0.31,D,,,102.38,C
PROSPERIDAD,11,2023,0.0,E,15.31,E,0.0,E,,,0.28,E,,,101.97,C
PROSPERIDAD,12,2023,0.0,E,13.06,E,0.0,E,,,0.31,D,,,101.96,C
PROSPERIDAD,1,2024,0.0,E,13.14,E,0.0,E,,,0.11,E,,,108.63,C
PROSPERIDAD,2,2024,0.0,E,14.64,E,0.0,E,,,0.24,E,,,109.97,C
PROSPERIDAD,3,2024,67.25,A,14.69,E,93.19,C,13.6,A,0.37,D,0.5,E,111.07,B
PROSPERIDAD,4,2024,67.69,A,17.43,E,78.73,D,13.69,A,0.32,D,0.43,E,106.95,C
PROSPERIDAD,5,2024,67.87,A,18.22,E,77.63,D,24.01,A,0.36,D,0.48,E,106.27,C
PROSPERIDAD,6,2024,67.73,A,16.79,E,85.31,C,27.01,A,0.42,D,0.56,E,105.95,C
PROSPERIDAD,7,2024,67.75,A,22.9,E,63.46,D,26.78,A,0.5,C,0.66,E,105.97,C
PROSPERIDAD,8,2024,67.98,A,19.6,E,75.27,D,27.96,A,0.53,B,0.7,E,105.47,C
PROSPERIDAD,9,2024,68.58,A,16.42,E,89.04,C,20.84,A,0.51,B,0.67,E,104.64,C
PROSPERIDAD,10,2024,68.7,A,20.49,E,70.63,D,14.38,A,0.45,C,0.58,E,103.59,C
PROSPERIDAD,11,2024,68.4,A,21.97,E,65.83,D,9.91,B,0.33,D,0.43,E,102.39,C
PROSPERIDAD,12,2024,69.22,A,38.87,E,37.23,E,16.58,A,0.61,B,0.79,E,104.02,C
PROSPERIDAD,1,2025,68.5,A,36.45,E,39.35,E,12.16,A,-0.38,E,-0.49,E,68.98,D
PROSPERIDAD,2,2025,68.31,A,34.5,E,41.54,E,8.33,C,-0.7,E,-0.92,E,72.04,D
PROSPERIDAD,3,2025,67.9,A,30.86,E,46.5,E,6.78,D,-0.93,E,-1.23,E,74.76,D
PROSPERIDAD,4,2025,67.43,A,34.06,E,41.96,E,7.61,D,-1.34,E,-1.78,E,72.67,D
PROSPERIDAD,5,2025,67.17,A,27.79,E,51.28,E,10.72,B,-1.61,E,-2.14,E,74.39,D
PROSPERIDAD,6,2025,67.26,A,28.99,E,50.04,E,15.18,A,-1.7,E,-2.25,E,77.73,D
PROSPERIDAD,7,2025,68.7,A,29.46,E,51.4,E,9.51,B,-2.03,E,-2.62,E,77.89,D
PROSPERIDAD,8,2025,68.26,A,35.07,E,42.7,E,5.34,E,-2.13,E,-2.77,E,79.51,D
PROSPERIDAD,9,2025,68.08,A,35.62,E,41.92,E,3.93,E,-2.17,E,-2.82,E,81.51,D
PROSPERIDAD,10,2025,67.74,A,29.7,E,50.5,E,2.94,E,-2.39,E,-3.13,E,81.55,D
PROSPERIDAD,11,2025,67.75,A,30.37,E,49.57,E,5.97,D,-1.82,E,-2.38,E,86.83,D
PROSPERIDAD,1,2026,68.97,A,33.22,E,47.8,E,20.55,A,-0.07,E,-0.09,E,94.02,C
PROSPERIDAD,2,2026,68.54,A,31.6,E,51.38,E,23.74,A,-0.21,E,-0.26,E,90.84,D
PROSPERIDAD,3,2026,68.04,A,,,,,22.93,A,-0.68,E,-0.89,E,81.45,D
RIO GRANDE,1,2019,0.0,E,2.76,B,0.0,E,,,0.25,E,,,129.3,B
RIO GRANDE,2,2019,0.0,E,2.92,B,0.0,E,,,0.48,C,,,129.16,B
RIO GRANDE,3,2019,0.0,E,3.29,B,0.0,E,,,0.76,A,,,131.15,B
RIO GRANDE,4,2019,0.0,E,4.36,B,0.0,E,,,1.04,A,,,131.63,B
RIO GRANDE,5,2019,0.0,E,1.06,A,0.0,E,,,1.25,A,,,133.42,B
RIO GRANDE,6,2019,0.0,E,3.87,B,0.0,E,,,1.58,A,,,132.5,B
RIO GRANDE,7,2019,0.0,E,2.68,B,0.0,E,,,1.79,A,,,131.81,B
RIO GRANDE,8,2019,0.0,E,2.58,B,0.0,E,,,1.98,A,,,131.07,B
RIO GRANDE,9,2019,0.0,E,3.33,B,0.0,E,,,2.15,A,,,130.09,B
RIO GRANDE,10,2019,0.0,E,2.89,B,0.0,E,,,2.3,A,,,129.21,B
RIO GRANDE,11,2019,0.0,E,2.6,B,0.0,E,,,2.44,A,,,127.97,B
RIO GRANDE,12,2019,0.0,E,1.76,A,0.0,E,,,0.99,A,,,109.08,C
RIO GRANDE,1,2020,0.0,E,2.13,A,0.0,E,,,0.27,E,,,134.21,B
RIO GRANDE,2,2020,0.0,E,4.2,B,0.0,E,,,0.5,B,,,132.11,B
RIO GRANDE,3,2020,0.0,E,9.53,D,0.0,E,,,0.72,A,,,130.51,B
RIO GRANDE,4,2020,0.0,E,2.55,B,0.0,E,,,0.99,A,,,131.93,B
RIO GRANDE,5,2020,0.0,E,1.06,A,0.0,E,,,1.25,A,,,133.42,B
RIO GRANDE,6,2020,0.0,E,1.09,A,0.0,E,,,1.51,A,,,134.0,B
RIO GRANDE,7,2020,0.0,E,0.9,A,0.0,E,,,1.73,A,,,134.2,B
RIO GRANDE,8,2020,0.0,E,0.82,A,0.0,E,,,2.03,A,,,135.98,B
RIO GRANDE,9,2020,0.0,E,0.73,A,0.0,E,,,2.27,A,,,136.25,B
RIO GRANDE,10,2020,0.0,E,1.02,A,0.0,E,,,2.54,A,,,136.64,B
RIO GRANDE,11,2020,0.0,E,1.11,A,0.0,E,,,2.74,A,,,136.19,B
RIO GRANDE,12,2020,0.0,E,0.8,A,0.0,E,,,2.2,A,,,124.24,B
RIO GRANDE,1,2021,0.0,E,2.5,B,0.0,E,,,0.31,D,,,144.91,A
RIO GRANDE,2,2021,0.0,E,1.92,A,0.0,E,,,0.56,B,,,140.04,B
RIO GRANDE,3,2021,0.0,E,1.83,A,0.0,E,,,0.8,A,,,138.43,B
RIO GRANDE,4,2021,0.0,E,2.06,A,0.0,E,,,1.07,A,,,138.46,B
RIO GRANDE,5,2021,0.0,E,1.83,A,0.0,E,,,1.35,A,,,138.91,B
RIO GRANDE,6,2021,0.0,E,1.7,A,0.0,E,,,1.64,A,,,139.51,B
RIO GRANDE,7,2021,0.0,E,1.94,A,0.0,E,,,1.94,A,,,140.12,B
RIO GRANDE,8,2021,0.0,E,1.28,A,0.0,E,,,2.27,A,,,141.22,B
RIO GRANDE,9,2021,0.0,E,1.03,A,0.0,E,,,2.55,A,,,141.07,B
RIO GRANDE,10,2021,0.0,E,1.31,A,0.0,E,,,2.78,A,,,140.39,B
RIO GRANDE,11,2021,0.0,E,1.02,A,0.0,E,,,3.02,A,,,139.74,B
RIO GRANDE,12,2021,0.0,E,0.82,A,0.0,E,,,3.05,A,,,137.09,B
RIO GRANDE,1,2022,0.0,E,1.15,A,0.0,E,,,0.35,D,,,156.78,A
RIO GRANDE,2,2022,0.0,E,1.1,A,0.0,E,,,0.67,A,,,154.07,A
RIO GRANDE,3,2022,0.0,E,1.22,A,0.0,E,,,0.94,A,,,150.48,A
RIO GRANDE,4,2022,0.0,E,1.91,A,0.0,E,,,1.2,A,,,146.25,A
RIO GRANDE,5,2022,0.0,E,1.3,A,0.0,E,,,1.45,A,,,144.32,A
RIO GRANDE,6,2022,0.0,E,2.73,B,0.0,E,,,1.67,A,,,142.03,B
RIO GRANDE,7,2022,0.0,E,2.25,A,0.0,E,,,1.84,A,,,139.69,B
RIO GRANDE,8,2022,0.0,E,1.61,A,0.0,E,,,2.06,A,,,137.96,B
RIO GRANDE,9,2022,0.0,E,0.92,A,0.0,E,,,2.2,A,,,136.28,B
RIO GRANDE,10,2022,0.0,E,1.9,A,0.0,E,,,2.35,A,,,135.25,B
RIO GRANDE,11,2022,0.0,E,1.15,A,0.0,E,,,2.56,A,,,134.87,B
RIO GRANDE,12,2022,0.0,E,1.02,A,0.0,E,,,2.64,A,,,132.61,B
RIO GRANDE,1,2023,0.0,E,0.98,A,0.0,E,,,0.29,E,,,143.88,A
RIO GRANDE,2,2023,0.0,E,1.08,A,0.0,E,,,0.6,B,,,146.73,A
RIO GRANDE,3,2023,0.0,E,1.11,A,0.0,E,,,0.89,A,,,145.52,A
RIO GRANDE,4,2023,0.0,E,1.53,A,0.0,E,,,1.22,A,,,147.28,A
RIO GRANDE,5,2023,0.0,E,1.47,A,0.0,E,,,1.54,A,,,146.33,A
RIO GRANDE,6,2023,0.0,E,1.3,A,0.0,E,,,1.86,A,,,146.84,A
RIO GRANDE,7,2023,0.0,E,2.04,A,0.0,E,,,2.14,A,,,146.0,A
RIO GRANDE,8,2023,0.0,E,1.79,A,0.0,E,,,2.43,A,,,145.21,A
RIO GRANDE,9,2023,0.0,E,2.01,A,0.0,E,,,2.66,A,,,143.35,A
RIO GRANDE,10,2023,0.0,E,2.04,A,0.0,E,,,2.82,A,,,141.04,B
RIO GRANDE,11,2023,0.0,E,1.91,A,0.0,E,,,3.02,A,,,140.24,B
RIO GRANDE,12,2023,0.0,E,0.8,A,0.0,E,,,1.38,A,,,113.92,B
RIO GRANDE,1,2024,0.0,E,1.36,A,0.0,E,,,0.25,E,,,134.52,B
RIO GRANDE,2,2024,0.0,E,1.25,A,0.0,E,,,0.5,C,,,133.27,B
RIO GRANDE,3,2024,32.31,A,1.91,A,165.58,A,10.66,B,0.68,A,2.07,E,132.94,B
RIO GRANDE,4,2024,32.17,A,2.75,B,115.05,B,12.09,A,0.9,A,2.73,E,132.05,B
RIO GRANDE,5,2024,32.18,A,1.88,A,166.75,A,10.57,B,1.12,A,3.41,E,131.46,B
RIO GRANDE,6,2024,32.49,A,1.42,A,220.84,A,10.26,B,1.34,A,4.02,E,130.77,B
RIO GRANDE,7,2024,32.42,A,2.79,B,110.64,B,10.53,B,1.54,A,4.66,E,130.49,B
RIO GRANDE,8,2024,32.61,A,2.58,B,118.15,B,8.89,C,1.72,A,5.15,E,129.33,B
RIO GRANDE,9,2024,32.68,A,2.83,B,106.88,B,7.96,C,1.85,A,5.54,E,128.01,B
RIO GRANDE,10,2024,32.72,A,2.58,B,116.09,B,6.91,D,2.01,A,5.99,E,127.27,B
RIO GRANDE,11,2024,32.68,A,1.92,A,153.04,A,5.84,D,2.15,A,6.43,D,126.42,B
RIO GRANDE,12,2024,32.74,A,1.72,A,163.82,A,6.43,D,2.27,A,6.8,D,125.74,B
RIO GRANDE,1,2025,32.17,A,2.23,A,125.48,B,9.8,B,0.28,E,0.85,E,139.71,B
RIO GRANDE,2,2025,31.66,A,2.21,A,127.57,B,9.69,B,0.5,C,1.55,E,134.9,B
RIO GRANDE,3,2025,31.57,A,2.17,A,132.12,A,12.01,A,0.73,A,2.26,E,133.82,B
RIO GRANDE,4,2025,31.16,A,2.38,A,122.93,B,10.72,B,0.95,A,2.97,E,132.78,B
RIO GRANDE,5,2025,31.22,A,2.61,B,111.0,B,9.78,B,1.16,A,3.64,E,131.69,B
RIO GRANDE,6,2025,31.04,A,2.37,A,122.92,B,12.14,A,1.37,A,4.32,E,131.27,B
RIO GRANDE,7,2025,30.82,A,2.48,A,117.49,B,12.5,A,1.55,A,4.92,E,130.42,B
RIO GRANDE,8,2025,30.82,A,2.75,B,106.78,B,8.7,C,1.77,A,5.61,E,130.37,B
RIO GRANDE,9,2025,31.01,A,2.75,B,104.44,B,8.8,C,1.93,A,6.1,D,129.3,B
RIO GRANDE,10,2025,30.58,A,2.15,A,138.65,A,9.63,B,2.01,A,6.43,D,127.39,B
RIO GRANDE,11,2025,30.43,A,1.99,A,149.32,A,8.38,C,2.18,A,7.02,D,127.25,B
RIO GRANDE,12,2025,30.12,A,1.97,A,158.01,A,10.7,B,2.2,A,7.16,D,125.26,B
RIO GRANDE,1,2026,28.85,A,2.57,B,119.99,B,10.68,B,0.2,E,0.69,E,127.35,B
RIO GRANDE,2,2026,28.22,A,2.22,A,138.22,A,11.15,B,0.35,D,1.23,E,123.83,B
RIO GRANDE,3,2026,27.97,A,,,,,11.1,B,0.49,C,1.72,E,122.11,B
SAGRADA FAMILIA,1,2019,0.0,E,9.27,D,0.0,E,,,0.16,E,,,112.09,B
SAGRADA FAMILIA,2,2019,0.0,E,9.86,D,0.0,E,,,0.26,E,,,109.82,C
SAGRADA FAMILIA,3,2019,0.0,E,9.26,D,0.0,E,,,0.37,D,,,109.82,C
SAGRADA FAMILIA,4,2019,0.0,E,10.12,E,0.0,E,,,0.55,B,,,110.8,B
SAGRADA FAMILIA,5,2019,0.0,E,8.9,D,0.0,E,,,0.74,A,,,112.56,B
SAGRADA FAMILIA,6,2019,0.0,E,9.65,D,0.0,E,,,1.55,A,,,120.82,B
SAGRADA FAMILIA,7,2019,0.0,E,9.21,D,0.0,E,,,1.76,A,,,120.22,B
SAGRADA FAMILIA,8,2019,0.0,E,8.17,D,0.0,E,,,2.0,A,,,120.5,B
SAGRADA FAMILIA,9,2019,0.0,E,12.29,E,0.0,E,,,2.21,A,,,120.32,B
SAGRADA FAMILIA,10,2019,0.0,E,12.62,E,0.0,E,,,2.49,A,,,121.06,B
SAGRADA FAMILIA,11,2019,0.0,E,9.02,D,0.0,E,,,2.58,A,,,119.78,B
SAGRADA FAMILIA,12,2019,0.0,E,8.33,D,0.0,E,,,0.99,A,,,106.15,C
SAGRADA FAMILIA,1,2020,0.0,E,8.1,D,0.0,E,,,0.21,E,,,116.89,B
SAGRADA FAMILIA,2,2020,0.0,E,8.96,D,0.0,E,,,0.43,C,,,117.39,B
SAGRADA FAMILIA,3,2020,0.0,E,12.54,E,0.0,E,,,0.6,B,,,116.21,B
SAGRADA FAMILIA,4,2020,0.0,E,6.98,C,0.0,E,,,0.68,A,,,113.88,B
SAGRADA FAMILIA,5,2020,0.0,E,8.9,D,0.0,E,,,0.74,A,,,112.56,B
SAGRADA FAMILIA,6,2020,0.0,E,11.78,E,0.0,E,,,0.82,A,,,111.71,B
SAGRADA FAMILIA,7,2020,0.0,E,12.27,E,0.0,E,,,0.86,A,,,110.75,B
SAGRADA FAMILIA,8,2020,0.0,E,9.99,D,0.0,E,,,0.88,A,,,109.94,C
SAGRADA FAMILIA,9,2020,0.0,E,6.97,C,0.0,E,,,0.95,A,,,109.53,C
SAGRADA FAMILIA,10,2020,0.0,E,6.33,C,0.0,E,,,1.05,A,,,109.41,C
SAGRADA FAMILIA,11,2020,0.0,E,6.13,C,0.0,E,,,1.13,A,,,109.25,C
SAGRADA FAMILIA,12,2020,0.0,E,5.52,C,0.0,E,,,0.52,B,,,103.7,C
SAGRADA FAMILIA,1,2021,0.0,E,6.37,C,0.0,E,,,0.1,E,,,108.27,C
SAGRADA FAMILIA,2,2021,0.0,E,6.48,C,0.0,E,,,0.18,E,,,107.96,C
SAGRADA FAMILIA,3,2021,0.0,E,6.72,C,0.0,E,,,0.28,E,,,107.93,C
SAGRADA FAMILIA,4,2021,0.0,E,7.45,D,0.0,E,,,0.41,D,,,108.81,C
SAGRADA FAMILIA,5,2021,0.0,E,7.69,D,0.0,E,,,0.56,B,,,109.68,C
SAGRADA FAMILIA,6,2021,0.0,E,7.88,D,0.0,E,,,0.71,A,,,110.46,B
SAGRADA FAMILIA,7,2021,0.0,E,8.26,D,0.0,E,,,0.86,A,,,111.01,B
SAGRADA FAMILIA,8,2021,0.0,E,8.27,D,0.0,E,,,1.02,A,,,111.44,B
SAGRADA FAMILIA,9,2021,0.0,E,8.07,D,0.0,E,,,1.12,A,,,111.42,B
SAGRADA FAMILIA,10,2021,0.0,E,7.58,D,0.0,E,,,1.25,A,,,111.45,B
SAGRADA FAMILIA,11,2021,0.0,E,7.64,D,0.0,E,,,1.37,A,,,111.48,B
SAGRADA FAMILIA,12,2021,0.0,E,7.06,D,0.0,E,,,0.53,B,,,103.78,C
SAGRADA FAMILIA,1,2022,0.0,E,7.4,D,0.0,E,,,0.15,E,,,114.0,B
SAGRADA FAMILIA,2,2022,0.0,E,8.07,D,0.0,E,,,0.26,E,,,112.67,B
SAGRADA FAMILIA,3,2022,0.0,E,8.32,D,0.0,E,,,0.39,D,,,112.48,B
SAGRADA FAMILIA,4,2022,0.0,E,8.32,D,0.0,E,,,0.39,D,,,112.48,B
SAGRADA FAMILIA,5,2022,0.0,E,9.09,D,0.0,E,,,0.62,B,,,112.09,B
SAGRADA FAMILIA,6,2022,0.0,E,9.36,D,0.0,E,,,0.71,A,,,111.76,B
SAGRADA FAMILIA,7,2022,0.0,E,9.1,D,0.0,E,,,0.83,A,,,111.99,B
SAGRADA FAMILIA,8,2022,0.0,E,8.76,D,0.0,E,,,1.0,A,,,112.73,B
SAGRADA FAMILIA,9,2022,0.0,E,8.98,D,0.0,E,,,1.14,A,,,112.94,B
SAGRADA FAMILIA,10,2022,0.0,E,8.93,D,0.0,E,,,1.28,A,,,113.14,B
SAGRADA FAMILIA,11,2022,0.0,E,8.72,D,0.0,E,,,1.37,A,,,112.76,B
SAGRADA FAMILIA,12,2022,0.0,E,7.86,D,0.0,E,,,0.54,B,,,104.17,C
SAGRADA FAMILIA,1,2023,0.0,E,8.37,D,0.0,E,,,0.09,E,,,109.33,C
SAGRADA FAMILIA,2,2023,0.0,E,9.17,D,0.0,E,,,0.19,E,,,109.23,C
SAGRADA FAMILIA,3,2023,0.0,E,9.3,D,0.0,E,,,0.3,E,,,109.45,C
SAGRADA FAMILIA,4,2023,0.0,E,9.2,D,0.0,E,,,0.4,D,,,109.87,C
SAGRADA FAMILIA,5,2023,0.0,E,9.48,D,0.0,E,,,0.54,B,,,110.77,B
SAGRADA FAMILIA,6,2023,0.0,E,8.95,D,0.0,E,,,0.64,B,,,110.54,B
SAGRADA FAMILIA,7,2023,0.0,E,8.99,D,0.0,E,,,0.79,A,,,111.39,B
SAGRADA FAMILIA,8,2023,0.0,E,8.89,D,0.0,E,,,0.94,A,,,111.9,B
SAGRADA FAMILIA,9,2023,0.0,E,9.11,D,0.0,E,,,1.08,A,,,112.2,B
SAGRADA FAMILIA,10,2023,0.0,E,9.04,D,0.0,E,,,1.24,A,,,112.67,B
SAGRADA FAMILIA,11,2023,0.0,E,9.05,D,0.0,E,,,1.41,A,,,113.1,B
SAGRADA FAMILIA,12,2023,0.0,E,9.19,D,0.0,E,,,0.42,D,,,103.27,C
SAGRADA FAMILIA,1,2024,0.0,E,9.65,D,0.0,E,,,0.08,E,,,108.31,C
SAGRADA FAMILIA,2,2024,0.0,E,9.41,D,0.0,E,,,0.18,E,,,108.86,C
SAGRADA FAMILIA,3,2024,44.31,A,9.62,D,110.1,B,6.81,D,0.27,E,0.55,E,109.34,C
SAGRADA FAMILIA,4,2024,44.25,A,9.92,D,107.22,B,6.56,D,0.37,D,0.76,E,109.61,C
SAGRADA FAMILIA,5,2024,44.11,A,9.55,D,111.59,B,7.09,D,0.5,B,1.05,E,110.52,B
SAGRADA FAMILIA,6,2024,43.79,A,9.09,D,116.16,B,9.3,B,0.6,B,1.27,E,110.61,B
SAGRADA FAMILIA,7,2024,43.8,A,9.3,D,113.31,B,5.21,E,0.7,A,1.48,E,110.51,B
SAGRADA FAMILIA,8,2024,43.79,A,8.81,D,117.75,B,5.29,E,0.75,A,1.59,E,109.84,C
SAGRADA FAMILIA,9,2024,43.98,A,9.27,D,112.52,B,9.55,B,0.82,A,1.72,E,109.49,C
SAGRADA FAMILIA,10,2024,44.03,A,8.93,D,114.57,B,4.35,E,0.93,A,1.93,E,109.57,C
SAGRADA FAMILIA,11,2024,44.27,A,8.88,D,115.48,B,6.16,D,1.04,A,2.16,E,109.79,C
SAGRADA FAMILIA,12,2024,44.16,A,8.74,D,119.34,B,5.9,D,0.36,D,0.75,E,102.89,C
SAGRADA FAMILIA,1,2025,44.3,A,8.99,D,116.33,B,6.42,D,0.12,E,0.25,E,112.28,B
SAGRADA FAMILIA,2,2025,44.1,A,8.72,D,120.55,B,6.94,D,0.22,E,0.47,E,111.52,B
SAGRADA FAMILIA,3,2025,43.92,A,8.54,D,120.7,B,6.11,D,0.39,D,0.82,E,113.35,B
SAGRADA FAMILIA,4,2025,43.8,A,8.78,D,117.13,B,6.24,D,0.48,C,1.0,E,112.26,B
SAGRADA FAMILIA,5,2025,43.53,A,8.16,D,127.24,B,8.35,C,0.69,A,1.46,E,114.32,B
SAGRADA FAMILIA,6,2025,43.27,A,8.17,D,128.42,B,12.81,A,0.89,A,1.88,E,115.81,B
SAGRADA FAMILIA,7,2025,42.82,A,8.49,D,124.75,B,11.49,B,0.89,A,1.9,E,113.43,B
SAGRADA FAMILIA,8,2025,42.42,A,8.76,D,121.5,B,13.26,A,0.95,A,2.05,E,112.67,B
SAGRADA FAMILIA,9,2025,42.01,A,8.78,D,121.79,B,11.54,B,1.02,A,2.23,E,112.16,B
SAGRADA FAMILIA,10,2025,41.76,A,8.97,D,120.44,B,8.2,C,1.07,A,2.34,E,111.41,B
SAGRADA FAMILIA,11,2025,41.65,A,8.76,D,123.78,B,9.03,B,1.1,A,2.43,E,110.76,B
SAGRADA FAMILIA,12,2025,41.78,A,9.1,D,119.6,B,10.58,B,0.47,C,1.03,E,103.9,C
SAGRADA FAMILIA,1,2026,41.54,A,9.41,D,115.76,B,9.42,B,0.14,E,0.31,E,114.69,B
SAGRADA FAMILIA,2,2026,41.26,A,9.36,D,116.16,B,10.64,B,0.23,E,0.5,E,111.94,B
SAGRADA FAMILIA,3,2026,40.83,A,,,,,10.78,B,0.41,D,0.92,E,114.7,B
SAN ANDRES,1,2019,0.0,E,25.45,E,0.0,E,,,0.2,E,,,128.88,B
SAN ANDRES,2,2019,0.0,E,24.35,E,0.0,E,,,0.29,E,,,119.54,B
SAN ANDRES,3,2019,0.0,E,23.45,E,0.0,E,,,0.53,B,,,123.81,B
SAN ANDRES,4,2019,0.0,E,23.93,E,0.0,E,,,0.32,D,,,110.63,B
SAN ANDRES,5,2019,0.0,E,29.3,E,0.0,E,,,0.57,B,,,119.16,B
SAN ANDRES,6,2019,0.0,E,24.35,E,0.0,E,,,0.67,A,,,115.02,B
SAN ANDRES,7,2019,0.0,E,22.82,E,0.0,E,,,0.78,A,,,114.89,B
SAN ANDRES,8,2019,0.0,E,17.85,E,0.0,E,,,1.25,A,,,119.55,B
SAN ANDRES,9,2019,0.0,E,16.77,E,0.0,E,,,1.22,A,,,117.03,B
SAN ANDRES,10,2019,0.0,E,13.97,E,0.0,E,,,1.45,A,,,118.33,B
SAN ANDRES,11,2019,0.0,E,17.21,E,0.0,E,,,1.39,A,,,115.68,B
SAN ANDRES,12,2019,0.0,E,11.29,E,0.0,E,,,1.03,A,,,109.79,C
SAN ANDRES,1,2020,0.0,E,14.24,E,0.0,E,,,0.33,D,,,148.62,A
SAN ANDRES,2,2020,0.0,E,14.48,E,0.0,E,,,0.68,A,,,147.57,A
SAN ANDRES,3,2020,0.0,E,15.93,E,0.0,E,,,0.53,B,,,126.43,B
SAN ANDRES,4,2020,0.0,E,22.45,E,0.0,E,,,0.49,C,,,119.02,B
SAN ANDRES,5,2020,0.0,E,29.3,E,0.0,E,,,0.57,B,,,119.16,B
SAN ANDRES,6,2020,0.0,E,27.95,E,0.0,E,,,0.72,A,,,121.08,B
SAN ANDRES,7,2020,0.0,E,16.97,E,0.0,E,,,0.93,A,,,123.23,B
SAN ANDRES,8,2020,0.0,E,14.08,E,0.0,E,,,1.3,A,,,128.44,B
SAN ANDRES,9,2020,0.0,E,12.58,E,0.0,E,,,1.37,A,,,126.68,B
SAN ANDRES,10,2020,0.0,E,11.93,E,0.0,E,,,1.18,A,,,124.1,B
SAN ANDRES,11,2020,0.0,E,10.07,E,0.0,E,,,1.4,A,,,126.36,B
SAN ANDRES,12,2020,0.0,E,9.3,D,0.0,E,,,0.71,A,,,110.49,B
SAN ANDRES,1,2021,0.0,E,8.95,D,0.0,E,,,0.32,D,,,181.38,A
SAN ANDRES,2,2021,0.0,E,8.58,D,0.0,E,,,0.79,A,,,188.42,A
SAN ANDRES,3,2021,0.0,E,28.51,E,0.0,E,,,0.96,A,,,168.62,A
SAN ANDRES,4,2021,0.0,E,27.97,E,0.0,E,,,0.93,A,,,144.05,A
SAN ANDRES,5,2021,0.0,E,28.46,E,0.0,E,,,1.44,A,,,156.55,A
SAN ANDRES,6,2021,0.0,E,25.21,E,0.0,E,,,1.6,A,,,149.96,A
SAN ANDRES,7,2021,0.0,E,28.22,E,0.0,E,,,1.96,A,,,151.3,A
SAN ANDRES,8,2021,0.0,E,28.12,E,0.0,E,,,2.03,A,,,145.74,A
SAN ANDRES,9,2021,0.0,E,30.51,E,0.0,E,,,2.01,A,,,139.42,B
SAN ANDRES,10,2021,0.0,E,30.45,E,0.0,E,,,2.01,A,,,135.23,B
SAN ANDRES,11,2021,0.0,E,34.12,E,0.0,E,,,2.01,A,,,131.09,B
SAN ANDRES,12,2021,0.0,E,34.12,E,0.0,E,,,2.01,A,,,131.09,B
SAN ANDRES,1,2022,0.0,E,33.94,E,0.0,E,,,0.7,A,,,230.01,A
SAN ANDRES,2,2022,0.0,E,32.17,E,0.0,E,,,0.71,A,,,160.28,A
SAN ANDRES,3,2022,0.0,E,24.37,E,0.0,E,,,2.68,A,,,240.92,A
SAN ANDRES,4,2022,0.0,E,21.46,E,0.0,E,,,1.85,A,,,155.68,A
SAN ANDRES,5,2022,0.0,E,21.06,E,0.0,E,,,1.75,A,,,143.83,A
SAN ANDRES,6,2022,0.0,E,19.24,E,0.0,E,,,1.83,A,,,138.83,B
SAN ANDRES,7,2022,0.0,E,17.24,E,0.0,E,,,1.6,A,,,131.46,B
SAN ANDRES,8,2022,0.0,E,18.7,E,0.0,E,,,1.63,A,,,128.59,B
SAN ANDRES,9,2022,0.0,E,15.74,E,0.0,E,,,2.49,A,,,141.61,B
SAN ANDRES,10,2022,0.0,E,14.82,E,0.0,E,,,2.54,A,,,139.08,B
SAN ANDRES,11,2022,0.0,E,16.73,E,0.0,E,,,2.16,A,,,128.72,B
SAN ANDRES,12,2022,0.0,E,16.25,E,0.0,E,,,1.09,A,,,111.11,B
SAN ANDRES,1,2023,0.0,E,12.34,E,0.0,E,,,0.04,E,,,106.75,C
SAN ANDRES,2,2023,0.0,E,13.58,E,0.0,E,,,0.01,E,,,100.52,C
SAN ANDRES,3,2023,0.0,E,17.06,E,0.0,E,,,0.12,E,,,106.54,C
SAN ANDRES,4,2023,0.0,E,17.8,E,0.0,E,,,0.12,E,,,105.18,C
SAN ANDRES,5,2023,0.0,E,18.86,E,0.0,E,,,0.53,B,,,117.56,B
SAN ANDRES,6,2023,0.0,E,17.63,E,0.0,E,,,0.48,C,,,113.09,B
SAN ANDRES,7,2023,0.0,E,16.99,E,0.0,E,,,0.67,A,,,116.27,B
SAN ANDRES,8,2023,0.0,E,15.27,E,0.0,E,,,0.61,B,,,112.46,B
SAN ANDRES,9,2023,0.0,E,21.5,E,0.0,E,,,2.3,A,,,141.22,B
SAN ANDRES,10,2023,0.0,E,18.62,E,0.0,E,,,2.22,A,,,134.66,B
SAN ANDRES,11,2023,0.0,E,14.5,E,0.0,E,,,2.8,A,,,138.82,B
SAN ANDRES,12,2023,0.0,E,9.89,D,0.0,E,,,1.4,A,,,114.47,B
SAN ANDRES,1,2024,0.0,E,11.11,E,0.0,E,,,3.69,A,,,367.23,A
SAN ANDRES,2,2024,0.0,E,10.13,E,0.0,E,,,4.26,A,,,316.01,A
SAN ANDRES,3,2024,38.41,A,11.77,E,101.0,B,13.53,A,4.19,A,9.97,C,272.43,A
SAN ANDRES,4,2024,38.73,A,11.57,E,104.29,B,15.6,A,4.39,A,10.34,B,239.39,A
SAN ANDRES,5,2024,39.6,A,11.21,E,106.93,B,17.02,A,4.67,A,10.78,B,228.16,A
SAN ANDRES,6,2024,39.31,A,11.9,E,99.28,C,16.59,A,4.77,A,11.1,B,211.95,A
SAN ANDRES,7,2024,38.98,A,12.83,E,91.2,C,14.25,A,4.8,A,11.27,B,196.31,A
SAN ANDRES,8,2024,39.05,A,12.23,E,95.65,C,14.48,A,4.91,A,11.52,B,183.96,A
SAN ANDRES,9,2024,36.13,A,27.13,E,58.11,E,16.36,A,1.89,A,4.63,E,118.59,B
SAN ANDRES,10,2024,36.33,A,28.51,E,54.85,E,16.85,A,2.22,A,5.43,E,120.99,B
SAN ANDRES,11,2024,36.93,A,16.97,E,91.48,C,15.63,A,2.63,A,6.31,D,123.31,B
SAN ANDRES,12,2024,36.0,A,10.8,E,142.74,A,18.28,A,0.99,A,2.44,E,107.31,C
SAN ANDRES,1,2025,34.93,A,8.42,D,183.47,A,21.31,A,0.27,E,0.69,E,139.49,B
SAN ANDRES,2,2025,34.57,A,8.23,D,187.23,A,18.36,A,0.56,B,1.44,E,142.01,B
SAN ANDRES,3,2025,34.56,A,9.07,D,171.03,A,19.12,A,0.78,A,2.01,E,140.08,B
SAN ANDRES,4,2025,34.46,A,8.58,D,182.09,A,19.14,A,0.93,A,2.43,E,135.62,B
SAN ANDRES,5,2025,34.97,A,9.53,D,162.43,A,20.04,A,1.07,A,2.74,E,132.6,B
SAN ANDRES,6,2025,34.79,A,8.23,D,185.69,A,21.0,A,1.19,A,3.07,E,129.78,B
SAN ANDRES,7,2025,34.33,A,8.51,D,177.47,A,22.24,A,1.46,A,3.82,E,132.61,B
SAN ANDRES,8,2025,31.18,A,10.06,E,152.16,A,37.77,A,1.53,A,4.47,E,133.63,B
SAN ANDRES,9,2025,31.28,A,8.16,D,183.72,A,31.03,A,1.64,A,4.77,E,131.72,B
SAN ANDRES,10,2025,31.23,A,7.38,D,204.77,A,29.94,A,1.82,A,5.31,E,131.93,B
SAN ANDRES,11,2025,31.66,A,5.86,C,244.57,A,30.4,A,2.08,A,6.02,D,133.27,B
SAN ANDRES,12,2025,31.92,A,6.61,C,200.1,A,25.82,A,2.61,A,7.51,D,136.75,B
SAN ANDRES,1,2026,29.72,A,7.5,D,175.04,A,25.05,A,0.2,E,0.61,E,130.84,B
SAN ANDRES,2,2026,31.28,A,6.47,C,196.49,A,23.22,A,0.34,D,0.99,E,123.61,B
SAN ANDRES,3,2026,31.28,A,,,,,20.33,A,0.45,C,1.32,E,120.94,B
SAN MARQUEÑA,1,2019,0.0,E,5.13,C,0.0,E,,,0.13,E,,,112.65,B
SAN MARQUEÑA,2,2019,0.0,E,0.0,A,,,,,0.25,E,,,111.47,B
SAN MARQUEÑA,3,2019,0.0,E,0.0,A,,,,,0.31,D,,,109.4,C
SAN MARQUEÑA,4,2019,0.0,E,4.74,B,0.0,E,,,0.42,D,,,109.52,C
SAN MARQUEÑA,5,2019,0.0,E,4.37,B,0.0,E,,,0.56,B,,,110.27,B
SAN MARQUEÑA,6,2019,0.0,E,3.96,B,0.0,E,,,0.67,A,,,110.25,B
SAN MARQUEÑA,7,2019,0.0,E,3.56,B,0.0,E,,,0.8,A,,,110.67,B
SAN MARQUEÑA,8,2019,0.0,E,3.64,B,0.0,E,,,0.9,A,,,110.56,B
SAN MARQUEÑA,9,2019,0.0,E,4.29,B,0.0,E,,,0.99,A,,,110.37,B
SAN MARQUEÑA,10,2019,0.0,E,3.51,B,0.0,E,,,1.11,A,,,110.49,B
SAN MARQUEÑA,11,2019,0.0,E,3.69,B,0.0,E,,,1.35,A,,,111.52,B
SAN MARQUEÑA,12,2019,0.0,E,3.13,B,0.0,E,,,0.9,A,,,106.77,C
SAN MARQUEÑA,1,2020,0.0,E,3.61,B,0.0,E,,,0.16,E,,,114.38,B
SAN MARQUEÑA,2,2020,0.0,E,3.61,B,0.0,E,,,0.16,E,,,114.38,B
SAN MARQUEÑA,3,2020,0.0,E,5.7,C,0.0,E,,,0.36,D,,,110.98,B
SAN MARQUEÑA,4,2020,0.0,E,3.42,B,0.0,E,,,0.46,C,,,110.54,B
SAN MARQUEÑA,5,2020,0.0,E,4.37,B,0.0,E,,,0.56,B,,,110.27,B
SAN MARQUEÑA,6,2020,0.0,E,4.77,B,0.0,E,,,0.68,A,,,110.6,B
SAN MARQUEÑA,7,2020,0.0,E,5.21,C,0.0,E,,,0.8,A,,,110.79,B
SAN MARQUEÑA,8,2020,0.0,E,5.02,C,0.0,E,,,0.94,A,,,111.4,B
SAN MARQUEÑA,9,2020,0.0,E,5.26,C,0.0,E,,,1.1,A,,,112.07,B
SAN MARQUEÑA,10,2020,0.0,E,5.26,C,0.0,E,,,1.31,A,,,113.22,B
SAN MARQUEÑA,11,2020,0.0,E,4.88,B,0.0,E,,,1.44,A,,,113.22,B
SAN MARQUEÑA,12,2020,0.0,E,3.93,B,0.0,E,,,0.81,A,,,106.46,C
SAN MARQUEÑA,1,2021,0.0,E,3.89,B,0.0,E,,,0.17,E,,,117.88,B
SAN MARQUEÑA,2,2021,0.0,E,3.62,B,0.0,E,,,0.34,D,,,117.72,B
SAN MARQUEÑA,3,2021,0.0,E,3.3,B,0.0,E,,,0.51,B,,,117.51,B
SAN MARQUEÑA,4,2021,0.0,E,3.39,B,0.0,E,,,0.64,B,,,116.37,B
SAN MARQUEÑA,5,2021,0.0,E,3.56,B,0.0,E,,,0.86,A,,,117.73,B
SAN MARQUEÑA,6,2021,0.0,E,3.46,B,0.0,E,,,1.06,A,,,118.3,B
SAN MARQUEÑA,7,2021,0.0,E,3.18,B,0.0,E,,,1.28,A,,,119.05,B
SAN MARQUEÑA,8,2021,0.0,E,2.81,B,0.0,E,,,1.54,A,,,120.32,B
SAN MARQUEÑA,9,2021,0.0,E,2.84,B,0.0,E,,,1.71,A,,,120.04,B
SAN MARQUEÑA,10,2021,0.0,E,3.41,B,0.0,E,,,1.87,A,,,119.78,B
SAN MARQUEÑA,11,2021,0.0,E,3.07,B,0.0,E,,,2.02,A,,,119.49,B
SAN MARQUEÑA,12,2021,0.0,E,2.88,B,0.0,E,,,0.91,A,,,107.26,C
SAN MARQUEÑA,1,2022,0.0,E,3.14,B,0.0,E,,,0.16,E,,,117.64,B
SAN MARQUEÑA,2,2022,0.0,E,3.03,B,0.0,E,,,0.32,D,,,117.54,B
SAN MARQUEÑA,3,2022,0.0,E,3.09,B,0.0,E,,,0.46,C,,,116.57,B
SAN MARQUEÑA,4,2022,0.0,E,3.3,B,0.0,E,,,0.58,B,,,115.71,B
SAN MARQUEÑA,5,2022,0.0,E,3.47,B,0.0,E,,,0.72,A,,,115.37,B
SAN MARQUEÑA,6,2022,0.0,E,3.23,B,0.0,E,,,0.94,A,,,117.06,B
SAN MARQUEÑA,7,2022,0.0,E,3.46,B,0.0,E,,,1.13,A,,,117.9,B
SAN MARQUEÑA,8,2022,0.0,E,3.11,B,0.0,E,,,1.37,A,,,119.16,B
SAN MARQUEÑA,9,2022,0.0,E,3.51,B,0.0,E,,,1.51,A,,,118.89,B
SAN MARQUEÑA,10,2022,0.0,E,3.41,B,0.0,E,,,1.62,A,,,118.52,B
SAN MARQUEÑA,11,2022,0.0,E,3.63,B,0.0,E,,,1.75,A,,,118.39,B
SAN MARQUEÑA,12,2022,0.0,E,3.23,B,0.0,E,,,0.87,A,,,107.65,C
SAN MARQUEÑA,1,2023,0.0,E,3.4,B,0.0,E,,,0.2,E,,,125.1,B
SAN MARQUEÑA,2,2023,0.0,E,3.15,B,0.0,E,,,0.39,D,,,124.04,B
SAN MARQUEÑA,3,2023,0.0,E,2.6,B,0.0,E,,,0.53,B,,,120.19,B
SAN MARQUEÑA,4,2023,0.0,E,2.53,B,0.0,E,,,0.7,A,,,120.16,B
SAN MARQUEÑA,5,2023,0.0,E,2.21,A,0.0,E,,,0.86,A,,,119.78,B
SAN MARQUEÑA,6,2023,0.0,E,2.07,A,0.0,E,,,1.06,A,,,120.45,B
SAN MARQUEÑA,7,2023,0.0,E,2.57,B,0.0,E,,,1.24,A,,,120.41,B
SAN MARQUEÑA,8,2023,0.0,E,2.52,B,0.0,E,,,1.48,A,,,121.43,B
SAN MARQUEÑA,9,2023,0.0,E,2.71,B,0.0,E,,,1.73,A,,,122.29,B
SAN MARQUEÑA,10,2023,0.0,E,2.76,B,0.0,E,,,1.91,A,,,122.04,B
SAN MARQUEÑA,11,2023,0.0,E,2.71,B,0.0,E,,,2.09,A,,,121.94,B
SAN MARQUEÑA,12,2023,0.0,E,2.78,B,0.0,E,,,0.94,A,,,107.99,C
SAN MARQUEÑA,1,2024,0.0,E,2.97,B,0.0,E,,,0.16,E,,,117.8,B
SAN MARQUEÑA,2,2024,0.0,E,3.07,B,0.0,E,,,0.31,D,,,116.88,B
SAN MARQUEÑA,3,2024,52.82,A,3.07,B,141.88,A,16.93,A,0.48,C,0.87,E,118.2,B
SAN MARQUEÑA,4,2024,53.42,A,3.41,B,125.96,B,13.62,A,0.61,B,1.1,E,117.26,B
SAN MARQUEÑA,5,2024,53.28,A,3.43,B,124.96,B,13.81,A,0.7,A,1.28,E,115.89,B
SAN MARQUEÑA,6,2024,53.61,A,3.36,B,129.26,B,13.87,A,0.82,A,1.49,E,115.41,B
SAN MARQUEÑA,7,2024,53.78,A,3.12,B,139.72,A,10.43,B,0.99,A,1.78,E,115.84,B
SAN MARQUEÑA,8,2024,54.0,A,3.1,B,142.17,A,8.64,C,1.2,A,2.14,E,116.69,B
SAN MARQUEÑA,9,2024,53.94,A,3.21,B,138.11,A,7.24,D,1.31,A,2.35,E,116.26,B
SAN MARQUEÑA,10,2024,54.24,A,3.22,B,138.9,A,7.11,D,1.54,A,2.75,E,117.24,B
SAN MARQUEÑA,11,2024,54.3,A,3.01,B,151.44,A,8.27,C,1.69,A,3.01,E,117.15,B
SAN MARQUEÑA,12,2024,53.43,A,2.93,B,156.59,A,13.32,A,0.86,A,1.55,E,107.38,C
SAN MARQUEÑA,1,2025,52.92,A,3.08,B,149.85,A,12.52,A,0.26,E,0.47,E,129.69,B
SAN MARQUEÑA,2,2025,53.11,A,3.1,B,149.3,A,13.58,A,0.43,C,0.78,E,124.06,B
SAN MARQUEÑA,3,2025,53.46,A,3.01,B,154.27,A,16.18,A,0.62,B,1.13,E,123.0,B
SAN MARQUEÑA,4,2025,53.54,A,3.23,B,145.17,A,15.96,A,0.81,A,1.46,E,121.71,B
SAN MARQUEÑA,5,2025,53.08,A,3.13,B,150.64,A,17.63,A,0.96,A,1.74,E,120.7,B
SAN MARQUEÑA,6,2025,53.26,A,3.25,B,145.48,A,17.55,A,1.16,A,2.1,E,120.99,B
SAN MARQUEÑA,7,2025,53.05,A,3.25,B,145.39,A,17.11,A,1.27,A,2.32,E,119.73,B
SAN MARQUEÑA,8,2025,52.92,A,3.17,B,149.08,A,16.77,A,1.49,A,2.72,E,120.3,B
SAN MARQUEÑA,9,2025,53.3,A,3.03,B,156.89,A,16.13,A,1.66,A,3.0,E,120.02,B
SAN MARQUEÑA,10,2025,53.08,A,3.16,B,152.44,A,17.91,A,1.84,A,3.34,E,119.94,B
SAN MARQUEÑA,11,2025,52.86,A,3.31,B,147.87,A,19.24,A,1.95,A,3.56,E,119.31,B
SAN MARQUEÑA,12,2025,52.75,A,3.24,B,152.13,A,14.0,A,0.84,A,1.53,E,106.83,C
SAN MARQUEÑA,1,2026,51.77,A,3.12,B,157.76,A,13.85,A,0.14,E,0.25,E,114.38,B
SAN MARQUEÑA,2,2026,51.72,A,3.15,B,156.52,A,15.26,A,0.28,E,0.53,E,115.12,B
SAN MARQUEÑA,3,2026,52.38,A,,,,,16.35,A,0.44,C,0.81,E,115.52,B
TALANGA,1,2019,0.0,E,11.47,E,0.0,E,,,0.11,E,,,111.13,B
TALANGA,2,2019,0.0,E,11.29,E,0.0,E,,,0.3,D,,,115.09,B
TALANGA,3,2019,0.0,E,12.06,E,0.0,E,,,0.48,C,,,115.57,B
TALANGA,4,2019,0.0,E,12.37,E,0.0,E,,,0.8,A,,,119.34,B
TALANGA,5,2019,0.0,E,18.57,E,0.0,E,,,-0.33,E,,,93.41,D
TALANGA,6,2019,0.0,E,11.97,E,0.0,E,,,1.44,A,,,124.28,B
TALANGA,7,2019,0.0,E,12.73,E,0.0,E,,,1.56,A,,,122.87,B
TALANGA,8,2019,0.0,E,12.02,E,0.0,E,,,1.52,A,,,119.15,B
TALANGA,9,2019,0.0,E,11.83,E,0.0,E,,,1.77,A,,,120.36,B
TALANGA,10,2019,0.0,E,12.68,E,0.0,E,,,1.77,A,,,118.31,B
TALANGA,11,2019,0.0,E,12.99,E,0.0,E,,,1.92,A,,,118.1,B
TALANGA,12,2019,0.0,E,11.92,E,0.0,E,,,0.65,B,,,104.89,C
TALANGA,1,2020,0.0,E,11.87,E,0.0,E,,,0.15,E,,,113.91,B
TALANGA,2,2020,0.0,E,11.71,E,0.0,E,,,0.25,E,,,112.09,B
TALANGA,3,2020,0.0,E,19.05,E,0.0,E,,,0.34,D,,,110.76,B
TALANGA,4,2020,0.0,E,11.89,E,0.0,E,,,0.02,E,,,100.49,C
TALANGA,5,2020,0.0,E,18.57,E,0.0,E,,,-0.33,E,,,93.41,D
TALANGA,6,2020,0.0,E,22.55,E,0.0,E,,,-0.45,E,,,92.64,D
TALANGA,7,2020,0.0,E,18.17,E,0.0,E,,,0.14,E,,,102.06,C
TALANGA,8,2020,0.0,E,17.49,E,0.0,E,,,0.08,E,,,101.07,C
TALANGA,9,2020,0.0,E,17.95,E,0.0,E,,,0.27,E,,,103.12,C
TALANGA,10,2020,0.0,E,16.3,E,0.0,E,,,0.27,E,,,102.77,C
TALANGA,11,2020,0.0,E,15.62,E,0.0,E,,,0.33,D,,,103.17,C
TALANGA,12,2020,0.0,E,14.25,E,0.0,E,,,0.13,E,,,101.08,C
TALANGA,1,2021,0.0,E,13.06,E,0.0,E,,,0.09,E,,,109.51,C
TALANGA,2,2021,0.0,E,12.14,E,0.0,E,,,0.2,E,,,110.22,B
TALANGA,3,2021,0.0,E,11.36,E,0.0,E,,,0.18,E,,,106.09,C
TALANGA,4,2021,0.0,E,11.91,E,0.0,E,,,0.19,E,,,104.95,C
TALANGA,5,2021,0.0,E,11.82,E,0.0,E,,,0.31,D,,,106.65,C
TALANGA,6,2021,0.0,E,11.53,E,0.0,E,,,0.36,D,,,106.38,C
TALANGA,7,2021,0.0,E,11.12,E,0.0,E,,,0.39,D,,,105.9,C
TALANGA,8,2021,0.0,E,10.64,E,0.0,E,,,0.55,B,,,107.37,C
TALANGA,9,2021,0.0,E,10.18,E,0.0,E,,,0.57,B,,,106.87,C
TALANGA,10,2021,0.0,E,10.12,E,0.0,E,,,0.63,B,,,106.9,C
TALANGA,11,2021,0.0,E,9.64,D,0.0,E,,,0.71,A,,,107.11,C
TALANGA,12,2021,0.0,E,9.38,D,0.0,E,,,0.34,D,,,102.97,C
TALANGA,1,2022,0.0,E,9.34,D,0.0,E,,,0.01,E,,,101.28,C
TALANGA,2,2022,0.0,E,9.27,D,0.0,E,,,0.13,E,,,106.99,C
TALANGA,3,2022,0.0,E,9.36,D,0.0,E,,,0.15,E,,,105.43,C
TALANGA,4,2022,0.0,E,8.82,D,0.0,E,,,0.25,E,,,106.95,C
TALANGA,5,2022,0.0,E,8.64,D,0.0,E,,,0.44,C,,,110.2,B
TALANGA,6,2022,0.0,E,9.02,D,0.0,E,,,0.63,B,,,112.64,B
TALANGA,7,2022,0.0,E,9.59,D,0.0,E,,,0.78,A,,,113.68,B
TALANGA,8,2022,0.0,E,8.5,D,0.0,E,,,0.9,A,,,114.05,B
TALANGA,9,2022,0.0,E,8.93,D,0.0,E,,,1.06,A,,,114.62,B
TALANGA,10,2022,0.0,E,9.15,D,0.0,E,,,1.26,A,,,115.92,B
TALANGA,11,2022,0.0,E,8.93,D,0.0,E,,,1.45,A,,,117.4,B
TALANGA,12,2022,0.0,E,7.52,D,0.0,E,,,0.62,B,,,106.09,C
TALANGA,1,2023,0.0,E,7.23,D,0.0,E,,,0.15,E,,,117.11,B
TALANGA,2,2023,0.0,E,7.25,D,0.0,E,,,0.26,E,,,115.57,B
TALANGA,3,2023,0.0,E,6.86,C,0.0,E,,,0.46,C,,,118.85,B
TALANGA,4,2023,0.0,E,6.76,C,0.0,E,,,0.66,A,,,121.33,B
TALANGA,5,2023,0.0,E,6.54,C,0.0,E,,,0.67,A,,,116.6,B
TALANGA,6,2023,0.0,E,6.55,C,0.0,E,,,0.85,A,,,117.89,B
TALANGA,7,2023,0.0,E,6.52,C,0.0,E,,,1.08,A,,,119.7,B
TALANGA,8,2023,0.0,E,6.34,C,0.0,E,,,1.32,A,,,121.17,B
TALANGA,9,2023,0.0,E,5.88,C,0.0,E,,,1.62,A,,,123.12,B
TALANGA,10,2023,0.0,E,5.81,C,0.0,E,,,1.88,A,,,124.15,B
TALANGA,11,2023,0.0,E,5.59,C,0.0,E,,,2.14,A,,,125.38,B
TALANGA,12,2023,0.0,E,5.12,C,0.0,E,,,0.84,A,,,107.83,C
TALANGA,1,2024,0.0,E,5.08,C,0.0,E,,,0.15,E,,,115.2,B
TALANGA,2,2024,0.0,E,5.12,C,0.0,E,,,0.33,D,,,117.31,B
TALANGA,3,2024,33.62,A,5.06,C,130.61,A,11.71,A,0.55,B,1.55,E,121.99,B
TALANGA,4,2024,33.74,A,5.07,C,125.6,B,7.06,D,0.74,A,2.08,E,122.17,B
TALANGA,5,2024,33.44,A,5.0,B,125.49,B,11.46,B,0.88,A,2.5,E,121.7,B
TALANGA,6,2024,33.54,A,4.75,B,129.43,B,10.32,B,1.07,A,3.03,E,122.08,B
TALANGA,7,2024,34.7,A,4.81,B,128.43,B,12.33,A,1.55,A,4.24,E,128.07,B
TALANGA,8,2024,34.83,A,4.71,B,130.16,A,12.12,A,1.81,A,4.93,E,128.65,B
TALANGA,9,2024,35.2,A,5.54,C,108.32,B,9.53,B,2.21,A,5.97,E,131.79,B
TALANGA,10,2024,35.47,A,6.2,C,95.98,C,8.6,C,2.65,A,7.1,D,135.05,B
TALANGA,11,2024,35.73,A,5.64,C,105.25,B,8.7,C,3.0,A,7.99,D,136.52,B
TALANGA,12,2024,35.28,A,5.21,C,112.51,B,8.59,C,1.29,A,3.48,E,111.72,B
TALANGA,1,2025,34.22,A,5.36,C,109.13,B,9.08,B,0.29,E,0.81,E,134.24,B
TALANGA,2,2025,34.07,A,5.43,C,109.01,B,13.07,A,0.63,B,1.77,E,141.65,B
TALANGA,3,2025,33.78,A,5.56,C,104.66,B,14.77,A,0.9,A,2.53,E,139.65,B
TALANGA,4,2025,33.41,A,6.62,C,88.44,C,16.16,A,1.2,A,3.44,E,140.71,B
TALANGA,5,2025,33.44,A,8.59,D,66.85,D,15.64,A,1.46,A,4.18,E,139.96,B
TALANGA,6,2025,33.34,A,8.85,D,64.93,D,19.01,A,1.67,A,4.78,E,138.51,B
TALANGA,7,2025,33.09,A,9.01,D,63.31,D,14.73,A,1.97,A,5.69,E,139.86,B
TALANGA,8,2025,32.74,A,8.62,D,65.65,D,16.13,A,2.36,A,6.89,D,142.36,B
TALANGA,9,2025,32.97,A,8.61,D,65.54,D,12.01,A,2.58,A,7.49,D,140.84,B
TALANGA,10,2025,32.39,A,7.22,D,78.81,D,15.75,A,2.76,A,8.17,D,140.09,B
TALANGA,11,2025,32.28,A,9.25,D,62.31,D,18.36,A,3.03,A,8.99,C,140.45,B
TALANGA,12,2025,31.52,A,8.36,D,66.25,D,21.87,A,1.25,A,3.8,E,112.23,B
TALANGA,1,2026,29.97,A,8.17,D,68.36,D,24.07,A,0.12,E,0.38,E,114.27,B
TALANGA,2,2026,30.09,A,8.94,D,63.33,D,17.48,A,0.19,E,0.61,E,111.07,B
TALANGA,3,2026,29.46,A,,,,,21.89,A,0.22,E,0.71,E,108.48,C
TAULABE,1,2019,0.0,E,10.12,E,0.0,E,,,-0.81,E,,,23.91,E
TAULABE,2,2019,0.0,E,12.12,E,0.0,E,,,-1.42,E,,,32.91,E
TAULABE,3,2019,0.0,E,11.43,E,0.0,E,,,-0.36,E,,,89.72,D
TAULABE,4,2019,0.0,E,13.49,E,0.0,E,,,-0.24,E,,,94.71,C
TAULABE,5,2019,0.0,E,7.81,D,0.0,E,,,-0.3,E,,,94.64,C
TAULABE,6,2019,0.0,E,14.9,E,0.0,E,,,-0.37,E,,,94.73,C
TAULABE,7,2019,0.0,E,13.63,E,0.0,E,,,-0.49,E,,,94.22,C
TAULABE,8,2019,0.0,E,13.35,E,0.0,E,,,-0.3,E,,,96.82,C
TAULABE,9,2019,0.0,E,14.44,E,0.0,E,,,-0.49,E,,,95.52,C
TAULABE,10,2019,0.0,E,14.05,E,0.0,E,,,-1.1,E,,,91.34,D
TAULABE,11,2019,0.0,E,13.67,E,0.0,E,,,-1.17,E,,,91.8,D
TAULABE,12,2019,0.0,E,11.41,E,0.0,E,,,-1.52,E,,,90.27,D
TAULABE,1,2020,0.0,E,8.6,D,0.0,E,,,0.05,E,,,103.9,C
TAULABE,2,2020,0.0,E,8.54,D,0.0,E,,,0.02,E,,,100.69,C
TAULABE,3,2020,0.0,E,9.88,D,0.0,E,,,0.01,E,,,100.41,C
TAULABE,4,2020,0.0,E,7.45,D,0.0,E,,,0.03,E,,,100.56,C
TAULABE,5,2020,0.0,E,7.81,D,0.0,E,,,-0.3,E,,,94.64,C
TAULABE,6,2020,0.0,E,14.17,E,0.0,E,,,-0.84,E,,,88.0,D
TAULABE,7,2020,0.0,E,16.86,E,0.0,E,,,-0.52,E,,,93.5,C
TAULABE,8,2020,0.0,E,14.97,E,0.0,E,,,2.56,A,,,126.95,B
TAULABE,9,2020,0.0,E,14.65,E,0.0,E,,,2.42,A,,,122.45,B
TAULABE,10,2020,0.0,E,12.8,E,0.0,E,,,2.22,A,,,118.53,B
TAULABE,11,2020,0.0,E,11.8,E,0.0,E,,,2.1,A,,,115.76,B
TAULABE,12,2020,0.0,E,11.09,E,0.0,E,,,1.59,A,,,110.35,B
TAULABE,1,2021,0.0,E,12.93,E,0.0,E,,,0.01,E,,,100.78,C
TAULABE,2,2021,0.0,E,12.9,E,0.0,E,,,0.02,E,,,100.8,C
TAULABE,3,2021,0.0,E,11.29,E,0.0,E,,,0.04,E,,,101.04,C
TAULABE,4,2021,0.0,E,12.3,E,0.0,E,,,0.05,E,,,101.04,C
TAULABE,5,2021,0.0,E,12.3,E,0.0,E,,,0.05,E,,,101.04,C
TAULABE,6,2021,0.0,E,12.93,E,0.0,E,,,0.15,E,,,102.28,C
TAULABE,7,2021,0.0,E,12.63,E,0.0,E,,,0.27,E,,,103.64,C
TAULABE,8,2021,0.0,E,13.1,E,0.0,E,,,0.35,D,,,104.12,C
TAULABE,9,2021,0.0,E,13.53,E,0.0,E,,,0.37,D,,,103.9,C
TAULABE,10,2021,0.0,E,13.07,E,0.0,E,,,0.4,D,,,103.77,C
TAULABE,11,2021,0.0,E,12.59,E,0.0,E,,,0.43,C,,,103.76,C
TAULABE,12,2021,0.0,E,14.5,E,0.0,E,,,0.45,C,,,103.68,C
TAULABE,1,2022,0.0,E,14.66,E,0.0,E,,,0.03,E,,,102.77,C
TAULABE,2,2022,0.0,E,14.33,E,0.0,E,,,0.04,E,,,102.0,C
TAULABE,3,2022,0.0,E,13.49,E,0.0,E,,,0.04,E,,,101.53,C
TAULABE,4,2022,0.0,E,13.0,E,0.0,E,,,0.06,E,,,101.44,C
TAULABE,5,2022,0.0,E,12.07,E,0.0,E,,,0.11,E,,,102.18,C
TAULABE,6,2022,0.0,E,11.34,E,0.0,E,,,0.15,E,,,102.62,C
TAULABE,7,2022,0.0,E,11.73,E,0.0,E,,,0.25,E,,,103.76,C
TAULABE,8,2022,0.0,E,11.18,E,0.0,E,,,0.3,E,,,103.86,C
TAULABE,9,2022,0.0,E,11.26,E,0.0,E,,,0.33,D,,,103.86,C
TAULABE,10,2022,0.0,E,10.86,E,0.0,E,,,0.37,D,,,103.89,C
TAULABE,11,2022,0.0,E,10.68,E,0.0,E,,,0.4,D,,,103.92,C
TAULABE,12,2022,0.0,E,9.9,D,0.0,E,,,0.42,D,,,103.74,C
TAULABE,1,2023,0.0,E,9.23,D,0.0,E,,,0.04,E,,,104.36,C
TAULABE,2,2023,0.0,E,8.89,D,0.0,E,,,0.1,E,,,104.87,C
TAULABE,3,2023,0.0,E,9.22,D,0.0,E,,,0.16,E,,,105.59,C
TAULABE,4,2023,0.0,E,8.91,D,0.0,E,,,0.21,E,,,105.31,C
TAULABE,5,2023,0.0,E,8.45,D,0.0,E,,,0.24,E,,,105.03,C
TAULABE,6,2023,0.0,E,8.72,D,0.0,E,,,0.28,E,,,104.89,C
TAULABE,7,2023,0.0,E,8.4,D,0.0,E,,,0.34,D,,,105.05,C
TAULABE,8,2023,0.0,E,8.03,D,0.0,E,,,0.41,D,,,105.22,C
TAULABE,9,2023,0.0,E,8.34,D,0.0,E,,,0.45,C,,,105.08,C
TAULABE,10,2023,0.0,E,8.09,D,0.0,E,,,0.48,C,,,104.95,C
TAULABE,11,2023,0.0,E,7.8,D,0.0,E,,,0.54,B,,,105.02,C
TAULABE,12,2023,0.0,E,7.77,D,0.0,E,,,0.63,B,,,104.73,C
TAULABE,1,2024,0.0,E,7.51,D,0.0,E,,,0.06,E,,,106.06,C
TAULABE,2,2024,0.0,E,7.31,D,0.0,E,,,0.12,E,,,105.85,C
TAULABE,3,2024,33.44,A,7.1,D,183.11,A,4.52,E,0.17,E,0.47,E,106.43,C
TAULABE,4,2024,33.08,A,6.84,C,187.55,A,4.03,E,0.22,E,0.61,E,106.21,C
TAULABE,5,2024,32.96,A,6.44,C,195.03,A,3.23,E,0.27,E,0.74,E,105.94,C
TAULABE,6,2024,32.78,A,6.23,C,205.89,A,4.2,E,0.32,D,0.88,E,105.85,C
TAULABE,7,2024,32.5,A,6.07,C,215.39,A,4.9,E,0.37,D,1.03,E,105.74,C
TAULABE,8,2024,32.54,A,5.97,C,218.92,A,3.18,E,0.42,D,1.16,E,105.66,C
TAULABE,9,2024,33.01,A,7.6,D,173.4,A,3.01,E,0.46,C,1.25,E,105.45,C
TAULABE,10,2024,32.82,A,7.32,D,182.61,A,3.43,E,0.49,C,1.34,E,105.29,C
TAULABE,11,2024,33.04,A,7.26,D,187.59,A,2.78,E,0.52,B,1.43,E,105.12,C
TAULABE,12,2024,33.15,A,8.2,D,165.42,A,4.09,E,0.57,B,1.56,E,105.11,C
TAULABE,1,2025,32.74,A,8.13,D,169.23,A,4.52,E,0.05,E,0.15,E,105.97,C
TAULABE,2,2025,32.49,A,8.04,D,174.18,A,4.93,E,0.1,E,0.27,E,105.59,C
TAULABE,3,2025,32.32,A,8.69,D,163.58,A,3.5,E,0.14,E,0.39,E,105.3,C
TAULABE,4,2025,31.97,A,8.47,D,172.75,A,3.81,E,0.17,E,0.47,E,104.73,C
TAULABE,5,2025,31.66,A,8.32,D,178.19,A,3.26,E,0.23,E,0.65,E,105.21,C
TAULABE,6,2025,32.25,A,7.89,D,187.33,A,5.4,D,0.25,E,0.7,E,104.77,C
TAULABE,7,2025,32.17,A,7.72,D,194.17,A,4.78,E,0.31,D,0.86,E,105.03,C
TAULABE,8,2025,32.04,A,7.33,D,201.91,A,3.46,E,0.38,D,1.06,E,105.25,C
TAULABE,9,2025,31.83,A,9.13,D,163.49,A,3.87,E,0.39,D,1.12,E,104.97,C
TAULABE,10,2025,31.93,A,8.97,D,167.64,A,3.65,E,0.46,C,1.3,E,105.2,C
TAULABE,11,2025,31.84,A,8.71,D,170.12,A,3.49,E,0.59,B,1.67,E,106.13,C
TAULABE,12,2025,31.95,A,8.16,D,177.61,A,5.11,E,0.73,A,2.07,E,106.85,C
TAULABE,1,2026,31.9,A,8.09,D,181.31,A,5.18,E,0.04,E,0.12,E,105.41,C
TAULABE,2,2026,31.59,A,8.03,D,188.14,A,5.51,D,0.09,E,0.26,E,105.6,C
TAULABE,3,2026,31.19,A,,,,,5.94,D,0.11,E,0.31,E,104.37,C
VICENTE DANTONI,1,2019,0.0,E,25.53,E,0.0,E,,,0.01,E,,,100.51,C
VICENTE DANTONI,2,2019,0.0,E,31.15,E,0.0,E,,,0.01,E,,,100.48,C
VICENTE DANTONI,3,2019,0.0,E,37.16,E,0.0,E,,,-0.05,E,,,98.54,C
VICENTE DANTONI,4,2019,0.0,E,32.29,E,0.0,E,,,0.02,E,,,100.57,C
VICENTE DANTONI,5,2019,0.0,E,32.35,E,0.0,E,,,0.03,E,,,100.61,C
VICENTE DANTONI,6,2019,0.0,E,25.98,E,0.0,E,,,0.13,E,,,102.12,C
VICENTE DANTONI,7,2019,0.0,E,26.38,E,0.0,E,,,0.21,E,,,102.79,C
VICENTE DANTONI,8,2019,0.0,E,25.12,E,0.0,E,,,0.26,E,,,102.96,C
VICENTE DANTONI,9,2019,0.0,E,22.08,E,0.0,E,,,0.29,E,,,102.8,C
VICENTE DANTONI,10,2019,0.0,E,22.67,E,0.0,E,,,0.32,D,,,102.78,C
VICENTE DANTONI,11,2019,0.0,E,19.29,E,0.0,E,,,0.33,D,,,102.59,C
VICENTE DANTONI,12,2019,0.0,E,17.5,E,0.0,E,,,0.34,D,,,102.44,C
VICENTE DANTONI,1,2020,0.0,E,22.04,E,0.0,E,,,0.01,E,,,101.11,C
VICENTE DANTONI,3,2020,0.0,E,24.83,E,0.0,E,,,0.03,E,,,100.85,C
VICENTE DANTONI,4,2020,0.0,E,32.12,E,0.0,E,,,0.04,E,,,100.83,C
VICENTE DANTONI,5,2020,0.0,E,32.35,E,0.0,E,,,0.03,E,,,100.61,C
VICENTE DANTONI,6,2020,0.0,E,9.33,D,0.0,E,,,0.05,E,,,100.73,C
VICENTE DANTONI,7,2020,0.0,E,10.19,E,0.0,E,,,0.05,E,,,100.69,C
VICENTE DANTONI,8,2020,0.0,E,10.47,E,0.0,E,,,0.06,E,,,100.67,C
VICENTE DANTONI,9,2020,0.0,E,9.95,D,0.0,E,,,0.06,E,,,100.66,C
VICENTE DANTONI,10,2020,0.0,E,10.06,E,0.0,E,,,0.07,E,,,100.65,C
VICENTE DANTONI,11,2020,0.0,E,9.12,D,0.0,E,,,0.08,E,,,100.68,C
VICENTE DANTONI,12,2020,0.0,E,8.14,D,0.0,E,,,0.05,E,,,100.38,C
VICENTE DANTONI,1,2021,0.0,E,10.24,E,0.0,E,,,0.0,E,,,100.39,C
VICENTE DANTONI,2,2021,0.0,E,11.02,E,0.0,E,,,0.01,E,,,100.43,C
VICENTE DANTONI,3,2021,0.0,E,8.41,D,0.0,E,,,0.02,E,,,100.57,C
VICENTE DANTONI,4,2021,0.0,E,9.0,D,0.0,E,,,0.03,E,,,100.6,C
VICENTE DANTONI,5,2021,0.0,E,8.63,D,0.0,E,,,0.03,E,,,100.58,C
VICENTE DANTONI,6,2021,0.0,E,10.5,E,0.0,E,,,0.06,E,,,100.9,C
VICENTE DANTONI,7,2021,0.0,E,10.7,E,0.0,E,,,0.08,E,,,101.06,C
VICENTE DANTONI,8,2021,0.0,E,11.09,E,0.0,E,,,0.11,E,,,101.23,C
VICENTE DANTONI,9,2021,0.0,E,10.32,E,0.0,E,,,0.12,E,,,101.26,C
VICENTE DANTONI,10,2021,0.0,E,11.72,E,0.0,E,,,0.13,E,,,101.16,C
VICENTE DANTONI,11,2021,0.0,E,10.74,E,0.0,E,,,0.16,E,,,101.28,C
VICENTE DANTONI,12,2021,0.0,E,11.96,E,0.0,E,,,0.17,E,,,101.26,C
VICENTE DANTONI,1,2022,0.0,E,10.85,E,0.0,E,,,0.02,E,,,101.77,C
VICENTE DANTONI,2,2022,0.0,E,12.84,E,0.0,E,,,0.03,E,,,101.48,C
VICENTE DANTONI,3,2022,0.0,E,9.14,D,0.0,E,,,0.05,E,,,101.7,C
VICENTE DANTONI,4,2022,0.0,E,9.11,D,0.0,E,,,0.06,E,,,101.49,C
VICENTE DANTONI,5,2022,0.0,E,9.11,D,0.0,E,,,0.08,E,,,101.67,C
VICENTE DANTONI,6,2022,0.0,E,9.14,D,0.0,E,,,0.11,E,,,101.85,C
VICENTE DANTONI,7,2022,0.0,E,9.68,D,0.0,E,,,0.12,E,,,101.69,C
VICENTE DANTONI,8,2022,0.0,E,9.69,D,0.0,E,,,0.14,E,,,101.76,C
VICENTE DANTONI,9,2022,0.0,E,10.26,E,0.0,E,,,0.0,E,,,100.0,C
VICENTE DANTONI,10,2022,0.0,E,10.8,E,0.0,E,,,0.0,E,,,100.0,C
VICENTE DANTONI,11,2022,0.0,E,8.35,D,0.0,E,,,0.0,E,,,100.0,C
VICENTE DANTONI,12,2022,0.0,E,8.81,D,0.0,E,,,0.12,E,,,100.95,C
VICENTE DANTONI,1,2023,0.0,E,8.67,D,0.0,E,,,0.01,E,,,101.18,C
VICENTE DANTONI,2,2023,0.0,E,8.63,D,0.0,E,,,0.02,E,,,101.09,C
VICENTE DANTONI,3,2023,0.0,E,8.91,D,0.0,E,,,0.0,E,,,100.0,C
VICENTE DANTONI,4,2023,0.0,E,8.77,D,0.0,E,,,0.0,E,,,100.0,C
VICENTE DANTONI,5,2023,0.0,E,8.78,D,0.0,E,,,0.09,E,,,101.59,C
VICENTE DANTONI,6,2023,0.0,E,8.56,D,0.0,E,,,0.0,E,,,100.0,C
VICENTE DANTONI,7,2023,0.0,E,9.69,D,0.0,E,,,0.0,E,,,100.0,C
VICENTE DANTONI,8,2023,0.0,E,6.82,C,0.0,E,,,0.0,E,,,100.0,C
VICENTE DANTONI,9,2023,0.0,E,6.81,C,0.0,E,,,0.09,E,,,100.92,C
VICENTE DANTONI,10,2023,0.0,E,6.81,C,0.0,E,,,0.18,E,,,101.67,C
VICENTE DANTONI,11,2023,0.0,E,6.7,C,0.0,E,,,0.26,E,,,102.26,C
VICENTE DANTONI,12,2023,0.0,E,8.7,D,0.0,E,,,0.2,E,,,101.48,C
VICENTE DANTONI,1,2024,0.0,E,6.7,C,0.0,E,,,0.03,E,,,102.54,C
VICENTE DANTONI,2,2024,0.0,E,6.72,C,0.0,E,,,0.04,E,,,101.74,C
VICENTE DANTONI,3,2024,54.15,A,6.59,C,94.33,C,6.74,D,0.0,E,0.0,E,100.0,C
VICENTE DANTONI,4,2024,54.15,A,6.72,C,92.45,C,7.97,C,0.03,E,0.06,E,100.83,C
VICENTE DANTONI,5,2024,52.2,A,6.12,C,91.38,C,4.82,E,0.01,E,0.02,E,100.25,C
VICENTE DANTONI,6,2024,51.9,A,8.76,D,62.9,D,4.05,E,0.06,E,0.11,E,101.16,C
VICENTE DANTONI,7,2024,51.8,A,7.58,D,72.72,D,4.08,E,0.14,E,0.25,E,102.13,C
VICENTE DANTONI,8,2024,51.82,A,7.55,D,75.1,D,5.48,D,0.21,E,0.39,E,102.81,C
VICENTE DANTONI,9,2024,51.64,A,5.92,C,98.52,C,7.82,C,0.28,E,0.52,E,103.3,C
VICENTE DANTONI,10,2024,48.2,A,5.67,C,134.59,A,3.01,E,-6.1,E,-11.92,E,62.65,E
VICENTE DANTONI,11,2024,48.37,A,11.56,E,67.35,D,3.03,E,-6.16,E,-11.98,E,64.67,E
VICENTE DANTONI,12,2024,48.3,A,8.3,D,95.08,C,5.46,D,0.26,E,0.51,E,102.16,C
VICENTE DANTONI,1,2025,47.2,A,8.85,D,90.48,C,4.72,E,0.05,E,0.1,E,104.92,C
VICENTE DANTONI,2,2025,46.01,A,7.85,D,99.52,C,5.25,E,0.06,E,0.13,E,102.97,C
VICENTE DANTONI,3,2025,45.81,A,9.28,D,84.54,D,3.51,E,0.0,E,0.01,E,100.09,C
VICENTE DANTONI,4,2025,44.84,A,8.7,D,88.73,C,6.04,D,0.04,E,0.09,E,100.93,C
VICENTE DANTONI,5,2025,43.54,A,9.54,D,79.86,D,9.63,B,0.09,E,0.19,E,101.69,C
VICENTE DANTONI,6,2025,43.32,A,8.85,D,83.59,D,4.28,E,0.12,E,0.27,E,102.0,C
VICENTE DANTONI,7,2025,42.08,A,10.33,E,70.73,D,8.87,C,0.18,E,0.41,E,102.58,C
VICENTE DANTONI,8,2025,43.01,A,8.78,D,83.63,D,4.82,E,0.26,E,0.57,E,103.07,C
VICENTE DANTONI,9,2025,43.29,A,7.32,D,101.73,B,2.95,E,0.37,D,0.82,E,103.92,C
VICENTE DANTONI,10,2025,43.47,A,9.69,D,76.39,D,2.66,E,0.4,D,0.88,E,103.83,C
VICENTE DANTONI,11,2025,43.69,A,9.32,D,78.24,D,3.19,E,0.44,C,0.96,E,103.83,C
VICENTE DANTONI,12,2025,44.11,A,10.13,E,72.71,D,5.35,E,0.28,E,0.59,E,102.11,C
VICENTE DANTONI,1,2026,43.8,A,8.99,D,80.74,D,3.4,E,0.06,E,0.13,E,105.81,C
VICENTE DANTONI,2,2026,42.87,A,9.09,D,79.34,D,5.67,D,0.11,E,0.23,E,105.14,C
VICENTE DANTONI,3,2026,42.22,A,,,,,7.24,D,0.14,E,0.31,E,104.59,C
COOPACYL,1,2019,0.0,E,32.79,E,0.0,E,,,0.16,E,,,111.42,B
COOPACYL,2,2019,0.0,E,32.12,E,0.0,E,,,0.34,D,,,111.9,B
COOPACYL,3,2019,0.0,E,32.48,E,0.0,E,,,0.48,C,,,110.45,B
COOPACYL,4,2019,0.0,E,33.16,E,0.0,E,,,0.53,B,,,108.86,C
COOPACYL,5,2019,0.0,E,45.51,E,0.0,E,,,0.86,A,,,114.46,B
COOPACYL,6,2019,0.0,E,33.43,E,0.0,E,,,0.93,A,,,110.68,B
COOPACYL,7,2019,0.0,E,34.0,E,0.0,E,,,1.09,A,,,110.87,B
COOPACYL,8,2019,0.0,E,34.56,E,0.0,E,,,1.29,A,,,111.38,B
COOPACYL,9,2019,0.0,E,34.86,E,0.0,E,,,1.37,A,,,110.8,B
COOPACYL,10,2019,0.0,E,34.41,E,0.0,E,,,1.48,A,,,110.59,B
COOPACYL,11,2019,0.0,E,33.03,E,0.0,E,,,1.55,A,,,109.96,C
COOPACYL,12,2019,0.0,E,31.34,E,0.0,E,,,0.43,C,,,102.37,C
COOPACYL,1,2020,0.0,E,31.72,E,0.0,E,,,0.14,E,,,109.61,C
COOPACYL,2,2020,0.0,E,31.04,E,0.0,E,,,0.57,B,,,121.31,B
COOPACYL,3,2020,0.0,E,36.04,E,0.0,E,,,0.83,A,,,121.74,B
COOPACYL,4,2020,0.0,E,46.15,E,0.0,E,,,0.91,A,,,118.64,B
COOPACYL,5,2020,0.0,E,45.51,E,0.0,E,,,0.86,A,,,114.46,B
COOPACYL,6,2020,0.0,E,41.29,E,0.0,E,,,1.06,A,,,114.57,B
COOPACYL,7,2020,0.0,E,33.1,E,0.0,E,,,1.41,A,,,117.01,B
COOPACYL,8,2020,0.0,E,33.54,E,0.0,E,,,1.76,A,,,118.87,B
COOPACYL,9,2020,0.0,E,30.91,E,0.0,E,,,2.06,A,,,119.66,B
COOPACYL,10,2020,0.0,E,27.68,E,0.0,E,,,2.37,A,,,120.59,B
COOPACYL,11,2020,0.0,E,28.16,E,0.0,E,,,1.6,A,,,111.79,B
COOPACYL,12,2020,0.0,E,25.26,E,0.0,E,,,0.34,D,,,102.08,C
COOPACYL,1,2021,0.0,E,26.41,E,0.0,E,,,0.35,D,,,133.19,B
COOPACYL,2,2021,0.0,E,24.86,E,0.0,E,,,0.74,A,,,135.8,B
COOPACYL,3,2021,0.0,E,23.15,E,0.0,E,,,0.93,A,,,126.87,B
COOPACYL,4,2021,0.0,E,22.73,E,0.0,E,,,1.25,A,,,127.27,B
COOPACYL,5,2021,0.0,E,21.41,E,0.0,E,,,1.58,A,,,127.7,B
COOPACYL,6,2021,0.0,E,20.89,E,0.0,E,,,1.91,A,,,127.8,B
COOPACYL,7,2021,0.0,E,19.68,E,0.0,E,,,2.24,A,,,128.53,B
COOPACYL,8,2021,0.0,E,19.81,E,0.0,E,,,2.44,A,,,127.41,B
COOPACYL,9,2021,0.0,E,17.85,E,0.0,E,,,2.77,A,,,128.32,B
COOPACYL,10,2021,0.0,E,17.77,E,0.0,E,,,2.95,A,,,126.68,B
COOPACYL,11,2021,0.0,E,17.24,E,0.0,E,,,2.28,A,,,117.41,B
COOPACYL,12,2021,0.0,E,16.79,E,0.0,E,,,0.68,A,,,104.32,C
COOPACYL,1,2022,0.0,E,16.13,E,0.0,E,,,0.41,D,,,139.41,B
COOPACYL,2,2022,0.0,E,16.69,E,0.0,E,,,0.75,A,,,135.39,B
COOPACYL,3,2022,0.0,E,15.83,E,0.0,E,,,1.11,A,,,134.3,B
COOPACYL,4,2022,0.0,E,15.69,E,0.0,E,,,1.4,A,,,132.62,B
COOPACYL,5,2022,0.0,E,14.96,E,0.0,E,,,1.85,A,,,135.05,B
COOPACYL,6,2022,0.0,E,14.65,E,0.0,E,,,2.1,A,,,132.61,B
COOPACYL,7,2022,0.0,E,13.69,E,0.0,E,,,2.29,A,,,131.05,B
COOPACYL,8,2022,0.0,E,12.91,E,0.0,E,,,2.74,A,,,132.76,B
COOPACYL,9,2022,0.0,E,13.03,E,0.0,E,,,3.08,A,,,132.57,B
COOPACYL,10,2022,0.0,E,13.52,E,0.0,E,,,3.29,A,,,131.68,B
COOPACYL,11,2022,0.0,E,12.81,E,0.0,E,,,3.59,A,,,131.12,B
COOPACYL,12,2022,0.0,E,13.33,E,0.0,E,,,1.07,A,,,106.89,C
COOPACYL,1,2023,0.0,E,12.91,E,0.0,E,,,0.4,D,,,140.32,B
COOPACYL,2,2023,0.0,E,12.0,E,0.0,E,,,0.82,A,,,139.24,B
COOPACYL,3,2023,0.0,E,11.32,E,0.0,E,,,1.25,A,,,139.26,B
COOPACYL,4,2023,0.0,E,12.25,E,0.0,E,,,1.64,A,,,140.85,B
COOPACYL,5,2023,0.0,E,12.45,E,0.0,E,,,2.13,A,,,142.6,B
COOPACYL,6,2023,0.0,E,12.47,E,0.0,E,,,2.51,A,,,141.61,B
COOPACYL,7,2023,0.0,E,12.69,E,0.0,E,,,2.69,A,,,137.33,B
COOPACYL,8,2023,0.0,E,12.49,E,0.0,E,,,2.92,A,,,135.46,B
COOPACYL,9,2023,0.0,E,7.52,D,0.0,E,,,3.34,A,,,135.71,B
COOPACYL,10,2023,0.0,E,7.28,D,0.0,E,,,3.61,A,,,134.57,B
COOPACYL,11,2023,0.0,E,7.84,D,0.0,E,,,3.27,A,,,126.88,B
COOPACYL,12,2023,0.0,E,8.03,D,0.0,E,,,1.83,A,,,112.05,B
COOPACYL,1,2024,0.0,E,8.59,D,0.0,E,,,0.46,C,,,148.2,A
COOPACYL,2,2024,0.0,E,8.52,D,0.0,E,,,0.89,A,,,146.45,A
COOPACYL,3,2024,27.64,A,8.9,D,165.42,A,11.19,B,1.24,A,3.98,E,143.83,A
COOPACYL,4,2024,27.63,A,8.53,D,171.01,A,10.13,B,1.59,A,5.12,E,141.56,B
COOPACYL,5,2024,28.5,A,9.13,D,158.97,A,10.43,B,1.99,A,6.22,D,142.03,B
COOPACYL,6,2024,28.87,A,9.83,D,147.04,A,9.28,B,2.29,A,7.07,D,139.66,B
COOPACYL,7,2024,28.98,A,10.04,E,143.73,A,8.39,C,2.49,A,7.63,D,135.47,B
COOPACYL,8,2024,28.82,A,9.7,D,148.2,A,10.05,B,2.71,A,8.38,D,133.87,B
COOPACYL,9,2024,29.1,A,9.66,D,147.33,A,8.44,C,2.79,A,8.55,C,130.27,B
COOPACYL,10,2024,28.96,A,9.92,D,143.58,A,10.32,B,3.05,A,9.39,C,130.42,B
COOPACYL,11,2024,29.17,A,9.79,D,145.53,A,8.4,C,3.08,A,9.39,C,126.8,B
COOPACYL,12,2024,28.45,A,10.74,E,132.71,A,8.38,C,2.24,A,7.01,D,116.5,B
COOPACYL,1,2025,26.63,A,10.98,E,130.97,A,7.82,C,0.49,C,1.65,E,150.05,A
COOPACYL,2,2025,26.27,A,10.8,E,132.2,A,8.47,C,0.78,A,2.64,E,137.83,B
COOPACYL,3,2025,26.06,A,10.97,E,129.22,B,10.68,B,1.11,A,3.82,E,137.64,B
COOPACYL,4,2025,26.08,A,10.92,E,128.42,B,11.11,B,1.52,A,5.23,E,139.21,B
COOPACYL,5,2025,26.08,A,11.09,E,125.69,B,11.48,B,1.81,A,6.22,D,137.13,B
COOPACYL,6,2025,25.9,A,10.72,E,129.83,B,15.06,A,2.13,A,7.38,D,137.48,B
COOPACYL,7,2025,27.31,A,10.03,E,132.66,A,13.94,A,2.47,A,8.15,D,137.28,B
COOPACYL,8,2025,27.75,A,9.53,D,130.56,A,14.56,A,3.02,A,9.91,C,140.32,B
COOPACYL,9,2025,27.49,A,9.55,D,130.78,A,15.27,A,3.14,A,10.39,B,137.41,B
COOPACYL,10,2025,27.37,A,9.59,D,132.34,A,17.19,A,3.13,A,10.4,B,132.94,B
COOPACYL,11,2025,27.28,A,10.02,E,127.36,B,18.56,A,3.23,A,10.78,B,130.67,B
COOPACYL,12,2025,26.53,A,10.79,E,121.8,B,16.96,A,0.9,A,3.08,E,106.31,C
COOPACYL,1,2026,25.9,A,11.12,E,118.23,B,18.81,A,0.45,C,1.56,E,153.63,A
COOPACYL,2,2026,25.98,A,10.32,E,124.91,B,18.68,A,0.89,A,3.09,E,153.08,A
YUSCARAN,1,2019,0.0,E,22.36,E,0.0,E,,,0.4,D,,,146.6,A
YUSCARAN,2,2019,0.0,E,22.13,E,0.0,E,,,0.58,B,,,132.03,B
YUSCARAN,3,2019,0.0,E,21.48,E,0.0,E,,,0.41,D,,,112.8,B
YUSCARAN,4,2019,0.0,E,23.96,E,0.0,E,,,2.66,A,,,160.46,A
YUSCARAN,5,2019,0.0,E,49.38,E,0.0,E,,,0.99,A,,,120.71,B
YUSCARAN,6,2019,0.0,E,24.4,E,0.0,E,,,3.17,A,,,147.24,A
YUSCARAN,7,2019,0.0,E,25.31,E,0.0,E,,,3.8,A,,,151.29,A
YUSCARAN,8,2019,0.0,E,25.52,E,0.0,E,,,4.1,A,,,148.64,A
YUSCARAN,9,2019,0.0,E,22.86,E,0.0,E,,,4.88,A,,,152.62,A
YUSCARAN,10,2019,0.0,E,35.28,E,0.0,E,,,5.09,A,,,149.9,A
YUSCARAN,11,2019,0.0,E,36.88,E,0.0,E,,,5.69,A,,,150.47,A
YUSCARAN,12,2019,0.0,E,37.36,E,0.0,E,,,2.46,A,,,115.49,B
YUSCARAN,1,2020,0.0,E,37.72,E,0.0,E,,,0.38,D,,,137.76,B
YUSCARAN,2,2020,0.0,E,36.21,E,0.0,E,,,0.77,A,,,139.38,B
YUSCARAN,3,2020,0.0,E,38.32,E,0.0,E,,,0.92,A,,,131.03,B
YUSCARAN,4,2020,0.0,E,46.1,E,0.0,E,,,0.9,A,,,122.56,B
YUSCARAN,5,2020,0.0,E,49.38,E,0.0,E,,,0.99,A,,,120.71,B
YUSCARAN,6,2020,0.0,E,48.32,E,0.0,E,,,1.18,A,,,120.94,B
YUSCARAN,7,2020,0.0,E,49.64,E,0.0,E,,,1.12,A,,,117.31,B
YUSCARAN,8,2020,0.0,E,46.95,E,0.0,E,,,1.4,A,,,118.88,B
YUSCARAN,9,2020,0.0,E,47.4,E,0.0,E,,,1.88,A,,,122.86,B
YUSCARAN,10,2020,0.0,E,50.19,E,0.0,E,,,2.02,A,,,122.02,B
YUSCARAN,11,2020,0.0,E,50.4,E,0.0,E,,,2.12,A,,,120.85,B
YUSCARAN,12,2020,0.0,E,49.8,E,0.0,E,,,0.77,A,,,105.79,C
YUSCARAN,1,2021,0.0,E,52.19,E,0.0,E,,,0.64,B,,,178.43,A
YUSCARAN,2,2021,0.0,E,52.86,E,0.0,E,,,0.99,A,,,158.24,A
YUSCARAN,3,2021,0.0,E,55.82,E,0.0,E,,,1.94,A,,,177.46,A
YUSCARAN,4,2021,0.0,E,50.57,E,0.0,E,,,2.28,A,,,166.81,A
YUSCARAN,5,2021,0.0,E,51.39,E,0.0,E,,,2.7,A,,,164.16,A
YUSCARAN,6,2021,0.0,E,53.73,E,0.0,E,,,2.99,A,,,158.29,A
YUSCARAN,7,2021,0.0,E,56.07,E,0.0,E,,,3.64,A,,,162.33,A
YUSCARAN,8,2021,0.0,E,55.86,E,0.0,E,,,4.44,A,,,166.02,A
YUSCARAN,9,2021,0.0,E,56.95,E,0.0,E,,,4.34,A,,,154.72,A
YUSCARAN,10,2021,0.0,E,55.35,E,0.0,E,,,4.63,A,,,152.88,A
YUSCARAN,11,2021,0.0,E,54.2,E,0.0,E,,,5.02,A,,,151.72,A
YUSCARAN,12,2021,0.0,E,51.24,E,0.0,E,,,2.0,A,,,114.32,B
YUSCARAN,1,2022,0.0,E,47.63,E,0.0,E,,,0.57,B,,,166.37,A
YUSCARAN,2,2022,0.0,E,39.54,E,0.0,E,,,1.07,A,,,166.64,A
YUSCARAN,3,2022,0.0,E,42.01,E,0.0,E,,,1.46,A,,,158.56,A
YUSCARAN,4,2022,0.0,E,46.29,E,0.0,E,,,1.56,A,,,142.65,B
YUSCARAN,5,2022,0.0,E,46.59,E,0.0,E,,,1.86,A,,,141.79,B
YUSCARAN,6,2022,0.0,E,47.17,E,0.0,E,,,2.15,A,,,141.06,B
YUSCARAN,7,2022,0.0,E,47.09,E,0.0,E,,,2.31,A,,,136.11,B
YUSCARAN,8,2022,0.0,E,44.82,E,0.0,E,,,2.71,A,,,137.57,B
YUSCARAN,9,2022,0.0,E,39.24,E,0.0,E,,,2.96,A,,,136.38,B
YUSCARAN,10,2022,0.0,E,41.61,E,0.0,E,,,3.46,A,,,138.47,B
YUSCARAN,11,2022,0.0,E,38.85,E,0.0,E,,,3.74,A,,,137.82,B
YUSCARAN,12,2022,0.0,E,39.71,E,0.0,E,,,1.88,A,,,114.38,B
YUSCARAN,1,2023,0.0,E,37.28,E,0.0,E,,,0.38,D,,,147.07,A
YUSCARAN,2,2023,0.0,E,38.01,E,0.0,E,,,0.71,A,,,143.8,A
YUSCARAN,3,2023,0.0,E,37.09,E,0.0,E,,,1.04,A,,,139.88,B
YUSCARAN,4,2023,0.0,E,39.56,E,0.0,E,,,1.08,A,,,130.04,B
YUSCARAN,5,2023,0.0,E,38.93,E,0.0,E,,,0.84,A,,,116.83,B
YUSCARAN,6,2023,0.0,E,21.81,E,0.0,E,,,0.99,A,,,116.49,B
YUSCARAN,7,2023,0.0,E,21.9,E,0.0,E,,,1.09,A,,,115.32,B
YUSCARAN,8,2023,0.0,E,22.07,E,0.0,E,,,1.21,A,,,115.23,B
YUSCARAN,9,2023,0.0,E,21.84,E,0.0,E,,,1.57,A,,,117.85,B
YUSCARAN,10,2023,0.0,E,21.44,E,0.0,E,,,2.17,A,,,122.07,B
YUSCARAN,11,2023,0.0,E,21.51,E,0.0,E,,,2.24,A,,,120.59,B
YUSCARAN,12,2023,0.0,E,27.53,E,0.0,E,,,1.23,A,,,109.29,C
YUSCARAN,1,2024,0.0,E,25.18,E,0.0,E,,,0.27,E,,,132.04,B
YUSCARAN,2,2024,0.0,E,24.65,E,0.0,E,,,0.56,B,,,129.45,B
YUSCARAN,3,2024,57.06,A,24.13,E,91.37,C,57.12,A,0.37,D,0.56,E,112.34,B
YUSCARAN,4,2024,56.83,A,24.71,E,88.81,C,54.6,A,0.36,D,0.54,E,108.81,C
YUSCARAN,5,2024,57.12,A,25.35,E,87.26,C,54.43,A,0.32,D,0.49,E,106.3,C
YUSCARAN,6,2024,58.49,A,24.37,E,90.52,C,54.69,A,0.43,C,0.64,E,107.21,C
YUSCARAN,7,2024,57.82,A,22.84,E,93.28,C,50.9,A,1.16,A,1.73,E,116.77,B
YUSCARAN,8,2024,57.84,A,18.25,E,116.25,B,51.42,A,1.2,A,1.8,E,115.55,B
YUSCARAN,9,2024,58.74,A,16.58,E,117.4,B,30.04,A,1.24,A,1.82,E,113.85,B
YUSCARAN,10,2024,58.41,A,16.97,E,114.8,B,25.75,A,1.3,A,1.93,E,113.14,B
YUSCARAN,11,2024,58.17,A,15.71,E,123.04,B,24.33,A,1.5,A,2.24,E,113.72,B
YUSCARAN,12,2024,57.77,A,17.23,E,112.35,B,29.88,A,1.43,A,2.15,E,110.95,B
YUSCARAN,1,2025,56.62,A,17.01,E,113.06,B,26.69,A,0.18,E,0.28,E,120.68,B
YUSCARAN,2,2025,56.28,A,16.06,E,117.61,B,21.9,A,0.31,D,0.48,E,116.42,B
YUSCARAN,3,2025,57.3,A,14.17,E,131.82,A,20.89,A,0.92,A,1.39,E,130.78,B
YUSCARAN,4,2025,56.91,A,14.62,E,129.37,B,22.93,A,0.72,A,1.1,E,116.78,B
YUSCARAN,5,2025,57.27,A,13.13,E,144.48,A,22.8,A,0.74,A,1.12,E,113.45,B
YUSCARAN,6,2025,58.05,A,14.73,E,129.47,B,22.32,A,0.73,A,1.09,E,110.93,B
YUSCARAN,7,2025,57.14,A,15.44,E,123.06,B,16.63,A,1.04,A,1.57,E,113.36,B
YUSCARAN,8,2025,57.19,A,16.58,E,112.65,B,13.47,A,1.41,A,2.13,E,115.95,B
YUSCARAN,9,2025,57.63,A,15.77,E,119.93,B,14.71,A,1.43,A,2.14,E,114.35,B
YUSCARAN,10,2025,57.27,A,15.89,E,120.31,B,19.39,A,1.25,A,1.9,E,111.33,B
YUSCARAN,11,2025,57.09,A,19.13,E,100.21,B,20.08,A,1.14,A,1.73,E,109.4,C
YUSCARAN,12,2025,57.49,A,16.93,E,114.66,B,22.83,A,0.65,B,0.97,E,104.32,C
YUSCARAN,1,2026,57.21,A,12.8,E,154.44,A,26.75,A,0.06,E,0.09,E,105.61,C
YUSCARAN,2,2026,56.85,A,15.33,E,126.17,B,23.01,A,0.07,E,0.11,E,103.53,C
YUSCARAN,3,2026,56.56,A,,,,,21.55,A,0.08,E,0.12,E,102.42,C
15 DE SEPTIEMBRE,4,2026,41.38,A,,,,,8.28,C,0.79,A,1.82,E,125.08,B
4 DE JUNIO,4,2026,45.53,A,,,,,19.28,A,0.44,C,0.91,E,109.15,C
APAGUIZ,4,2026,32.96,A,,,,,37.73,A,0.67,A,1.97,E,127.54,B
ARSENAULT,4,2026,23.75,A,,,,,21.66,A,0.05,E,0.21,E,101.56,C
BECERRA,4,2026,20.09,A,,,,,41.62,A,1.38,A,6.48,D,140.24,B
CACEENP,4,2026,38.03,A,,,,,5.73,D,0.27,E,0.67,E,106.94,C
CAMPAMENTO,4,2026,35.08,A,,,,,25.74,A,0.58,B,1.53,E,115.49,B
CEIBEÑA,4,2026,28.48,A,,,,,17.31,A,0.13,E,0.43,E,102.98,C
CHOROTEGA,4,2026,39.81,A,,,,,7.4,D,0.46,C,1.11,E,113.95,B
CUNA MAYA,4,2026,20.03,A,,,,,13.75,A,0.1,E,0.5,E,101.98,C
EMPLEADOS UNAH,4,2026,66.42,A,,,,,10.63,B,0.8,A,1.11,E,120.33,B
EMPLEADOS PODER JUDICIAL,4,2026,62.11,A,,,,,38.8,A,1.82,A,2.88,E,164.02,A
EDNE,4,2026,74.4,A,,,,,147.58,A,0.69,A,0.8,E,112.97,B
COACEHL,4,2026,62.92,A,,,,,27.75,A,0.84,A,1.31,E,127.59,B
EL NEGRITO,4,2026,29.21,A,,,,,23.97,A,0.23,E,0.74,E,104.98,C
EL PORVENIR,4,2026,47.18,A,,,,,33.61,A,0.15,E,0.3,E,104.5,C
ELGA,4,2026,42.39,A,,,,,33.2,A,0.1,E,0.23,E,103.19,C
EMPLEADOS BANPAIS,4,2026,87.69,A,,,,,18.92,A,0.27,E,0.3,E,107.94,C
EMPLEADOS CEMCOL,4,2026,23.08,A,,,,,5.74,D,0.04,E,0.18,E,100.84,C
CECOEL,4,2026,74.01,A,,,,,23.06,A,1.35,A,1.81,E,135.51,B
CACEINTOL,4,2026,39.96,A,,,,,22.58,A,0.75,A,1.78,E,116.95,B
EMPLEADOS IHSS,4,2026,69.93,A,,,,,33.77,A,1.43,A,1.98,E,131.9,B
EMPLEADOS LA REYNA Y STIBYS,4,2026,61.9,A,,,,,1.3,E,1.61,A,2.55,E,156.09,A
ULTRAJET,4,2026,68.26,A,,,,,8.07,C,0.43,C,0.6,E,113.14,B
CACESPROL,4,2026,86.71,A,,,,,61.19,A,0.72,A,0.81,E,124.79,B
ESFUERZO LANGÜEÑO,4,2026,23.41,A,,,,,11.7,B,1.47,A,5.88,E,172.94,A
FE Y ESPERANZA,4,2026,43.61,A,,,,,21.36,A,0.23,E,0.51,E,105.42,C
FINACOOP,4,2026,33.83,A,,,,,15.09,A,0.05,E,0.14,E,101.01,C
FRATERNIDAD PESPIRENSE,4,2026,53.91,A,,,,,6.48,D,0.39,D,0.7,E,113.52,B
FRONTERIZA INTIBUCANA,4,2026,17.41,A,,,,,26.73,A,1.02,A,5.74,E,147.55,A
GUANAJA,4,2026,34.54,A,,,,,15.49,A,0.58,B,1.61,E,118.73,B
CACIBSCOL,4,2026,58.99,A,,,,,7.27,D,0.15,E,0.25,E,103.78,C
CACIL,4,2026,22.14,A,,,,,14.35,A,0.21,E,0.94,E,107.51,C
INVERSIONES HONDURAS,4,2026,43.0,A,,,,,19.28,A,0.42,D,0.97,E,111.11,B
JUTICALPA,4,2026,31.57,A,,,,,31.85,A,0.63,B,1.96,E,122.4,B
LA GUADALUPE,4,2026,43.95,A,,,,,15.47,A,0.71,A,1.55,E,125.73,B
MAS QUE VENCEDORES,4,2026,60.52,A,,,,,28.43,A,-0.07,E,-0.12,E,98.23,C
NUEVA VIDA,4,2026,52.84,A,,,,,24.19,A,0.84,A,1.53,E,130.34,B
OCOTEPEQUE,4,2026,23.43,A,,,,,16.23,A,0.92,A,3.79,E,132.66,B
PACURA AGUAN,4,2026,24.92,A,,,,,55.3,A,0.37,D,1.45,E,111.18,B
PINALEJO,4,2026,29.88,A,,,,,16.39,A,0.0,E,0.01,E,100.06,C
PROSPERIDAD,4,2026,67.83,A,,,,,24.99,A,-0.94,E,-1.22,E,80.37,D
RIO GRANDE,4,2026,28.02,A,,,,,13.29,A,0.59,B,2.08,E,119.95,B
SAGRADA FAMILIA,4,2026,40.47,A,,,,,10.67,B,0.45,C,1.02,E,112.06,B
SAN ANDRES,4,2026,31.8,A,,,,,18.62,A,0.7,A,2.02,E,125.51,B
MARIA CLARET,4,2026,21.17,A,,,,,8.55,C,0.23,E,1.05,E,105.34,C
SAN MARQUEÑA,4,2026,52.56,A,,,,,15.53,A,0.6,B,1.1,E,116.02,B
CAYCSOL,4,2026,16.74,A,,,,,24.48,A,0.08,E,0.47,E,102.0,C
TALANGA,4,2026,29.48,A,,,,,18.16,A,0.29,E,0.95,E,108.58,C
TAULABE,4,2026,30.75,A,,,,,7.01,D,0.14,E,0.41,E,104.29,C
CACSULACTA,4,2026,90.07,A,,,,,-11.21,E,1.4,A,1.53,E,139.66,B
VICENTE DANTONI,4,2026,42.64,A,,,,,7.82,C,0.17,E,0.39,E,104.21,C
COOPACYL,4,2026,26.96,A,,,,,14.67,A,1.85,A,6.25,D,155.58,A
YUSCARAN,4,2026,56.74,A,,,,,23.27,A,0.22,E,0.33,E,104.63,C
MX AHORRA MAS,4,2026,86.13,A,,,,,70.81,A,0.44,C,0.52,E,118.75,B
MX COMEGA,4,2026,51.76,A,,,,,25.5,A,0.25,E,0.47,E,103.33,C
MX EMPLEADOS BANCAHSA,4,2026,84.55,A,,,,,26.24,A,0.58,B,0.68,E,128.18,B
MX CEMENTEROS DEL NORTE,4,2026,85.67,A,,,,,14.2,A,1.24,A,1.43,E,120.46,B
MX EMPLEADOS VICENTE CACERES,4,2026,76.03,A,,,,,149.62,A,2.41,A,3.01,E,183.72,A
MX COMESULAL,4,2026,82.18,A,,,,,47.7,A,1.23,A,1.49,E,138.53,B
MX COMESA,4,2026,89.57,A,,,,,55.12,A,1.38,A,1.53,E,135.67,B
MX ZIP BUENA VISTA,4,2026,39.17,A,,,,,10.02,B,1.9,A,4.23,E,133.85,B
MX JUBILADOS 17 SEPTIEMBRE,4,2026,78.02,A,,,,,105.29,A,1.47,A,1.87,E,167.44,A
MX COMITRAFABAL,4,2026,70.71,A,,,,,11.11,B,0.75,A,1.02,E,122.71,B
MX EL CORTIJO,4,2026,58.48,A,,,,,53.36,A,1.82,A,3.05,E,133.51,B
MX EMPLEADOS BANCOCCI,4,2026,91.26,A,,,,,67.01,A,0.52,B,0.55,E,119.01,B
MX EMPLEADOS MP,4,2026,66.46,A,,,,,34.12,A,0.78,A,1.09,E,115.43,B
MX EMPLEADOS DINANT,4,2026,75.91,A,,,,,21.06,A,0.42,D,0.55,E,114.91,B
MX EMPLEADOS ENEE,4,2026,74.68,A,,,,,82.83,A,1.05,A,1.24,E,127.36,B
MX GILDAN VILLA NUEVA,4,2026,81.8,A,,,,,512.99,A,2.32,A,2.79,E,154.14,A
MX EMPLEADOS DEL VALLE,4,2026,92.74,A,,,,,584.84,A,1.29,A,1.38,E,134.8,B
MX EMPLEADOS UNICOMER,4,2026,86.69,A,,,,,177.27,A,0.28,E,0.31,E,102.99,C
MX ESFUERZO GENTE Y TRABAJO,4,2026,88.61,A,,,,,47.65,A,0.73,A,0.82,E,126.05,B
MX IGUALDAD,4,2026,72.41,A,,,,,29.3,A,1.33,A,1.81,E,126.56,B
MX LA PROSPERIDAD,4,2026,42.84,A,,,,,16.93,A,0.33,D,0.67,E,106.38,C
MX LEMPIRA SUR,4,2026,26.93,A,,,,,23.69,A,0.67,A,2.43,E,118.32,B
MX MEDICA HONDUREÑA,4,2026,58.48,A,,,,,15.38,A,-1.36,E,-2.16,E,74.94,D
MX MUJERES EN ACCION,4,2026,38.94,A,,,,,33.34,A,0.3,E,0.72,E,106.64,C
MX MUJERES UNIDAS,4,2026,-91.26,E,,,,,6.87,D,-0.16,E,0.06,E,96.52,C
MX MULTIPARTICIPATIVA,4,2026,82.77,A,,,,,31.14,A,1.4,A,1.63,E,130.12,B
MX PORTEÑA,4,2026,36.48,A,,,,,12.99,A,0.07,E,0.17,E,101.11,C
MX PRODUCTORES INTEGRADOS,4,2026,28.6,A,,,,,22.11,A,0.3,D,0.99,E,106.34,C
MX REGIONAL GUALEMA,4,2026,22.73,A,,,,,54.21,A,1.07,A,4.49,E,146.66,A
MX SABANA GRANDE,4,2026,41.29,A,,,,,10.97,B,0.87,A,2.04,E,124.88,B
MX SAN ISIDRO,4,2026,36.68,A,,,,,9.13,B,0.27,E,0.67,E,105.64,C
MX UNIDAS PARA PROGRESAR,4,2026,32.67,A,,,,,21.08,A,0.96,A,2.58,E,116.63,B
MX USULA,4,2026,39.23,A,,,,,25.88,A,0.4,D,0.99,E,110.67,B
15 DE SEPTIEMBRE,5,2026,41.97,A,,,,,9.41,B,1.0,A,2.26,E,125.32,B
4 DE JUNIO,5,2026,45.61,A,,,,,19.79,A,0.52,B,1.08,E,108.67,C
APAGUIZ,5,2026,32.98,A,,,,,35.83,A,0.88,A,2.58,E,129.72,B
ARSENAULT,5,2026,23.6,A,,,,,19.43,A,0.0,E,0.01,E,100.03,C
BECERRA,5,2026,21.37,A,,,,,40.14,A,1.98,A,8.7,C,147.56,A
CACEENP,5,2026,38.07,A,,,,,6.24,D,0.35,D,0.87,E,107.24,C
CAMPAMENTO,5,2026,35.94,A,,,,,22.29,A,0.76,A,1.96,E,116.31,B
CEIBEÑA,5,2026,28.51,A,,,,,17.78,A,0.19,E,0.64,E,103.59,C
CHOROTEGA,5,2026,39.71,A,,,,,8.19,C,0.58,B,1.42,E,114.42,B
CUNA MAYA,5,2026,19.45,A,,,,,11.16,B,-0.06,E,-0.32,E,99.01,C
EMPLEADOS UNAH,5,2026,65.71,A,,,,,14.2,A,1.1,A,1.55,E,123.16,B
EMPLEADOS PODER JUDICIAL,5,2026,62.89,A,,,,,38.11,A,2.45,A,3.82,E,171.01,A
EDNE,5,2026,75.59,A,,,,,227.93,A,0.87,A,0.99,E,112.98,B
COACEHL,5,2026,62.72,A,,,,,27.87,A,0.94,A,1.47,E,124.2,B
EL NEGRITO,5,2026,28.83,A,,,,,26.29,A,0.24,E,0.8,E,104.27,C
EL PORVENIR,5,2026,48.23,A,,,,,37.27,A,0.23,E,0.45,E,105.63,C
ELGA,5,2026,42.79,A,,,,,33.44,A,0.16,E,0.35,E,103.84,C
EMPLEADOS BANPAIS,5,2026,86.88,A,,,,,34.6,A,0.28,E,0.33,E,106.89,C
EMPLEADOS CEMCOL,5,2026,22.29,A,,,,,8.2,C,0.01,E,0.04,E,100.13,C
CECOEL,5,2026,73.56,A,,,,,26.38,A,1.63,A,2.21,E,134.98,B
CACEINTOL,5,2026,41.04,A,,,,,14.0,A,1.01,A,2.32,E,118.19,B
EMPLEADOS IHSS,5,2026,71.58,A,,,,,33.85,A,1.57,A,2.11,E,127.01,B
EMPLEADOS LA REYNA Y STIBYS,5,2026,61.11,A,,,,,10.12,B,1.7,A,2.73,E,144.84,A
ULTRAJET,5,2026,67.53,A,,,,,5.42,D,0.63,B,0.89,E,115.51,B
CACESPROL,5,2026,86.79,A,,,,,47.82,A,0.87,A,0.99,E,123.97,B
ESFUERZO LANGÜEÑO,5,2026,23.11,A,,,,,13.05,A,1.67,A,6.78,D,163.59,A
FE Y ESPERANZA,5,2026,43.61,A,,,,,24.73,A,0.18,E,0.41,E,103.43,C
FINACOOP,5,2026,33.59,A,,,,,13.31,A,0.09,E,0.21,E,101.28,C
FRATERNIDAD PESPIRENSE,5,2026,53.69,A,,,,,5.25,E,0.45,C,0.82,E,112.77,B
FRONTERIZA INTIBUCANA,5,2026,17.55,A,,,,,26.61,A,1.27,A,7.12,D,146.19,A
GUANAJA,5,2026,34.28,A,,,,,21.98,A,0.57,B,1.6,E,114.46,B
CACIBSCOL,5,2026,56.97,A,,,,,16.63,A,0.63,B,1.08,E,114.38,B
CACIL,5,2026,22.0,A,,,,,13.08,A,0.26,E,1.14,E,107.27,C
INVERSIONES HONDURAS,5,2026,43.02,A,,,,,19.53,A,0.51,B,1.16,E,110.65,B
JUTICALPA,5,2026,31.17,A,,,,,33.4,A,0.75,A,2.35,E,121.32,B
LA GUADALUPE,5,2026,43.75,A,,,,,15.06,A,0.88,A,1.92,E,125.76,B
MAS QUE VENCEDORES,5,2026,59.74,A,,,,,24.92,A,-0.05,E,-0.08,E,99.06,C
NUEVA VIDA,5,2026,52.84,A,,,,,24.24,A,0.98,A,1.79,E,127.9,B
OCOTEPEQUE,5,2026,24.25,A,,,,,15.98,A,1.11,A,4.41,E,131.99,B
PACURA AGUAN,5,2026,24.85,A,,,,,56.94,A,0.44,C,1.71,E,110.61,B
PINALEJO,5,2026,29.99,A,,,,,13.94,A,0.0,E,0.01,E,100.06,C
PROSPERIDAD,5,2026,67.95,A,,,,,25.01,A,-0.91,E,-1.19,E,84.34,D
RIO GRANDE,5,2026,28.51,A,,,,,9.17,B,0.71,A,2.43,E,118.77,B
SAGRADA FAMILIA,5,2026,40.29,A,,,,,10.1,B,0.63,B,1.44,E,113.86,B
SAN ANDRES,5,2026,31.66,A,,,,,19.25,A,0.99,A,2.89,E,130.28,B
MARIA CLARET,5,2026,20.95,A,,,,,10.97,B,0.29,E,1.33,E,105.47,C
SAN MARQUEÑA,5,2026,52.56,A,,,,,17.59,A,0.72,A,1.33,E,115.61,B
CAYCSOL,5,2026,16.79,A,,,,,23.63,A,0.24,E,1.37,E,104.91,C
TALANGA,5,2026,28.68,A,,,,,23.33,A,0.41,D,1.37,E,110.21,B
TAULABE,5,2026,30.57,A,,,,,6.66,D,0.21,E,0.62,E,105.17,C
CACSULACTA,5,2026,89.13,A,,,,,32.95,A,1.73,A,1.9,E,138.72,B
VICENTE DANTONI,5,2026,41.45,A,,,,,7.62,D,0.26,E,0.6,E,105.28,C
COOPACYL,5,2026,26.66,A,,,,,15.18,A,2.26,A,7.72,D,155.58,A
YUSCARAN,5,2026,56.88,A,,,,,22.21,A,0.09,E,0.14,E,101.55,C
MX AHORRA MAS,5,2026,91.15,A,,,,,100.21,A,0.57,B,0.62,E,119.22,B
MX COMEGA,5,2026,52.14,A,,,,,10.1,B,0.3,D,0.57,E,103.2,C
MX EMPLEADOS BANCAHSA,5,2026,83.9,A,,,,,19.52,A,0.72,A,0.86,E,128.66,B
MX CEMENTEROS DEL NORTE,5,2026,85.48,A,,,,,23.28,A,1.57,A,1.83,E,121.21,B
MX EMPLEADOS VICENTE CACERES,5,2026,76.38,A,,,,,136.22,A,3.09,A,3.85,E,189.28,A
MX COMESULAL,5,2026,82.0,A,,,,,23.86,A,1.63,A,1.97,E,141.88,B
MX COMESA,5,2026,89.15,A,,,,,53.89,A,2.09,A,2.33,E,144.72,A
MX ZIP BUENA VISTA,5,2026,38.9,A,,,,,11.5,B,1.59,A,3.55,E,122.23,B
MX JUBILADOS 17 SEPTIEMBRE,5,2026,79.28,A,,,,,122.37,A,2.44,A,3.03,E,165.52,A
MX COMITRAFABAL,5,2026,70.29,A,,,,,25.78,A,0.84,A,1.14,E,121.27,B
MX EL CORTIJO,5,2026,58.37,A,,,,,57.3,A,2.52,A,4.24,E,139.26,B
MX EMPLEADOS BANCOCCI,5,2026,92.52,A,,,,,78.13,A,0.57,B,0.6,E,116.45,B
MX EMPLEADOS MP,5,2026,65.08,A,,,,,25.36,A,0.93,A,1.33,E,114.56,B
MX EMPLEADOS DINANT,5,2026,75.45,A,,,,,19.82,A,0.53,B,0.69,E,114.98,B
MX EMPLEADOS ENEE,5,2026,74.05,A,,,,,82.33,A,1.35,A,1.61,E,127.99,B
MX GILDAN VILLA NUEVA,5,2026,81.34,A,,,,,544.32,A,2.27,A,2.75,E,144.5,A
MX EMPLEADOS DEL VALLE,5,2026,92.82,A,,,,,424.26,A,1.52,A,1.62,E,132.47,B
MX EMPLEADOS UNICOMER,5,2026,87.0,A,,,,,175.05,A,0.98,A,1.09,E,107.65,C
MX ESFUERZO GENTE Y TRABAJO,5,2026,88.07,A,,,,,46.52,A,0.88,A,0.99,E,124.95,B
MX IGUALDAD,5,2026,71.52,A,,,,,25.55,A,1.73,A,2.39,E,127.64,B
MX LA PROSPERIDAD,5,2026,41.79,A,,,,,21.2,A,0.42,D,0.89,E,106.89,C
MX LEMPIRA SUR,5,2026,27.15,A,,,,,22.36,A,0.73,A,2.59,E,115.11,B
MX MEDICA HONDUREÑA,5,2026,56.01,A,,,,,20.72,A,-1.56,E,-2.58,E,76.32,D
MX MUJERES EN ACCION,5,2026,37.28,A,,,,,33.19,A,0.4,D,1.03,E,107.46,C
MX MUJERES UNIDAS,5,2026,-91.41,E,,,,,5.81,D,-0.2,E,0.07,E,96.45,C
MX MULTIPARTICIPATIVA,5,2026,83.31,A,,,,,34.73,A,1.94,A,2.25,E,134.34,B
MX PORTEÑA,5,2026,40.02,A,,,,,6.04,D,0.23,E,0.51,E,102.91,C
MX PRODUCTORES INTEGRADOS,5,2026,28.65,A,,,,,17.99,A,0.36,D,1.16,E,105.87,C
MX REGIONAL GUALEMA,5,2026,23.17,A,,,,,51.17,A,1.48,A,6.07,D,153.06,A
MX SABANA GRANDE,5,2026,41.2,A,,,,,10.03,B,1.04,A,2.44,E,123.05,B
MX SAN ISIDRO,5,2026,36.52,A,,,,,6.33,D,0.31,D,0.78,E,105.09,C
MX UNIDAS PARA PROGRESAR,5,2026,33.04,A,,,,,18.51,A,1.13,A,3.02,E,116.26,B
MX USULA,5,2026,39.05,A,,,,,24.58,A,0.5,B,1.24,E,110.81,B
15 DE SEPTIEMBRE,6,2026,42.3,A,,,,,9.92,B,1.17,A,2.64,E,124.51,B
4 DE JUNIO,6,2026,46.02,A,,,,,23.02,A,0.6,B,1.25,E,108.45,C
APAGUIZ,6,2026,33.28,A,,,,,38.27,A,0.85,A,2.47,E,122.92,B
ARSENAULT,6,2026,23.6,A,,,,,22.11,A,0.11,E,0.45,E,102.19,C
BECERRA,6,2026,21.48,A,,,,,37.42,A,2.23,A,9.78,C,143.82,A
CACEENP,6,2026,37.4,A,,,,,5.14,E,0.57,B,1.43,E,109.95,C
CAMPAMENTO,6,2026,36.37,A,,,,,22.03,A,0.94,A,2.41,E,116.87,B
CEIBEÑA,6,2026,28.74,A,,,,,18.16,A,0.31,D,1.02,E,104.85,C
CHOROTEGA,6,2026,39.42,A,,,,,8.7,C,0.62,B,1.51,E,112.59,B
CUNA MAYA,6,2026,19.22,A,,,,,12.28,A,-0.28,E,-1.39,E,96.51,C
EMPLEADOS UNAH,6,2026,65.66,A,,,,,11.56,B,2.07,A,2.93,E,137.11,B
EMPLEADOS PODER JUDICIAL,6,2026,62.63,A,,,,,47.51,A,2.69,A,4.2,E,162.93,A
EDNE,6,2026,75.18,A,,,,,234.46,A,1.05,A,1.19,E,113.38,B
COACEHL,6,2026,62.28,A,,,,,29.92,A,1.09,A,1.71,E,123.49,B
EL NEGRITO,6,2026,28.75,A,,,,,27.17,A,0.29,E,0.94,E,104.25,C
EL PORVENIR,6,2026,47.38,A,,,,,33.64,A,0.32,D,0.64,E,106.7,C
ELGA,6,2026,42.53,A,,,,,35.92,A,0.2,E,0.46,E,104.26,C
EMPLEADOS BANPAIS,6,2026,86.36,A,,,,,73.79,A,0.47,C,0.54,E,109.59,C
EMPLEADOS CEMCOL,6,2026,21.97,A,,,,,9.75,B,0.01,E,0.05,E,100.14,C
CECOEL,6,2026,71.24,A,,,,,24.05,A,1.88,A,2.63,E,135.19,B
CACEINTOL,6,2026,40.9,A,,,,,14.97,A,1.21,A,2.79,E,118.25,B
EMPLEADOS IHSS,6,2026,71.54,A,,,,,35.94,A,1.86,A,2.51,E,127.17,B
EMPLEADOS LA REYNA Y STIBYS,6,2026,60.13,A,,,,,17.44,A,1.99,A,3.24,E,144.54,A
ULTRAJET,6,2026,67.13,A,,,,,27.0,A,0.83,A,1.17,E,117.16,B
CACESPROL,6,2026,86.85,A,,,,,48.68,A,0.96,A,1.1,E,121.69,B
ESFUERZO LANGÜEÑO,6,2026,23.36,A,,,,,14.01,A,1.87,A,7.51,D,158.81,A
FE Y ESPERANZA,6,2026,43.94,A,,,,,22.26,A,0.17,E,0.36,E,102.56,C
FINACOOP,6,2026,33.68,A,,,,,12.24,A,0.15,E,0.37,E,101.85,C
FRATERNIDAD PESPIRENSE,6,2026,53.39,A,,,,,5.58,D,0.57,B,1.04,E,113.73,B
FRONTERIZA INTIBUCANA,6,2026,17.55,A,,,,,27.33,A,1.42,A,7.98,D,143.34,A
GUANAJA,6,2026,33.78,A,,,,,24.7,A,0.56,B,1.59,E,112.18,B
CACIBSCOL,6,2026,57.68,A,,,,,10.8,B,0.53,B,0.89,E,109.65,C
CACIL,6,2026,21.81,A,,,,,13.37,A,0.27,E,1.22,E,106.53,C
INVERSIONES HONDURAS,6,2026,42.47,A,,,,,21.13,A,0.8,A,1.86,E,114.49,B
JUTICALPA,6,2026,30.87,A,,,,,34.52,A,0.91,A,2.89,E,122.26,B
LA GUADALUPE,6,2026,43.26,A,,,,,14.64,A,1.03,A,2.29,E,125.68,B
MAS QUE VENCEDORES,6,2026,60.05,A,,,,,39.99,A,-0.1,E,-0.17,E,98.35,C
NUEVA VIDA,6,2026,51.83,A,,,,,28.51,A,1.07,A,1.99,E,125.68,B
OCOTEPEQUE,6,2026,24.57,A,,,,,15.53,A,1.29,A,5.05,E,130.89,B
PACURA AGUAN,6,2026,24.35,A,,,,,60.51,A,0.49,C,1.94,E,109.83,C
PINALEJO,6,2026,29.87,A,,,,,13.78,A,0.0,E,0.01,E,100.05,C
PROSPERIDAD,6,2026,67.4,A,,,,,30.05,A,-1.02,E,-1.33,E,85.14,D
RIO GRANDE,6,2026,28.73,A,,,,,7.53,D,0.87,A,2.97,E,119.36,B
SAGRADA FAMILIA,6,2026,39.97,A,,,,,12.43,A,0.81,A,1.85,E,114.93,B
SAN ANDRES,6,2026,31.99,A,,,,,15.61,A,1.29,A,3.72,E,133.03,B
MARIA CLARET,6,2026,19.98,A,,,,,11.68,B,0.34,D,1.65,E,105.7,C
SAN MARQUEÑA,6,2026,51.47,A,,,,,26.25,A,0.81,A,1.51,E,114.85,B
CAYCSOL,6,2026,16.68,A,,,,,23.76,A,0.32,D,1.84,E,105.53,C
TALANGA,6,2026,28.71,A,,,,,23.99,A,0.53,B,1.79,E,111.27,B
TAULABE,6,2026,30.4,A,,,,,6.38,D,0.25,E,0.76,E,105.31,C
CACSULACTA,6,2026,88.5,A,,,,,87.78,A,1.94,A,2.15,E,136.43,B
TROJES,6,2026,43.7,A,,,,,82.46,A,0.5,B,1.05,E,110.89,B
VICENTE DANTONI,6,2026,41.67,A,,,,,9.47,B,0.34,D,0.78,E,105.75,C
COOPACYL,6,2026,27.13,A,,,,,13.64,A,2.83,A,9.53,C,158.27,A
YUSCARAN,6,2026,57.1,A,,,,,29.24,A,0.04,E,0.05,E,100.5,C
MX AHORRA MAS,6,2026,90.76,A,,,,,106.99,A,0.64,B,0.7,E,117.53,B
MX COMEGA,6,2026,52.49,A,,,,,16.45,A,0.34,D,0.63,E,102.94,C
MX EMPLEADOS BANCAHSA,6,2026,82.97,A,,,,,23.01,A,0.89,A,1.07,E,129.22,B
MX CEMENTEROS DEL NORTE,6,2026,86.34,A,,,,,42.33,A,1.75,A,2.01,E,119.8,B
MX EMPLEADOS VICENTE CACERES,6,2026,76.26,A,,,,,145.21,A,3.55,A,4.42,E,183.68,A
MX COMESULAL,6,2026,81.66,A,,,,,45.46,A,1.93,A,2.35,E,141.67,B
MX COMESA,6,2026,88.89,A,,,,,72.64,A,2.56,A,2.86,E,146.42,A
MX ZIP BUENA VISTA,6,2026,39.11,A,,,,,20.58,A,1.24,A,2.76,E,114.3,B
MX JUBILADOS 17 SEPTIEMBRE,6,2026,79.39,A,,,,,130.24,A,2.91,A,3.62,E,164.86,A
MX COMITRAFABAL,6,2026,69.88,A,,,,,36.94,A,0.84,A,1.15,E,117.6,B
MX EL CORTIJO,6,2026,59.71,A,,,,,59.5,A,3.15,A,5.16,E,141.21,B
MX EMPLEADOS BANCOCCI,6,2026,91.9,A,,,,,84.82,A,0.67,A,0.71,E,115.62,B
MX EMPLEADOS MP,6,2026,65.78,A,,,,,64.8,A,1.13,A,1.59,E,114.56,B
MX EMPLEADOS DINANT,6,2026,74.99,A,,,,,39.23,A,0.66,A,0.88,E,116.35,B
MX EMPLEADOS ENEE,6,2026,73.2,A,,,,,102.16,A,1.54,A,1.86,E,126.44,B
MX EMPLEADOS DEL VALLE,6,2026,92.53,A,,,,,190.73,A,1.68,A,1.8,E,129.43,B
MX EMPLEADOS UNICOMER,6,2026,85.85,A,,,,,227.04,A,0.92,A,1.04,E,106.19,C
MX ESFUERZO GENTE Y TRABAJO,6,2026,88.61,A,,,,,122.06,A,0.98,A,1.1,E,122.72,B
MX IGUALDAD,6,2026,69.51,A,,,,,24.07,A,2.18,A,3.11,E,129.72,B
MX LA PROSPERIDAD,6,2026,41.6,A,,,,,23.98,A,0.21,E,0.46,E,102.83,C
MX LEMPIRA SUR,6,2026,26.87,A,,,,,21.25,A,0.74,A,2.68,E,112.78,B
MX MEDICA HONDUREÑA,6,2026,55.95,A,,,,,13.97,A,-1.59,E,-2.63,E,79.81,D
MX MUJERES EN ACCION,6,2026,37.06,A,,,,,20.65,A,0.54,B,1.39,E,108.53,C
MX MUJERES UNIDAS,6,2026,-90.71,E,,,,,5.48,D,-0.3,E,0.11,E,95.7,C
MX MULTIPARTICIPATIVA,6,2026,83.48,A,,,,,24.63,A,2.37,A,2.74,E,135.12,B
MX PORTEÑA,6,2026,40.69,A,,,,,5.61,D,0.18,E,0.38,E,101.96,C
MX PRODUCTORES INTEGRADOS,6,2026,32.36,A,,,,,12.19,A,0.36,D,1.05,E,105.05,C
MX REGIONAL GUALEMA,6,2026,23.46,A,,,,,52.59,A,1.88,A,7.63,D,157.25,A
MX SABANA GRANDE,6,2026,40.71,A,,,,,9.72,B,1.18,A,2.8,E,122.12,B
MX SAN ISIDRO,6,2026,36.76,A,,,,,6.92,D,0.34,D,0.83,E,104.5,C
MX UNIDAS PARA PROGRESAR,6,2026,33.19,A,,,,,13.23,A,1.08,A,2.87,E,113.01,B
MX USULA,6,2026,38.98,A,,,,,23.25,A,0.56,B,1.38,E,110.01,B
